"15,405","15,406","15,407","15,408","15,409","15,410","15,411","15,412","15,413","15,414","15,415","15,416","15,417","15,418","15,419","15,420","15,421","15,422","15,423","15,424","15,425","15,426","15,427","15,428","15,429","15,430","15,431","15,432","15,433","15,434","15,435","15,436","15,437","15,438","15,439","15,440","15,441","15,442","15,443","15,444","15,445","15,446","15,447","15,448","15,449","15,450","15,451","15,452","15,453","15,454","15,455","15,456","15,457","15,458","15,459","15,460","15,461","15,462","15,463","15,464","15,465","15,466","15,467","15,468","15,469","15,470","15,471","15,472","15,473","15,474","15,475","15,476","15,477","15,478","15,479","15,480","15,481","15,482","15,483","15,484"
Total >>>,,,,,,,,,,,,"6,311","6,192",409,388,0,0,"1,258",854,"3,246","3,283",5,44,50,406,11,0,793,"7,735",7,206,595,"5,439","1,341","2,267","1,075",0,,,,,,,,,,,,,,,,,,"978,315","61,716",0,"191,743","572,167",970,"9,677","2,174","148,791","1,451","88,192","303,144","550,292","267,195",0,,"3,175,827","3,118,716","57,111",,,,,,
Average >>,,,,,,,,,,,,,,,,,,,,,,,,,,,,,,,,,,,,,,,,,,,,,,,,,,,,,,,,,,,,,,,,,,,,,,,,,,,,,,,
Vendor >>,BSML,BSML,BSML,BSML,,BSML,BSML,BSML,BSML,,,BSML,BSML,BSML,BSML,BSML,BSML,BSML,BSML,BSML,BSML,BSML,BSML,BSML,BSML,BSML,BSML,BSML,BSML,BSML,BSML,BSML,BSML,BSML,BSML,BSML,BSML,BSML,BSML,BSML,BSML,BSML,BSML,BSML,BSML,BSML,BSML,BSML,BSML,BSML,BSML,BSML,BSML,BSML,BSML,BSML,BSML,BSML,BSML,BSML,BSML,BSML,BSML,BSML,BSML,BSML,BSML,BSML,BSML,BSML,BSML,BSML,BSML,BSML,BSML,BSML,BSML,BSML,BSML
Lookup>>,,,,,,,,,,,,33,34,35,36,37,38,39,40,41,42,43,44,45,46,47,48,49,50,51,52,53,54,55,56,57,58,,58,59,60,61,62,63,64,65,66,67,68,69,70,71,72,,01,02,03,04,05,06,07,08,09,10,11,12,13,14,15,,,,,,,,,,
Qty >>,,Chicken,Bismillaha Chicken Center,,,,,,,,,Kg,Pcs,Kg,Pcs,Kg,Pcs,Kg,Pcs,Kg,Pcs,Kg,Pcs,Kg,Pcs,Kg,Pcs,Kg,Pcs,Kg,Pcs,Kg,Pcs,Kg,Kg,Kg,,,,,,,,,,,,,,,,,,,,,,,,,,,,,,,,,,,,,,,,,,,
Header >>,,Blank,Blank,,,,,,,,,Qty,Qty,Qty,Qty,Qty,Qty,Qty,Qty,Qty,Qty,Qty,Qty,Qty,Qty,Qty,Qty,Qty,Qty,Qty,Qty,Qty,Qty,Qty,Qty,Qty,Qty,,Rate,Rate,Rate,Rate,Rate,Rate,Rate,Rate,Rate,Rate,Rate,Rate,Rate,Rate,Rate,,Amount,Amount,Amount,Amount,Amount,Amount,Amount,Amount,Amount,Amount,Amount,Amount,Amount,Amount,Amount,,,,,,Blank,Blank,Blank,Blank,
Bill Date,Description,Item Name,Vendor Name,Bill Amount,Border,Day,Week,Month,Bill Generated,Month Start,Border,FF OUT,FF OUT,GLL,GLL,AFF,AFF,SKIN OUT,SKIN OUT,TDR,TDR,BRR,BRR,CRR,CRR,KBB,KBB,KLL,KLL,LPP,LPP,WNG,WNG,SWW,CBL,TBL,OTH,Border,FF OUT,GLL,AFF,SKIN OUT,TDR,BRR,CRR,KBB,KLL,LPP,WNG,SWW,CBL,TBL,OTH,Border,FF OUT,GLL,AFF,SKIN OUT,TDR,BRR,CRR,KBB,KLL,LPP,WNG,SWW,CBL,TBL,OTH,Border,Total,Weekly Bill,Balance,Border,Date,Day,Week,Month,Border
Bill Date,Description,Item Name,Vendor Name,Bill Amount,Border,Day,Week,Month,Bill Generated,Month Start,Border,FF OUT_Kg_Qty,FF OUT_Pcs_Qty,GLL_Kg_Qty,GLL_Pcs_Qty,AFF_Kg_Qty,AFF_Pcs_Qty,SKIN OUT_Kg_Qty,SKIN OUT_Pcs_Qty,TDR_Kg_Qty,TDR_Pcs_Qty,BRR_Kg_Qty,BRR_Pcs_Qty,CRR_Kg_Qty,CRR_Pcs_Qty,KBB_Kg_Qty,KBB_Pcs_Qty,KLL_Kg_Qty,KLL_Pcs_Qty,LPP_Kg_Qty,LPP_Pcs_Qty,WNG_Kg_Qty,WNG_Pcs_Qty,SWW_Kg_Qty,CBL_Kg_Qty,TBL_Kg_Qty,OTH__Qty,Border,_FF OUT_Rate,_GLL_Rate,_AFF_Rate,_SKIN OUT_Rate,_TDR_Rate,_BRR_Rate,_CRR_Rate,_KBB_Rate,_KLL_Rate,_LPP_Rate,_WNG_Rate,_SWW_Rate,_CBL_Rate,_TBL_Rate,_OTH_Rate,Border,_FF OUT_Amount,_GLL_Amount,_AFF_Amount,_SKIN OUT_Amount,_TDR_Amount,_BRR_Amount,_CRR_Amount,_KBB_Amount,_KLL_Amount,_LPP_Amount,_WNG_Amount,_SWW_Amount,_CBL_Amount,_TBL_Amount,_OTH_Amount,Border,Total,Weekly Bill,Balance,Border,Date,Day,Week,Month,Border
01-Dec-22,,Blank,Blank,,,Thursday,WEEK 48,09_December,,Yes,,,,,,,,,,,,,,,,,,,,,,,,,,,0,,153,153,153,173,173,173,173,173,188,193,153,224,245,245,0,,0,0,0,0,0,0,0,0,0,0,0,0,0,0,0,,0,,0,,Blank,Blank,Blank,Blank,
02-Dec-22,,Blank,Blank,,,Friday,WEEK 48,09_December,,,,,,,,,,,,,,,,,,,,,,,,,,,,,0,,153,153,153,173,173,173,173,173,188,193,153,224,245,245,0,,0,0,0,0,0,0,0,0,0,0,0,0,0,0,0,,0,,0,,Blank,Blank,Blank,Blank,
03-Dec-22,,Blank,Blank,,,Saturday,WEEK 48,09_December,,,,,,,,,,,,,,,,,,,,,,,,,,,,,0,,156,156,156,177,177,177,177,177,192,197,156,229,250,250,0,,0,0,0,0,0,0,0,0,0,0,0,0,0,0,0,,0,,0,,Blank,Blank,Blank,Blank,
04-Dec-22,,Blank,Blank,,,Sunday,WEEK 48,09_December,,,,,,,,,,,,,,,,,,,,,,,,,,,,,0,,164,164,164,185,185,185,185,185,200,205,164,240,262,262,0,,0,0,0,0,0,0,0,0,0,0,0,0,0,0,0,,0,,0,,Blank,Blank,Blank,Blank,
05-Dec-22,,Blank,Blank,,,Monday,WEEK 49,09_December,,,,,,,,,,,,,,,,,,,,,,,,,,,,,0,,164,164,164,185,185,185,185,185,200,205,164,240,262,262,0,,0,0,0,0,0,0,0,0,0,0,0,0,0,0,0,,0,,0,,Blank,Blank,Blank,Blank,
06-Dec-22,,Blank,Blank,,,Tuesday,WEEK 49,09_December,,,,,,,,,,,,,,,,,,,,,,,,,,,,,0,,155,155,155,175,175,175,175,175,190,195,155,227,247,247,0,,0,0,0,0,0,0,0,0,0,0,0,0,0,0,0,,0,,0,,Blank,Blank,Blank,Blank,
07-Dec-22,,Blank,Blank,,,Wednesday,WEEK 49,09_December,,,,,,,,,,,,,,,,,,,,,,,,,,,,,0,,158,158,158,179,179,179,179,179,194,199,158,231,252,252,0,,0,0,0,0,0,0,0,0,0,0,0,0,0,0,0,,0,,0,,Blank,Blank,Blank,Blank,
08-Dec-22,,Blank,Blank,,,Thursday,WEEK 49,09_December,,,,,,,,,,,,,,,,,,,,,,,,,,,,,0,,158,158,158,179,179,179,179,179,194,199,158,231,252,252,0,,0,0,0,0,0,0,0,0,0,0,0,0,0,0,0,,0,,0,,Blank,Blank,Blank,Blank,
09-Dec-22,,Blank,Blank,,,Friday,WEEK 49,09_December,,,,,,,,,,,,,,,,,,,,,,,,,,,,,0,,158,158,158,179,179,179,179,179,194,199,158,231,252,252,0,,0,0,0,0,0,0,0,0,0,0,0,0,0,0,0,,0,,0,,Blank,Blank,Blank,Blank,
10-Dec-22,,Blank,Blank,,,Saturday,WEEK 49,09_December,,,,,,,,,,,,,,,,,,,,,,,,,,,,,0,,161,161,161,182,182,182,182,182,197,202,161,235,257,257,0,,0,0,0,0,0,0,0,0,0,0,0,0,0,0,0,,0,,0,,Blank,Blank,Blank,Blank,
11-Dec-22,,Blank,Blank,,,Sunday,WEEK 49,09_December,,,,,,,,,,,,,,,,,,,,,,,,,,,,,0,,168,168,168,190,190,190,190,190,205,210,168,246,269,269,0,,0,0,0,0,0,0,0,0,0,0,0,0,0,0,0,,0,,0,,Blank,Blank,Blank,Blank,
12-Dec-22,,Blank,Blank,,,Monday,WEEK 50,09_December,,,,,,,,,,,,,,,,,,,,,,,,,,,,,0,,168,168,168,190,190,190,190,190,205,210,168,246,269,269,0,,0,0,0,0,0,0,0,0,0,0,0,0,0,0,0,,0,,0,,Blank,Blank,Blank,Blank,
13-Dec-22,,Blank,Blank,,,Tuesday,WEEK 50,09_December,,,,,,,,,,,,,,,,,,,,,,,,,,,,,0,,173,173,173,196,196,196,196,196,211,216,173,253,276,276,0,,0,0,0,0,0,0,0,0,0,0,0,0,0,0,0,,0,,0,,Blank,Blank,Blank,Blank,
14-Dec-22,,Blank,Blank,,,Wednesday,WEEK 50,09_December,,,,,,,,,,,,,,,,,,,,,,,,,,,,,0,,176,176,176,199,199,199,199,199,214,219,176,257,281,281,0,,0,0,0,0,0,0,0,0,0,0,0,0,0,0,0,,0,,0,,Blank,Blank,Blank,Blank,
15-Dec-22,,Blank,Blank,,,Thursday,WEEK 50,09_December,,,,9.8,8,,,,,13,10,8.3,10,,,,,,,2.7,28,0.8,12,,,5,8,4,0,,162,162,162,184,184,184,184,184,199,204,162,238,259,259,0,,1588,0,0,2392,1527,0,0,0,537,163,0,1190,2072,1036,0,,10505,,10505,,Blank,Blank,Blank,Blank,
16-Dec-22,,Blank,Blank,,,Friday,WEEK 50,09_December,,,,9.7,,,,,,,,9.5,,,,,,,,,,,,,,,3,,0,,167,167,167,189,189,189,189,189,204,209,167,244,266,266,0,,1620,0,0,0,1796,0,0,0,0,0,0,0,798,0,0,,4214,,14719,,Blank,Blank,Blank,Blank,
17-Dec-22,,Blank,Blank,,,Saturday,WEEK 50,09_December,,,,12.6,,,,,,,,15.1,15,5,44,6,,3,,,,,,,,,10,2,0,,171,171,171,194,194,194,194,194,209,214,171,251,274,274,0,,2155,0,0,0,2929,970,1164,582,0,0,0,0,2740,548,0,,11088,,25807,,Blank,Blank,Blank,Blank,
18-Dec-22,,Chicken,Bismillaha Chicken Center,"32,744",,Sunday,WEEK 50,09_December,Yes,,,10.21,9,,,,,5.25,,9.52,11,,,2,,2,,,,,,,,,5,,0,,176,176,176,199,199,199,199,199,214,219,176,257,281,281,0,,1797,0,0,1045,1894,0,398,398,0,0,0,0,1405,0,0,,6937,32744,0,,18-Dec-22,Sunday,WEEK 50,09_December,
19-Dec-22,,Blank,Blank,,,Monday,WEEK 51,09_December,,,,8.6,,,,,,,,,,,,2,,,,,,,,,,,5,2,0,,168,168,168,190,190,190,190,190,205,210,168,246,269,269,0,,1445,0,0,0,0,0,380,0,0,0,0,0,1345,538,0,,3708,,3708,,Blank,Blank,Blank,Blank,
20-Dec-22,,Blank,Blank,,,Tuesday,WEEK 51,09_December,,,,,,,,,,,,4.5,5,,,7,,,,,,,,,,,5,,0,,173,173,173,196,196,196,196,196,211,216,173,253,276,276,0,,0,0,0,0,882,0,1372,0,0,0,0,0,1380,0,0,,3634,,7342,,Blank,Blank,Blank,Blank,
21-Dec-22,,Blank,Blank,,,Wednesday,WEEK 51,09_December,,,,10.4,9,,,,,,,,,,,8,,,,,,,,,,5,5,,0,,173,173,173,196,196,196,196,196,211,216,173,253,276,276,0,,1799,0,0,0,0,0,1568,0,0,0,0,1265,1380,0,0,,6012,,13354,,Blank,Blank,Blank,Blank,
22-Dec-22,,Blank,Blank,,,Thursday,WEEK 51,09_December,,,,10.92,10,0,0,0,0,0,0,8,9,0,0,5,0,6,0,0,0,0,,0,0,2,7,0,0,,176,176,176,199,199,199,199,199,214,219,176,257,281,281,0,,1922,0,0,0,1592,0,995,1194,0,0,0,514,1967,0,0,,8184,,21538,,Blank,Blank,Blank,Blank,
23-Dec-22,,Blank,Blank,,,Friday,WEEK 51,09_December,,,,0,0,17.3,19,0,0,0,0,9.4,10,0,0,0,0,0,0,4,40,0,0,0,0,8,10,4.3,0,,176,176,176,199,199,199,199,199,214,219,176,257,281,281,0,,0,3045,0,0,1871,0,0,0,856,0,0,2056,2810,1208,0,,11846,,33384,,Blank,Blank,Blank,Blank,
24-Dec-22,,Blank,Blank,,,Saturday,WEEK 51,09_December,,,,0,0,17.5,15,0,0,0,0,0,0,0,0,0,0,0,0,5,48,0,0,0,0,0,8,6,0,,176,176,176,199,199,199,199,199,214,219,176,257,281,281,0,,0,3080,0,0,0,0,0,0,1070,0,0,0,2248,1686,0,,8084,,41468,,Blank,Blank,Blank,Blank,
25-Dec-22,,Chicken,Bismillaha Chicken Center,"49,148",,Sunday,WEEK 51,09_December,Yes,,,0,0,15.6,15,0,0,0,0,5.7,6,0,0,0,0,0,0,2,20,0,0,0,0,0,8,4,0,,176,176,176,199,199,199,199,199,214,219,176,257,281,281,0,,0,2746,0,0,1134,0,0,0,428,0,0,0,2248,1124,0,,7680,49148,0,,25-Dec-22,Sunday,WEEK 51,09_December,
26-Dec-22,,Blank,Blank,,,Monday,WEEK 52,09_December,,,,0,0,0,0,0,0,0,0,0,0,0,0,0,0,0,0,0,0,0,0,0,0,0,0,0,0,,150,150,150,170,170,170,170,170,185,190,150,220,240,240,0,,0,0,0,0,0,0,0,0,0,0,0,0,0,0,0,,0,,0,,Blank,Blank,Blank,Blank,
27-Dec-22,,Blank,Blank,,,Tuesday,WEEK 52,09_December,,,,0,0,0,0,0,0,0,0,0,0,0,0,0,0,0,0,0,0,0,0,0,0,0,0,0,0,,150,150,150,170,170,170,170,170,185,190,150,220,240,240,0,,0,0,0,0,0,0,0,0,0,0,0,0,0,0,0,,0,,0,,Blank,Blank,Blank,Blank,
28-Dec-22,,Blank,Blank,,,Wednesday,WEEK 52,09_December,,,,0,0,0,0,0,0,0,0,0,0,0,0,0,0,0,0,0,0,0,0,0,0,0,0,0,0,,158,158,158,179,179,179,179,179,194,199,158,231,252,252,0,,0,0,0,0,0,0,0,0,0,0,0,0,0,0,0,,0,,0,,Blank,Blank,Blank,Blank,
29-Dec-22,,Blank,Blank,,,Thursday,WEEK 52,09_December,,,,0,0,0,0,0,0,0,0,0,0,0,0,0,0,0,0,0,0,0,0,0,0,0,0,0,0,,161,161,161,182,182,182,182,182,197,202,161,235,257,257,0,,0,0,0,0,0,0,0,0,0,0,0,0,0,0,0,,0,,0,,Blank,Blank,Blank,Blank,
30-Dec-22,,Blank,Blank,,,Friday,WEEK 52,09_December,,,,0,0,22,19,0,0,0,0,9,10,0,0,5,107,0,0,2,21,0,0,0,0,4,7.5,0,0,,165,165,165,187,187,187,187,187,202,207,165,242,264,264,0,,0,3630,0,0,1683,0,935,0,404,0,0,968,1980,0,0,,9600,,9600,,Blank,Blank,Blank,Blank,
31-Dec-22,,Chicken,Bismillaha Chicken Center,"18,325",,Saturday,WEEK 52,09_December,Yes,,,0,0,4.9,5,0,0,0,0,4.2,5,0,0,5,100,0,0,5,45,2.8,97,0,0,5,12,0,0,,170,170,170,192,192,192,192,192,207,212,170,249,271,271,0,,0,833,0,0,806,0,960,0,1035,594,0,1245,3252,0,0,,8725,18325,0,,31-Dec-22,Saturday,WEEK 52,09_December,
01-Jan-23,,Chicken,Bismillaha Chicken Center,"8,621",,Sunday,WEEK 52,10_January,Yes,Yes,,0,0,5.4,5,0,0,0,0,4.5,5,0,0,5,102,0,0,5,44,3.2,97,0,0,5,10,0,0,,174,174,174,197,197,197,197,197,212,217,174,255,278,278,0,,0,940,0,0,887,0,985,0,1060,694,0,1275,2780,0,0,,8621,8621,0,,01-Jan-23,Sunday,WEEK 52,10_January,
02-Jan-23,,Blank,Blank,,,Monday,WEEK 1,10_January,,,,0,0,0,0,0,0,0,0,0,0,0,0,0,0,0,0,0,0,0,0,0,0,0,0,0,0,,158,158,158,179,179,179,179,179,194,199,158,231,252,252,0,,0,0,0,0,0,0,0,0,0,0,0,0,0,0,0,,0,,0,,Blank,Blank,Blank,Blank,
03-Jan-23,,Blank,Blank,,,Tuesday,WEEK 1,10_January,,,,0,0,0,0,0,0,0,0,0,0,0,0,0,0,0,0,0,0,0,0,0,0,0,0,0,0,,162,162,162,184,184,184,184,184,199,204,162,238,259,259,0,,0,0,0,0,0,0,0,0,0,0,0,0,0,0,0,,0,,0,,Blank,Blank,Blank,Blank,
04-Jan-23,,Chicken,Bismillaha Chicken Center,"3,544",,Wednesday,WEEK 1,10_January,Yes,,,0,0,0,0,0,0,0,0,0,0,0,0,5,97,0,0,2,18,0,0,0,0,5,4,0,0,,162,162,162,184,184,184,184,184,199,204,162,238,259,259,0,,0,0,0,0,0,0,920,0,398,0,0,1190,1036,0,0,,3544,3544,0,,04-Jan-23,Wednesday,WEEK 1,10_January,
10-Jan-23,,Blank,Blank,,,Tuesday,WEEK 2,10_January,,,,0,0,20.39,19,0,0,0,0,8.39,10,0,0,0,0,0,0,2.02,20,0,0,0,0,0,0,0,0,,168,168,168,190,190,190,190,190,205,210,168,246,269,269,0,,0,3426,0,0,1594,0,0,0,414,0,0,0,0,0,0,,5434,,5434,,Blank,Blank,Blank,Blank,
11-Jan-23,,Blank,Blank,,,Wednesday,WEEK 2,10_January,,,,0,,14.3,13,0,0,0,0,6.9,8,0,0,0,0,0,0,2,21,0,0,0,0,0,0,0,0,,153,153,153,173,173,173,173,173,188,193,153,224,245,245,0,,0,2188,0,0,1194,0,0,0,376,0,0,0,0,0,0,,3758,,9192,,Blank,Blank,Blank,Blank,
12-Jan-23,,Blank,Blank,,,Thursday,WEEK 2,10_January,,,,0,0,13.2,12,0,0,0,0,5.6,7,0,0,0,0,0,0,2,19,0,0,0,0,0,0,0,0,,153,153,153,173,173,173,173,173,188,193,153,224,245,245,0,,0,2020,0,0,969,0,0,0,376,0,0,0,0,0,0,,3365,,12557,,Blank,Blank,Blank,Blank,
13-Jan-23,,Blank,Blank,,,Friday,WEEK 2,10_January,,,,0,0,14.2,13,0,0,0,0,8,9,0,0,0,0,0,0,2,20,0,0,0,0,0,8,0,0,,158,158,158,179,179,179,179,179,194,199,158,231,252,252,0,,0,2244,0,0,1432,0,0,0,388,0,0,0,2016,0,0,,6080,,18637,,Blank,Blank,Blank,Blank,
14-Jan-23,,Blank,Blank,,,Saturday,WEEK 2,10_January,,,,0,0,26.6,25,0,0,0,0,8.6,10,0,0,0,0,0,0,3,28,0,0,0,0,0,6,,0,,161,161,161,182,182,182,182,182,197,202,161,235,257,257,0,,0,4283,0,0,1565,0,0,0,591,0,0,0,1542,0,0,,7981,,26618,,Blank,Blank,Blank,Blank,
15-Jan-23,,Chicken,Bismillaha Chicken Center,"32,002",,Sunday,WEEK 2,10_January,Yes,,,0,0,21.95,20,0,0,0,0,8,10,0,0,0,0,0,0,2,20,0,0,0,0,0,0,0,0,,161,161,161,182,182,182,182,182,197,202,161,235,257,257,0,,0,3534,0,0,1456,0,0,0,394,0,0,0,0,0,0,,5384,32002,0,,15-Jan-23,Sunday,WEEK 2,10_January,
16-Jan-23,,Blank,Blank,,,Monday,WEEK 3,10_January,,,,0,0,0,0,0,0,0,0,0,0,0,0,0,0,0,0,0,0,0,0,0,0,0,0,0,0,,161,161,161,182,182,182,182,182,197,202,161,235,257,257,0,,0,0,0,0,0,0,0,0,0,0,0,0,0,0,0,,0,,0,,Blank,Blank,Blank,Blank,
17-Jan-23,,Blank,Blank,,,Tuesday,WEEK 3,10_January,,,,0,0,0,0,0,0,0,0,0,0,0,0,0,0,0,0,0,0,0,,0,0,0,0,,0,,141,141,141,160,160,160,160,160,175,180,141,207,226,226,0,,0,0,0,0,0,0,0,0,0,0,0,0,0,0,0,,0,,0,,Blank,Blank,Blank,Blank,
18-Jan-23,,Blank,Blank,,,Wednesday,WEEK 3,10_January,,,,0,0,11.1,10,0,0,7.8,6,0,0,0,0,0,0,0,0,2,21,0,0,0,0,0,6,0,0,,141,141,141,160,160,160,160,160,175,180,141,207,226,226,0,,0,1565,0,1248,0,0,0,0,350,0,0,0,1356,0,0,,4519,,4519,,Blank,Blank,Blank,Blank,
19-Jan-23,,Blank,Blank,,,Thursday,WEEK 3,10_January,,,,0,0,15.76,15,0,0,8.58,6,10.28,12,0,0,0,0,0,0,2,18,0,0,0,0,0,6,0,0,,135,135,135,153,153,153,153,153,168,173,135,198,216,216,0,,0,2128,0,1313,1573,0,0,0,336,0,0,0,1296,0,0,,6646,,11165,,Blank,Blank,Blank,Blank,
20-Jan-23,,Blank,Blank,,,Friday,WEEK 3,10_January,,,,0,0,22.4,20,0,0,8.4,6,15.1,20,0,0,0,0,0,0,2,19,0,0,0,0,0,6,0,0,,143,143,143,162,162,162,162,162,177,182,143,209,228,228,0,,0,3203,0,1361,2446,0,0,0,354,0,0,0,1368,0,0,,8732,,19897,,Blank,Blank,Blank,Blank,
21-Jan-23,,Blank,Blank,,,Saturday,WEEK 3,10_January,,,,0,0,11.1,10,0,0,8.3,6,8.9,10,0,0,0,0,0,0,2,20,0,0,0,0,4,6,0,0,,147,147,147,167,167,167,167,167,182,187,147,216,235,235,0,,0,1632,0,1386,1486,0,0,0,364,0,0,864,1410,0,0,,7142,,27039,,Blank,Blank,Blank,Blank,
22-Jan-23,,Chicken,Bismillaha Chicken Center,"34,777",,Sunday,WEEK 3,10_January,Yes,,,0,0,20,20,0,0,8.4,6,9,10,0,0,0,0,0,0,2,20,0,0,0,0,0,5.5,0,0,,152,152,152,172,172,172,172,172,187,192,152,222,242,242,0,,0,3040,0,1445,1548,0,0,0,374,0,0,0,1331,0,0,,7738,34777,0,,22-Jan-23,Sunday,WEEK 3,10_January,
23-Jan-23,,Blank,Blank,,,Monday,WEEK 4,10_January,,,,0,0,19,19,0,0,8.4,6,10.11,15,0,0,0,0,0,0,2,19,0,0,0,0,0,6,0,0,,152,152,152,172,172,172,172,172,187,192,152,222,242,242,0,,0,2888,0,1445,1739,0,0,0,374,0,0,0,1452,0,0,,7898,,7898,,Blank,Blank,Blank,Blank,
24-Jan-23,,Blank,Blank,,,Tuesday,WEEK 4,10_January,,,,0,0,0,0,0,0,9.4,6,0,0,0,0,0,0,0,0,2.5,22,0,0,0,0,0,8,0,0,,138,138,138,156,156,156,156,156,171,176,138,202,221,221,0,,0,0,0,1466,0,0,0,0,428,0,0,0,1768,0,0,,3662,,11560,,Blank,Blank,Blank,Blank,
25-Jan-23,,Blank,Blank,,,Wednesday,WEEK 4,10_January,,,,0,0,11,10,0,0,9.8,6,4.1,6,0,0,0,0,0,0,2,18,0,0,0,0,0,0,0,0,,125,125,125,141,141,141,141,141,156,161,125,183,199,199,0,,0,1375,0,1382,578,0,0,0,312,0,0,0,0,0,0,,3647,,15207,,Blank,Blank,Blank,Blank,
26-Jan-23,,Blank,Blank,,,Thursday,WEEK 4,10_January,,,,0,0,20,19,0,0,9.1,6,8.6,10,0,0,0,0,0,0,3,28,0,0,0,0,0,0,0,0,,128,128,128,145,145,145,145,145,160,165,128,187,204,204,0,,0,2560,0,1320,1247,0,0,0,480,0,0,0,0,0,0,,5607,,20814,,Blank,Blank,Blank,Blank,
27-Jan-23,,Blank,Blank,,,Friday,WEEK 4,10_January,,,,0,0,30,30,0,0,12.17,10,15.98,19,0,0,0,0,0,0,3,30,0,0,1.22,16,7,11.99,0,0,,131,131,131,148,148,148,148,148,163,168,131,191,209,209,0,,0,3930,0,1801,2365,0,0,0,489,0,160,1337,2506,0,0,,12588,,33402,,Blank,Blank,Blank,Blank,
28-Jan-23,,Blank,Blank,,,Saturday,WEEK 4,10_January,,,,0,0,30,30,0,0,13,10,19.4,22,0,0,0,0,0,0,3,32,0,0,0,0,5,5,0,0,,134,134,134,151,151,151,151,151,166,171,134,196,214,214,0,,0,4020,0,1963,2929,0,0,0,498,0,0,980,1070,0,0,,11460,,44862,,Blank,Blank,Blank,Blank,
29-Jan-23,,Chicken,Bismillaha Chicken Center,"44,862",,Sunday,WEEK 4,10_January,Yes,,,0,0,0,0,0,0,0,0,0,0,0,0,0,0,0,0,0,0,0,0,0,0,0,0,0,0,,140,140,140,158,158,158,158,158,173,178,140,205,223,223,0,,0,0,0,0,0,0,0,0,0,0,0,0,0,0,0,,0,44862,0,,29-Jan-23,Sunday,WEEK 4,10_January,
30-Jan-23,,Blank,Blank,,,Monday,WEEK 5,10_January,,,,0,0,0,0,0,0,10.2,8,8.1,10,0,0,0,0,0,0,1.4,16,0,0,0,0,0,7,0,0,,140,140,140,158,158,158,158,158,173,178,140,205,223,223,0,,0,0,0,1612,1280,0,0,0,242,0,0,0,1561,0,0,,4695,,4695,,Blank,Blank,Blank,Blank,
31-Jan-23,,Chicken,Bismillaha Chicken Center,"12,029",,Tuesday,WEEK 5,10_January,Yes,,,0,0,10,10,0,0,14.7,10,8.3,10,0,0,0,0,0,0,2,23,0,0,0,0,0,8,0,0,,143,143,143,162,162,162,162,162,177,182,143,209,228,228,0,,0,1430,0,2381,1345,0,0,0,354,0,0,0,1824,0,0,,7334,12029,0,,31-Jan-23,Tuesday,WEEK 5,10_January,
01-Feb-23,,Blank,Blank,,,Wednesday,WEEK 5,11_February,,,,0,0,14.97,15,0,0,0,0,0,0,0,0,0,0,0,0,3,27,0,0,0,0,0,8,0,0,,132,132,132,150,150,150,150,150,165,170,132,194,211,211,0,,0,1976,0,0,0,0,0,0,495,0,0,0,1688,0,0,,4159,,4159,,Blank,Blank,Blank,Blank,
02-Feb-23,,Blank,Blank,,,Thursday,WEEK 5,11_February,,,,20,20,0,0,0,0,0,0,8.9,10,0,0,0,0,0,0,4,43,0,0,0,0,0,10,0,0,,132,132,132,150,150,150,150,150,165,170,132,194,211,211,0,,2640,0,0,0,1335,0,0,0,660,0,0,0,2110,0,0,,6745,,10904,,Blank,Blank,Blank,Blank,
03-Feb-23,,Blank,Blank,,,Friday,WEEK 5,11_February,,,,23,23,0,0,0,0,0,0,9.21,10,0,0,0,0,0,0,2,19,0,0,0,0,0,10,0,0,,113,113,113,128,128,128,128,128,143,148,113,165,180,180,0,,2599,0,0,0,1179,0,0,0,286,0,0,0,1800,0,0,,5864,,16768,,Blank,Blank,Blank,Blank,
04-Feb-23,,Blank,Blank,,,Saturday,WEEK 5,11_February,,,,30,30,0,0,0,0,19.8,15,22.75,24,0,0,0,0,0,0,3,31,0,0,0,0,5,7,0,0,,105,105,105,119,119,119,119,119,134,139,105,154,168,168,0,,3150,0,0,2356,2707,0,0,0,402,0,0,770,1176,0,0,,10561,,27329,,Blank,Blank,Blank,Blank,
05-Feb-23,,Chicken,Bismillaha Chicken Center,"34,928",,Sunday,WEEK 5,11_February,Yes,,,18.92,20,0,0,0,0,10,7,17.43,20,0,0,0,0,0,0,3,28,0,0,0,0,5,7,0,0,,105,105,105,119,119,119,119,119,134,139,105,154,168,168,0,,1987,0,0,1190,2074,0,0,0,402,0,0,770,1176,0,0,,7599,34928,0,,05-Feb-23,Sunday,WEEK 5,11_February,
06-Feb-23,,Blank,Blank,,,Monday,WEEK 6,11_February,,,,19.6,20,0,0,0,0,20.4,14,8.34,10,0,0,0,0,0,0,4,41,0,0,0,0,8.8,10,0,0,,113,113,113,128,128,128,128,128,143,148,113,165,180,180,0,,2215,0,0,2611,1068,0,0,0,572,0,0,1452,1800,0,0,,9718,,9718,,Blank,Blank,Blank,Blank,
07-Feb-23,,Blank,Blank,,,Tuesday,WEEK 6,11_February,,,,10.11,10,0,0,0,0,10.23,8,9.26,10,0,0,0,0,0,0,2,20,0,0,0,0,5,8,3,0,,117,117,117,133,133,133,133,133,148,153,117,172,187,187,0,,1183,0,0,1361,1232,0,0,0,296,0,0,860,1496,561,0,,6989,,16707,,Blank,Blank,Blank,Blank,
08-Feb-23,,Blank,Blank,,,Wednesday,WEEK 6,11_February,,,,28,28,0,0,0,0,25.1,17,13.4,14,0,0,0,0,0,0,6,54,0,0,8,,7.5,15,8,0,,122,122,122,138,138,138,138,138,153,158,122,178,194,194,0,,3416,0,0,3464,1849,0,0,0,918,0,976,1335,2910,1552,0,,16420,,33127,,Blank,Blank,Blank,Blank,
09-Feb-23,,Blank,Blank,,,Thursday,WEEK 6,11_February,,,,50,50,0,0,0,0,30,24,14,15,0,0,0,0,0,0,6,62,0,0,3.91,0,7.5,14.9,8,0,,126,126,126,143,143,143,143,143,158,163,126,185,202,202,0,,6300,0,0,4290,2002,0,0,0,948,0,493,1388,3010,1616,0,,20047,,53174,,Blank,Blank,Blank,Blank,
10-Feb-23,,Blank,Blank,,,Friday,WEEK 6,11_February,,,,61,61,0,0,0,0,30.15,21,30.63,32,0,0,0,0,0,0,6,59,0,0,9.72,130,6.9,18,6.4,0,,131,131,131,148,148,148,148,148,163,168,131,191,209,209,0,,7991,0,0,4462,4533,0,0,0,978,0,1273,1318,3762,1338,0,,25655,,78829,,Blank,Blank,Blank,Blank,
11-Feb-23,,Blank,Blank,,,Saturday,WEEK 6,11_February,,,,60,60,0,0,0,0,25.5,20,10,10,0,0,0,0,0,0,6,61,0,0,3.1,,7.5,18,8.11,0,,135,135,135,153,153,153,153,153,168,173,135,198,216,216,0,,8100,0,0,3902,1530,0,0,0,1008,0,419,1485,3888,1752,0,,22084,,100913,,Blank,Blank,Blank,Blank,
12-Feb-23,,Chicken,Bismillaha Chicken Center,"130,455",,Sunday,WEEK 6,11_February,Yes,,,70,70,0,0,0,0,30,21,25,25,0,0,0,0,0,0,8,72,0,,9.4,0,8,25.1,5,0,,140,140,140,158,158,158,158,158,173,178,140,205,223,223,0,,9800,0,0,4740,3950,0,0,0,1384,0,1316,1640,5597,1115,0,,29542,130455,0,,12-Feb-23,Sunday,WEEK 6,11_February,
13-Feb-23,,Blank,Blank,,,Monday,WEEK 7,11_February,,,,20,20,0,0,0,0,30.4,21,14.9,15,0,0,0,0,0,0,5,47,0,0,8,0,6,15,5,0,,120,120,120,136,136,136,136,136,151,156,120,176,192,192,0,,2400,0,0,4134,2026,0,0,0,755,0,960,1056,2880,960,0,,15171,,15171,,Blank,Blank,Blank,Blank,
14-Feb-23,,Blank,Blank,,,Tuesday,WEEK 7,11_February,,,,30,30,0,0,0,0,31.2,22,0,0,0,0,0,0,0,0,5,45,0,0,4,0,6,15,7.1,0,,120,120,120,136,136,136,136,136,151,156,120,176,192,192,0,,3600,0,0,4243,0,0,0,0,755,0,480,1056,2880,1363,0,,14377,,29548,,Blank,Blank,Blank,Blank,
15-Feb-23,,Blank,Blank,,,Wednesday,WEEK 7,11_February,,,,37.8,39,0,0,0,0,30.2,21,16.8,20,0,0,0,0,0,0,7.3,73,0,,8,0,8,18.1,8,0,,110,110,110,124,124,124,124,124,139,144,110,161,175,175,0,,4158,0,0,3745,2083,0,0,0,1015,0,880,1288,3168,1400,0,,17737,,47285,,Blank,Blank,Blank,Blank,
16-Feb-23,,Blank,Blank,,,Thursday,WEEK 7,11_February,,,,78.9,82,0,0,0,0,30.6,25,40,40,0,0,0,0,0,0,6,65,0,0,10,0,12,22,6.9,0,,110,110,110,124,124,124,124,124,139,144,110,161,175,175,0,,8679,0,0,3794,4960,0,0,0,834,0,1100,1932,3850,1208,0,,26357,,73642,,Blank,Blank,Blank,Blank,
17-Feb-23,,Blank,Blank,,,Friday,WEEK 7,11_February,,,,77,77,0,0,0,0,30.7,18,30,30,0,0,0,0,0,0,8,77,0,0,7,0,12,25,9.3,0,,113,113,113,128,128,128,128,128,143,148,113,165,180,180,0,,8701,0,0,3930,3840,0,0,0,1144,0,791,1980,4500,1674,0,,26560,,100202,,Blank,Blank,Blank,Blank,
18-Feb-23,,Blank,Blank,,,Saturday,WEEK 7,11_February,,,,67,70,0,0,,,30,18,22.8,24,0,0,0,0,0,0,6.9,62,0,0,6.9,,15,20.1,8,0,,120,120,120,136,136,136,136,136,151,156,120,176,192,192,0,,8040,0,0,4080,3101,0,0,0,1042,0,828,2640,3859,1536,0,,25126,,125328,,Blank,Blank,Blank,Blank,
19-Feb-23,,Chicken,Bismillaha Chicken Center,"144,470",,Sunday,WEEK 7,11_February,Yes,,,41.6,42,0,0,0,0,21.8,10,20,20,0,0,0,0,0,0,6,45,0,0,3.29,0,9,15,8,0,,128,128,128,145,145,145,145,145,160,165,128,187,204,204,0,,5325,0,0,3161,2900,0,0,0,960,0,421,1683,3060,1632,0,,19142,144470,0,,19-Feb-23,Sunday,WEEK 7,11_February,
20-Feb-23,,Blank,Blank,,,Monday,WEEK 8,11_February,,,,20,20,0,0,0,0,19.7,17,14,15,0,0,0,0,0,0,4.2,47,0,0,4.6,0,7,11,6,0,,132,132,132,150,150,150,150,150,165,170,132,194,211,211,0,,2640,0,0,2955,2100,0,0,0,693,0,607,1358,2321,1266,0,,13940,,13940,,Blank,Blank,Blank,Blank,
21-Feb-23,,Blank,Blank,,,Tuesday,WEEK 8,11_February,,,,30.6,31,0,0,0,0,20,12,9.1,10,0,0,0,0,0,0,4.6,46,0,0,8,0,7,12.1,7,0,,140,140,140,158,158,158,158,158,173,178,140,205,223,223,0,,4284,0,0,3160,1438,0,0,0,796,0,1120,1435,2698,1561,0,,16492,,30432,,Blank,Blank,Blank,Blank,
22-Feb-23,,Blank,Blank,,,Wednesday,WEEK 8,11_February,,,,65.9,70,0,0,0,0,29.5,19,30.4,31,0,0,0,0,0,0,0,0,0,0,10,0,8,12,8.5,0,,143,143,143,162,162,162,162,162,177,182,143,209,228,228,0,,9424,0,0,4779,4925,0,0,0,0,0,1430,1672,2736,1938,0,,26904,,57336,,Blank,Blank,Blank,Blank,
23-Feb-23,,Blank,Blank,,,Thursday,WEEK 8,11_February,,,,50.1,52,0,0,0,0,39.6,27,39.5,41,0,0,0,0,0,0,8,80,0,0,5.7,0,10.1,20.1,12.2,0,,143,143,143,162,162,162,162,162,177,182,143,209,228,228,0,,7164,0,0,6415,6399,0,0,0,1416,0,815,2111,4583,2782,0,,31685,,89021,,Blank,Blank,Blank,Blank,
24-Feb-23,,Blank,Blank,,,Friday,WEEK 8,11_February,,,,87,92,0,0,0,0,30.3,,39.5,41,0,0,0,0,0,0,9,89,0,0,6.99,0,12.1,20,10.5,0,,120,120,120,136,136,136,136,136,151,156,120,176,192,192,0,,10440,0,0,4121,5372,0,0,0,1359,0,839,2130,3840,2016,0,,30117,,119138,,Blank,Blank,Blank,Blank,
25-Feb-23,,Blank,Blank,,,Saturday,WEEK 8,11_February,,,,93.8,100,0,0,0,0,19.6,15,24.1,26,0,0,0,0,0,0,7.4,73,0,0,14.1,0,14,25,12,0,,113,113,113,128,128,128,128,128,143,148,113,165,180,180,0,,10599,0,0,2509,3085,0,0,0,1058,0,1593,2310,4500,2160,0,,27814,,146952,,Blank,Blank,Blank,Blank,
26-Feb-23,,Chicken,Bismillaha Chicken Center,"163,497",,Sunday,WEEK 8,11_February,Yes,,,29.9,30,0,0,0,0,20,13,24.1,25,0,0,0,0,0,0,4.6,46,0,0,8,103,10,19.94,4,0,,113,113,113,128,128,128,128,128,143,148,113,165,180,180,0,,3379,0,0,2560,3085,0,0,0,658,0,904,1650,3589,720,0,,16545,163497,0,,26-Feb-23,Sunday,WEEK 8,11_February,
27-Feb-23,,Blank,Blank,,,Monday,WEEK 9,11_February,,,,14,14,0,0,0,0,25.3,19,10,10,0,0,0,0,0,0,5,50,0,0,7,86,8.1,12,0,0,,113,113,113,128,128,128,128,128,143,148,113,165,180,180,0,,1582,0,0,3238,1280,0,0,0,715,0,791,1337,2160,0,0,,11103,,11103,,Blank,Blank,Blank,Blank,
28-Feb-23,,Chicken,Bismillaha Chicken Center,"30,032",,Tuesday,WEEK 9,11_February,Yes,,,70.82,79,0,0,0,0,25.34,19,9.14,10,0,0,0,0,0,0,2,20,0,0,0,0,8,15,6,0,,120,120,120,136,136,136,136,136,151,156,120,176,192,192,0,,8498,0,0,3446,1243,0,0,0,302,0,0,1408,2880,1152,0,,18929,30032,0,,28-Feb-23,Tuesday,WEEK 9,11_February,
01-Mar-23,,Blank,Blank,,,Wednesday,WEEK 9,12_March,,,,58.48,62,0,0,0,0,24.6,18,24.93,25,0,0,0,0,0,0,7.05,72,0,0,10.1,106,10.05,18.13,7.08,0,,125,125,125,141,141,141,141,141,156,161,125,183,199,199,0,,7310,0,0,3469,3515,0,0,0,1100,0,1263,1839,3608,1409,0,,23513,,23513,,Blank,Blank,Blank,Blank,
02-Mar-23,,Blank,Blank,,,Thursday,WEEK 9,12_March,,,,88.85,0,0,0,0,0,30.8,0,38.36,0,0,0,0,0,0,0,6,0,0,0,6,0,10,17.03,6.03,0,,128,128,128,145,145,145,145,145,160,165,128,187,204,204,0,,11373,0,0,4466,5562,0,0,0,960,0,768,1870,3474,1230,0,,29703,,53216,,Blank,Blank,Blank,Blank,
03-Mar-23,,Blank,Blank,,,Friday,WEEK 9,12_March,,,,83.95,0,0,0,0,0,30.44,0,30.56,0,0,0,0,0,0,0,7.08,0,0,0,10.09,0,10.19,20.2,7.06,0,,128,128,128,145,145,145,145,145,160,165,128,187,204,204,0,,10746,0,0,4414,4431,0,0,0,1133,0,1292,1906,4121,1440,0,,29483,,82699,,Blank,Blank,Blank,Blank,
04-Mar-23,,Blank,Blank,,,Saturday,WEEK 9,12_March,,,,26.84,25,0,0,0,0,0,0,19.63,20,0,0,0,0,0,0,7,64,0,0,3.64,50,5,10.1,7.04,0,,128,128,128,145,145,145,145,145,160,165,128,187,204,204,0,,3436,0,0,0,2846,0,0,0,1120,0,466,935,2060,1436,0,,12299,,94998,,Blank,Blank,Blank,Blank,
05-Mar-23,,Chicken,Bismillaha Chicken Center,"109,821",,Sunday,WEEK 9,12_March,Yes,,,29.79,30,0,0,0,0,0,0,19.33,20,0,0,0,0,0,0,7.44,66,0,0,4.71,50,7.02,15.03,6.12,0,,135,135,135,153,153,153,153,153,168,173,135,198,216,216,0,,4022,0,0,0,2957,0,0,0,1250,0,636,1390,3246,1322,0,,14823,109821,0,,05-Mar-23,Sunday,WEEK 9,12_March,
06-Mar-23,,Blank,Blank,,,Monday,WEEK 10,12_March,,,,36.32,35,0,0,0,0,0,0,20.05,20,0,0,0,0,0,0,5.02,45,0,0,3.99,38,10.03,8.09,4.53,0,,113,113,113,128,128,128,128,128,143,148,113,165,180,180,0,,4104,0,0,0,2566,0,0,0,718,0,451,1655,1456,815,0,,11765,,11765,,Blank,Blank,Blank,Blank,
07-Mar-23,,Blank,Blank,,,Tuesday,WEEK 10,12_March,,,,44.75,45,0,0,0,0,41.83,30,21.05,21,0,0,0,0,0,0,7.07,69,0,0,4.03,43,8,20.04,10.06,0,,117,117,117,133,133,133,133,133,148,153,117,172,187,187,0,,5236,0,0,5563,2800,0,0,0,1046,0,472,1376,3747,1881,0,,22121,,33886,,Blank,Blank,Blank,Blank,
08-Mar-23,,Blank,Blank,,,Wednesday,WEEK 10,12_March,,,,13.03,13,0,0,0,0,0,0,12.28,12,0,0,0,0,0,0,6.05,57,0,0,5.4,55,6.05,10.09,4.03,0,,120,120,120,136,136,136,136,136,151,156,120,176,192,192,0,,1564,0,0,0,1670,0,0,0,914,0,648,1065,1937,774,0,,8572,,42458,,Blank,Blank,Blank,Blank,
09-Mar-23,,Blank,Blank,,,Thursday,WEEK 10,12_March,,,,56.57,57,0,0,0,0,0,0,20.7,20,0,0,0,0,0,0,7.1,69,0,0,10.9,104,15.1,20.11,9.59,0,,120,120,120,136,136,136,136,136,151,156,120,176,192,192,0,,6788,0,0,0,2815,0,0,0,1072,0,1308,2658,3861,1841,0,,20343,,62801,,Blank,Blank,Blank,Blank,
10-Mar-23,,Blank,Blank,,,Friday,WEEK 10,12_March,,,,27.24,29,0,0,0,0,0,0,20.39,20,0,0,0,0,0,0,5.07,49,0,0,3.02,33,12.06,10.03,6.15,0,,101,101,101,114,114,114,114,114,129,134,101,147,161,161,0,,2751,0,0,0,2324,0,0,0,654,0,305,1773,1615,990,0,,10412,,73213,,Blank,Blank,Blank,Blank,
11-Mar-23,,Blank,Blank,,,Saturday,WEEK 10,12_March,,,,44.47,46,0,0,0,0,0,0,14.17,15,0,0,0,0,0,0,5.03,59,0,0,5.02,59,12.02,15.15,8.18,0,,108,108,108,122,122,122,122,122,137,142,108,158,173,173,0,,4803,0,0,0,1729,0,0,0,689,0,542,1899,2621,1415,0,,13698,,86911,,Blank,Blank,Blank,Blank,
12-Mar-23,,Chicken,Bismillaha Chicken Center,"99,753",,Sunday,WEEK 10,12_March,Yes,,,40.7,41,0,0,0,0,0,0,9.9,10,0,0,0,0,0,0,4.05,40,0,0,7.04,80,12.05,10.05,4.17,0,,123,123,123,139,139,139,139,139,154,159,123,180,197,197,0,,5006,0,0,0,1376,0,0,0,624,0,866,2169,1980,821,0,,12842,99753,0,,12-Mar-23,Sunday,WEEK 10,12_March,
13-Mar-23,,Blank,Blank,,,Monday,WEEK 11,12_March,,,,28.71,30,0,0,0,0,0,0,19.33,20,0,0,0,0,0,0,3.05,31,0,0,3.04,36,9.02,13.05,8.08,0,,131,131,131,148,148,148,148,148,163,168,131,191,209,209,0,,3761,0,0,0,2861,0,0,0,497,0,398,1723,2727,1689,0,,13656,,13656,,Blank,Blank,Blank,Blank,
14-Mar-23,,Blank,Blank,,,Tuesday,WEEK 11,12_March,,,,29.81,30,0,0,0,0,0,0,18.93,19,0,0,0,0,0,0,4.09,38,0,0,4.02,51,8.03,15.11,8.09,0,,135,135,135,153,153,153,153,153,168,173,135,198,216,216,0,,4024,0,0,0,2896,0,0,0,687,0,543,1590,3264,1747,0,,14751,,28407,,Blank,Blank,Blank,Blank,
15-Mar-23,,Blank,Blank,,,Wednesday,WEEK 11,12_March,,,,44,44,0,0,0,0,0,0,20,20,0,0,0,0,0,0,0,0,0,0,0,0,8,9.96,8,0,,140,140,140,158,158,158,158,158,173,178,140,205,223,223,0,,6160,0,0,0,3160,0,0,0,0,0,0,1640,2221,1784,0,,14965,,43372,,Blank,Blank,Blank,Blank,
16-Mar-23,,Blank,Blank,,,Thursday,WEEK 11,12_March,,,,60,60,0,0,0,0,0,0,24.82,25,0,0,0,0,0,0,4.05,40,0,0,3.97,52,10.1,15.08,7.03,0,,140,140,140,158,158,158,158,158,173,178,140,205,223,223,0,,8400,0,0,0,3922,0,0,0,701,0,556,2071,3363,1568,0,,20581,,63953,,Blank,Blank,Blank,Blank,
17-Mar-23,,Blank,Blank,,,Friday,WEEK 11,12_March,,,,44.35,45,0,0,0,0,0,0,9.52,10,0,0,0,0,0,0,4,42,0,0,4,41,12,14.96,7.5,0,,143,143,143,162,162,162,162,162,177,182,143,209,228,228,0,,6342,0,0,0,1542,0,0,0,708,0,572,2508,3411,1710,0,,16793,,80746,,Blank,Blank,Blank,Blank,
18-Mar-23,,Blank,Blank,,,Saturday,WEEK 11,12_March,,,,56,59,0,0,0,0,0,0,19,19,0,0,0,0,0,0,5,0,0,0,2,0,0,18.2,8.1,0,,146,146,146,165,165,165,165,165,180,185,146,213,233,233,0,,8176,0,0,0,3135,0,0,0,900,0,292,0,4241,1887,0,,18631,,99377,,Blank,Blank,Blank,Blank,
19-Mar-23,,Chicken,Bismillaha Chicken Center,"119,303",,Sunday,WEEK 11,12_March,Yes,,,38.87,40,0,0,0,0,0,0,30.58,30,0,0,0,0,0,0,3,29,0,0,0,0,12.11,18.05,8.07,0,,146,146,146,165,165,165,165,165,180,185,146,213,233,233,0,,5675,0,0,0,5046,0,0,0,540,0,0,2579,4206,1880,0,,19926,119303,0,,19-Mar-23,Sunday,WEEK 11,12_March,
20-Mar-23,,Blank,Blank,,,Monday,WEEK 12,12_March,,,,19.1,20,0,0,0,0,0,0,9.2,10,0,0,0,0,0,0,3,27,0,0,3.1,52,10,15,6.5,0,,113,113,113,128,128,128,128,128,143,148,113,165,180,180,0,,2158,0,0,0,1178,0,0,0,429,0,350,1650,2700,1170,0,,9635,,9635,,Blank,Blank,Blank,Blank,
21-Mar-23,,Blank,Blank,,,Tuesday,WEEK 12,12_March,,,,19.6,20,0,0,0,0,0,0,17.6,20,0,0,0,0,0,0,3,30,0,0,0,0,10,10,6.5,0,,117,117,117,133,133,133,133,133,148,153,117,172,187,187,0,,2293,0,0,0,2341,0,0,0,444,0,0,1720,1870,1216,0,,9884,,19519,,Blank,Blank,Blank,Blank,
22-Mar-23,,Blank,Blank,,,Wednesday,WEEK 12,12_March,,,,19.1,20,0,0,0,0,0,0,17.5,20,0,0,0,0,0,0,3,33,0,0,0,,10,10,5.5,0,,125,125,125,141,141,141,141,141,156,161,125,183,199,199,0,,2388,0,0,0,2468,0,0,0,468,0,0,1830,1990,1095,0,,10239,,29758,,Blank,Blank,Blank,Blank,
23-Mar-23,,Blank,Blank,,,Thursday,WEEK 12,12_March,,,,57.7,59,0,0,0,0,0,0,17,18,0,0,0,0,0,0,5.5,59,0,0,2,27,8,10,8,0,,140,140,140,158,158,158,158,158,173,178,140,205,223,223,0,,8078,0,0,0,2686,0,0,0,952,0,280,1640,2230,1784,0,,17650,,47408,,Blank,Blank,Blank,Blank,
24-Mar-23,,Blank,Blank,,,Friday,WEEK 12,12_March,,,,47,47,0,0,0,0,0,0,15.1,16,0,0,0,0,0,0,5,50,0,0,0,0,8,15.1,7.6,0,,144,144,144,163,163,163,163,163,178,183,144,211,230,230,0,,6768,0,0,0,2461,0,0,0,890,0,0,1688,3473,1748,0,,17028,,64436,,Blank,Blank,Blank,Blank,
25-Mar-23,,Blank,Blank,,,Saturday,WEEK 12,12_March,,,,50,50,0,0,0,0,0,0,16.8,17,0,0,0,0,0,0,7,73,0,0,2,24,10.1,20,8.1,0,,147,147,147,167,167,167,167,167,182,187,147,216,235,235,0,,7350,0,0,0,2806,0,0,0,1274,0,294,2182,4700,1904,0,,20510,,84946,,Blank,Blank,Blank,Blank,
26-Mar-23,,Chicken,Bismillaha Chicken Center,"101,317",,Sunday,WEEK 12,12_March,Yes,,,18.42,20,0,0,0,0,0,0,18.06,19,0,0,0,0,0,0,8,84,0,0,6.1,77,10,15.2,7.8,0,,155,155,155,175,175,175,175,175,190,195,155,227,247,247,0,,2855,0,0,0,3161,0,0,0,1520,0,946,2270,3754,1927,0,,16433,101317,62,,26-Mar-23,Sunday,WEEK 12,12_March,
27-Mar-23,,Blank,Blank,,,Monday,WEEK 13,12_March,,,,19.6,20,0,0,0,0,0,0,19.8,20,0,0,0,0,0,0,3,34,0,0,0,0,7.7,14,6,0,,155,155,155,175,175,175,175,175,190,195,155,227,247,247,0,,3038,0,0,0,3465,0,0,0,570,0,0,1748,3458,1482,0,,13761,,13823,,Blank,Blank,Blank,Blank,
28-Mar-23,,Blank,Blank,,,Tuesday,WEEK 13,12_March,,,,25,25,0,0,0,0,0,0,14.8,15,0,0,0,0,0,0,5,45,0,0,2.9,40,10,10,6,0,,155,155,155,175,175,175,175,175,190,195,155,227,247,247,0,,3875,0,0,0,2590,0,0,0,950,0,450,2270,2470,1482,0,,14087,,27910,,Blank,Blank,Blank,Blank,
29-Mar-23,,Blank,Blank,,,Wednesday,WEEK 13,12_March,,,,30,30,0,0,0,0,0,0,9.9,10,0,0,0,0,0,0,4.5,46,0,0,0,0,10,7,5,0,,155,155,155,175,175,175,175,175,190,195,155,227,247,247,0,,4650,0,0,0,1733,0,0,0,855,0,0,2270,1729,1235,0,,12472,,40382,,Blank,Blank,Blank,Blank,
30-Mar-23,,Blank,Blank,,,Thursday,WEEK 13,12_March,,,,21,21,0,0,0,0,0,0,14.6,15,0,0,0,0,0,0,0,0,0,0,0,0,10,10,5.1,0,,155,155,155,175,175,175,175,175,190,195,155,227,247,247,0,,3255,0,0,0,2555,0,0,0,0,0,0,2270,2470,1260,0,,11810,,52192,,Blank,Blank,Blank,Blank,
31-Mar-23,,Chicken,Bismillaha Chicken Center,"72,547",,Friday,WEEK 13,12_March,Yes,,,55,57,0,0,0,0,0,0,18.7,19,0,0,0,0,0,0,0,0,0,0,2,26,10,16.2,8,0,,155,155,155,175,175,175,175,175,190,195,155,227,247,247,0,,8525,0,0,0,3273,0,0,0,0,0,310,2270,4001,1976,0,,20355,72547,0,,31-Mar-23,Friday,WEEK 13,12_March,
01-Apr-23,,Blank,Blank,,,Saturday,WEEK 13,01_April,,,,18,18,0,0,0,0,0,0,7,7,0,0,0,0,0,0,4,42,0,0,0,0,5.1,7,8,0,,155,155,155,175,175,175,175,175,190,195,155,227,247,247,0,,2790,0,0,0,1225,0,0,0,760,0,0,1158,1729,1976,0,,9638,,9638,,Blank,Blank,Blank,Blank,
02-Apr-23,,Chicken,Bismillaha Chicken Center,"25,500",,Sunday,WEEK 13,01_April,Yes,,,39,39,0,0,0,0,0,0,19.5,20,0,0,0,0,0,0,0,0,0,0,4.1,52,8,10,6,0,,155,155,155,175,175,175,175,175,190,195,155,227,247,247,0,,6045,0,0,0,3413,0,0,0,0,0,636,1816,2470,1482,0,,15862,25500,0,,02-Apr-23,Sunday,WEEK 13,01_April,
03-Apr-23,,Blank,Blank,,,Monday,WEEK 14,01_April,,,,19.2,20,0,0,0,0,0,0,9.1,10,0,0,0,0,0,0,0,0,0,0,0,0,3.9,12.1,5.5,0,,158,158,158,179,179,179,179,179,194,199,158,231,252,252,0,,3034,0,0,0,1629,0,0,0,0,0,0,901,3049,1386,0,,9999,,9999,,Blank,Blank,Blank,Blank,
04-Apr-23,,Blank,Blank,,,Tuesday,WEEK 14,01_April,,,,22,22,0,0,0,0,0,0,9,9,0,0,0,0,0,0,7,71,0,0,5,62,6.9,10,5.5,0,,138,138,138,156,156,156,156,156,171,176,138,202,221,221,0,,3036,0,0,0,1404,0,0,0,1197,0,690,1394,2210,1216,0,,11147,,21146,,Blank,Blank,Blank,Blank,
05-Apr-23,,Blank,Blank,,,Wednesday,WEEK 14,01_April,,,,30,30,0,0,0,0,0,0,20,20,0,0,0,0,0,0,5,52,0,0,4,51,7,10,8.5,0,,132,132,132,150,150,150,150,150,165,170,132,194,211,211,0,,3960,0,0,0,3000,0,0,0,825,0,528,1358,2110,1794,0,,13575,,34721,,Blank,Blank,Blank,Blank,
06-Apr-23,,Blank,Blank,,,Thursday,WEEK 14,01_April,,,,20,20,0,0,0,0,0,0,20,20,0,0,0,0,0,0,5,54,0,0,2,25,7,10,8.5,0,,128,128,128,145,145,145,145,145,160,165,128,187,204,204,0,,2560,0,0,0,2900,0,0,0,800,0,256,1309,2040,1734,0,,11599,,46320,,Blank,Blank,Blank,Blank,
07-Apr-23,,Blank,Blank,,,Friday,WEEK 14,01_April,,,,56.5,60,0,0,0,0,0,0,18.4,20,0,0,0,0,0,0,5,43,0,0,2.6,26,10.1,15,8.6,0,,120,120,120,136,136,136,136,136,151,156,120,176,192,192,0,,6780,0,0,0,2502,0,0,0,755,0,312,1778,2880,1651,0,,16658,,62978,,Blank,Blank,Blank,Blank,
08-Apr-23,,Blank,Blank,,,Saturday,WEEK 14,01_April,,,,25,28,0,0,0,0,0,0,12.9,13,0,0,0,0,0,0,5,48,0,0,4,42,10.1,14.9,8.5,0,,108,108,108,122,122,122,122,122,137,142,108,158,173,173,0,,2700,0,0,0,1574,0,0,0,685,0,432,1596,2578,1471,0,,11036,,74014,,Blank,Blank,Blank,Blank,
09-Apr-23,,Chicken,Bismillaha Chicken Center,"83,986",,Sunday,WEEK 14,01_April,Yes,,,30,30,0,0,0,0,0,0,12,12,0,0,0,0,0,0,5,48,0,0,3.3,40,10.1,10,6.8,0,,105,105,105,119,119,119,119,119,134,139,105,154,168,168,0,,3150,0,0,0,1428,0,0,0,670,0,347,1555,1680,1142,0,,9972,83986,0,,09-Apr-23,Sunday,WEEK 14,01_April,
10-Apr-23,,Blank,Blank,,,Monday,WEEK 15,01_April,,,,27,27,0,0,0,0,0,0,9,9,0,0,0,0,0,0,2.9,31,0,0,2.7,33,0,10,6.6,0,,113,113,113,128,128,128,128,128,143,148,113,165,180,180,0,,3051,0,0,0,1152,0,0,0,415,0,305,0,1800,1188,0,,7911,,7911,,Blank,Blank,Blank,Blank,
11-Apr-23,,Blank,Blank,,,Tuesday,WEEK 15,01_April,,,,18.3,20,0,0,0,0,0,0,19.8,20,0,0,0,0,0,0,0,0,0,0,2,28,5,10,8,0,,120,120,120,136,136,136,136,136,151,156,120,176,192,192,0,,2196,0,0,0,2693,0,0,0,0,0,240,880,1920,1536,0,,9465,,17376,,Blank,Blank,Blank,Blank,
12-Apr-23,,Blank,Blank,,,Wednesday,WEEK 15,01_April,,,,13.6,15,0,0,0,0,0,0,14.6,15,0,0,0,0,0,0,3,28,0,0,2.4,31,0,7,5,0,,128,128,128,145,145,145,145,145,160,165,128,187,204,204,0,,1741,0,0,0,2117,0,0,0,480,0,307,0,1428,1020,0,,7093,,24469,,Blank,Blank,Blank,Blank,
13-Apr-23,,Blank,Blank,,,Thursday,WEEK 15,01_April,,,,54.7,59,0,0,0,0,0,0,18.7,20,0,0,0,0,0,0,3,29,0,0,4,49,8,10.1,6.8,0,,135,135,135,153,153,153,153,153,168,173,135,198,216,216,0,,7385,0,0,0,2861,0,0,0,504,0,540,1584,2182,1469,0,,16525,,40994,,Blank,Blank,Blank,Blank,
14-Apr-23,,Blank,Blank,,,Friday,WEEK 15,01_April,,,,35.6,39,0,0,0,0,0,0,14.7,15,0,0,0,0,0,0,5.2,45,0,0,4,48,8,12,8,0,,143,143,143,162,162,162,162,162,177,182,143,209,228,228,0,,5091,0,0,0,2381,0,0,0,920,0,572,1672,2736,1824,0,,15196,,56190,,Blank,Blank,Blank,Blank,
15-Apr-23,,Blank,Blank,,,Saturday,WEEK 15,01_April,,,,70,70,0,0,0,0,0,0,30.2,31,0,0,0,0,0,0,5,48,0,0,3.5,52,8,15,8.1,0,,150,150,150,170,170,170,170,170,185,190,150,220,240,240,0,,10500,0,0,0,5134,0,0,0,925,0,525,1760,3600,1944,0,,24388,,80578,,Blank,Blank,Blank,Blank,
16-Apr-23,,Chicken,Bismillaha Chicken Center,"102,980",,Sunday,WEEK 15,01_April,Yes,,,54,54,0,0,0,0,0,0,20,20,0,0,0,0,0,0,7,69,0,0,3.1,37,6,17.9,10.1,0,,158,158,158,179,179,179,179,179,194,199,158,231,252,252,0,,8532,0,0,0,3580,0,0,0,1358,0,490,1386,4511,2545,0,,22402,102980,0,,16-Apr-23,Sunday,WEEK 15,01_April,
17-Apr-23,,Blank,Blank,,,Monday,WEEK 16,01_April,,,,19,19,0,0,0,0,0,0,10,10,0,0,0,0,0,0,4,42,0,0,3.1,43,6,10,4.5,0,,158,158,158,179,179,179,179,179,194,199,158,231,252,252,0,,3002,0,0,0,1790,0,0,0,776,0,490,1386,2520,1134,0,,11098,,11098,,Blank,Blank,Blank,Blank,
18-Apr-23,,Blank,Blank,,,Tuesday,WEEK 16,01_April,,,,10,10,0,0,0,0,0,0,19.8,20,0,0,0,0,0,0,5,49,0,0,2,29,6.1,10,4,0,,150,150,150,170,170,170,170,170,185,190,150,220,240,240,0,,1500,0,0,0,3366,0,0,0,925,0,300,1342,2400,960,0,,10793,,21891,,Blank,Blank,Blank,Blank,
19-Apr-23,,Blank,Blank,,,Wednesday,WEEK 16,01_April,,,,39.9,40,0,0,0,0,0,0,11,11,0,0,0,0,0,0,6,63,0,0,2,27,8,15,8,0,,158,158,158,179,179,179,179,179,194,199,158,231,252,252,0,,6304,0,0,0,1969,0,0,0,1164,0,316,1848,3780,2016,0,,17397,,39288,,Blank,Blank,Blank,Blank,
20-Apr-23,,Blank,Blank,,,Thursday,WEEK 16,01_April,,,,54.3,57,0,0,0,0,0,0,18.7,20,0,0,0,0,0,0,5,52,0,0,4,49,8.1,12,7,0,,162,162,162,184,184,184,184,184,199,204,162,238,259,259,0,,8797,0,0,0,3441,0,0,0,995,0,648,1928,3108,1813,0,,20730,,60018,,Blank,Blank,Blank,Blank,
21-Apr-23,,Blank,Blank,,,Friday,WEEK 16,01_April,,,,58,60,0,0,0,0,0,0,21,21,0,0,0,0,0,0,4.8,54,0,0,3.9,53,10,12,5,0,,165,165,165,187,187,187,187,187,202,207,165,242,264,264,0,,9570,0,0,0,3927,0,0,0,970,0,644,2420,3168,1320,0,,22019,,82037,,Blank,Blank,Blank,Blank,
22-Apr-23,,Blank,Blank,,,Saturday,WEEK 16,01_April,,,,45,45,0,0,0,0,0,0,20,20,0,0,0,0,0,0,2,21,0,0,4.1,53,7,10.1,4,0,,165,165,165,187,187,187,187,187,202,207,165,242,264,264,0,,7425,0,0,0,3740,0,0,0,404,0,677,1694,2666,1056,0,,17662,,99699,,Blank,Blank,Blank,Blank,
23-Apr-23,,Chicken,Bismillaha Chicken Center,"115,247",,Sunday,WEEK 16,01_April,Yes,,,25.6,26,0,0,0,0,0,0,18.7,20,0,0,0,0,0,0,6,60,0,0,1.5,18,7,12,5.7,0,,165,165,165,187,187,187,187,187,202,207,165,242,264,264,0,,4224,0,0,0,3497,0,0,0,1212,0,248,1694,3168,1505,0,,15548,115247,0,,23-Apr-23,Sunday,WEEK 16,01_April,
24-Apr-23,,Blank,Blank,,,Monday,WEEK 17,01_April,,,,17,17,0,0,0,0,0,0,11,11,0,0,0,0,0,0,0,0,0,0,2.1,29,4.1,5,4,0,,143,143,143,162,162,162,162,162,177,182,143,209,228,228,0,,2431,0,0,0,1782,0,0,0,0,0,300,857,1140,912,0,,7422,,7422,,Blank,Blank,Blank,Blank,
25-Apr-23,,Blank,Blank,,,Tuesday,WEEK 17,01_April,,,,30,30,0,0,0,0,0,0,14.7,15,0,0,0,0,0,0,,0,0,0,2.1,36,5,10,7,0,,146,146,146,165,165,165,165,165,180,185,146,213,233,233,0,,4380,0,0,0,2426,0,0,0,0,0,307,1065,2330,1631,0,,12139,,19561,,Blank,Blank,Blank,Blank,
26-Apr-23,,Blank,Blank,,,Wednesday,WEEK 17,01_April,,,,52.4,54,0,0,0,0,0,0,19.5,20,0,0,0,0,0,0,4,39,0,0,2.1,24,7,10.1,6,0,,150,150,150,170,170,170,170,170,185,190,150,220,240,240,0,,7860,0,0,0,3315,0,0,0,740,0,315,1540,2424,1440,0,,17634,,37195,,Blank,Blank,Blank,Blank,
27-Apr-23,,Blank,Blank,,,Thursday,WEEK 17,01_April,,,,47.9,48,0,0,0,0,0,0,10,10,0,0,0,0,0,0,4,44,0,0,4,45,8,10,5.8,0,,150,150,150,170,170,170,170,170,185,190,150,220,240,240,0,,7185,0,0,0,1700,0,0,0,740,0,600,1760,2400,1392,0,,15777,,52972,,Blank,Blank,Blank,Blank,
28-Apr-23,,Blank,Blank,,,Friday,WEEK 17,01_April,,,,29.5,30,0,0,0,0,0,0,10,10,0,0,0,0,0,0,5,53,0,0,4.1,48,4,10,6.5,0,,153,153,153,173,173,173,173,173,188,193,153,224,245,245,0,,4514,0,0,0,1730,0,0,0,940,0,627,896,2450,1593,0,,12750,,65722,,Blank,Blank,Blank,Blank,
29-Apr-23,,Blank,Blank,,,Saturday,WEEK 17,01_April,,,,50,50,0,0,0,0,0,0,20,20,0,0,0,0,0,0,5,52,0,0,4,49,6,10,5,0,,158,158,158,179,179,179,179,179,194,199,158,231,252,252,0,,7900,0,0,0,3580,0,0,0,970,0,632,1386,2520,1260,0,,18248,,83970,,Blank,Blank,Blank,Blank,
30-Apr-23,,Chicken,Bismillaha Chicken Center,"101,371",,Sunday,WEEK 17,01_April,Yes,,,29,29,0,0,0,0,0,0,24.1,25,0,0,0,0,0,0,6,62,0,0,4,51,6,12,7.3,0,,162,162,162,184,184,184,184,184,199,204,162,238,259,259,0,,4698,0,0,0,4434,0,0,0,1194,0,648,1428,3108,1891,0,,17401,101371,0,,30-Apr-23,Sunday,WEEK 17,01_April,
01-May-23,,Blank,Blank,,,Monday,WEEK 18,02_May,,,,19,19,0,0,0,0,0,0,14,14,0,0,0,0,0,0,4,39,0,0,2,27,6,9,5,0,,150,150,150,170,170,170,170,170,185,190,150,220,240,240,0,,2850,0,0,0,2380,0,0,0,740,0,300,1320,2160,1200,0,,10950,,10950,,Blank,Blank,Blank,Blank,
02-May-23,,Blank,Blank,,,Tuesday,WEEK 18,02_May,,,,37.4,40,0,0,0,0,0,0,10,10,0,0,0,0,0,0,5,54,0,0,3,41,0,10,6.1,0,,150,150,150,170,170,170,170,170,185,190,150,220,240,240,0,,5610,0,0,0,1700,0,0,0,925,0,450,0,2400,1464,0,,12549,,23499,,Blank,Blank,Blank,Blank,
03-May-23,,Blank,Blank,,,Wednesday,WEEK 18,02_May,,,,34.2,35,0,0,0,0,0,0,19,20,0,0,0,0,0,0,5,53,0,0,3,42,4,8.9,7.1,0,,153,153,153,173,173,173,173,173,188,193,153,224,245,245,0,,5233,0,0,0,3287,0,0,0,940,0,459,896,2181,1740,0,,14736,,38235,,Blank,Blank,Blank,Blank,
04-May-23,,Blank,Blank,,,Thursday,WEEK 18,02_May,,,,44,44,0,0,0,0,0,0,19.2,20,0,0,0,0,0,0,4,41,0,0,4,54,3.9,10,6.9,0,,153,153,153,173,173,173,173,173,188,193,153,224,245,245,0,,6732,0,0,0,3322,0,0,0,752,0,612,874,2450,1691,0,,16433,,54668,,Blank,Blank,Blank,Blank,
05-May-23,,Blank,Blank,,,Friday,WEEK 18,02_May,,,,35.9,36,0,0,0,0,0,0,20,20,0,0,0,0,0,0,4,45,0,0,4,53,4,10,7.6,0,,158,158,158,179,179,179,179,179,194,199,158,231,252,252,0,,5672,0,0,0,3580,0,0,0,776,0,632,924,2520,1915,0,,16019,,70687,,Blank,Blank,Blank,Blank,
06-May-23,,Blank,Blank,,,Saturday,WEEK 18,02_May,,,,49,49,0,0,0,0,0,0,19.8,20,0,0,0,0,0,0,5,48,0,0,2.3,29,4,10,6.8,0,,162,162,162,184,184,184,184,184,199,204,162,238,259,259,0,,7938,0,0,0,3643,0,0,0,995,0,373,952,2590,1761,0,,18252,,88939,,Blank,Blank,Blank,Blank,
07-May-23,,Chicken,Bismillaha Chicken Center,"101,971",,Sunday,WEEK 18,02_May,Yes,,,17,17,0,0,0,0,0,0,15,15,0,0,0,0,0,0,5,49,0,0,3,38,5,10,6.5,0,,170,170,170,192,192,192,192,192,207,212,170,249,271,271,0,,2890,0,0,0,2880,0,0,0,1035,0,510,1245,2710,1762,0,,13032,101971,0,,07-May-23,Sunday,WEEK 18,02_May,
08-May-23,,Blank,Blank,,,Monday,WEEK 19,02_May,,,,21.6,23,0,0,0,0,0,0,19,20,0,0,0,0,0,0,5,49,0,0,3,36,5,10,5.5,0,,170,170,170,192,192,192,192,192,207,212,170,249,271,271,0,,3672,0,0,0,3648,0,0,0,1035,0,510,1245,2710,1491,0,,14311,,14311,,Blank,Blank,Blank,Blank,
09-May-23,,Blank,Blank,,,Tuesday,WEEK 19,02_May,,,,27.3,28,0,0,0,0,0,0,20,20,0,0,0,0,0,0,4,32,0,0,2.1,23,5,7.9,5.5,0,,174,174,174,197,197,197,197,197,212,217,174,255,278,278,0,,4750,0,0,0,3940,0,0,0,848,0,365,1275,2196,1529,0,,14903,,29214,,Blank,Blank,Blank,Blank,
10-May-23,,Blank,Blank,,,Wednesday,WEEK 19,02_May,,,,30,30,0,0,0,0,0,0,15,15,0,0,0,0,0,0,4,38,0,0,1.5,18,5,6,0,0,,174,174,174,197,197,197,197,197,212,217,174,255,278,278,0,,5220,0,0,0,2955,0,0,0,848,0,261,1275,1668,0,0,,12227,,41441,,Blank,Blank,Blank,Blank,
11-May-23,,Blank,Blank,,,Thursday,WEEK 19,02_May,,,,34.6,35,0,0,0,0,0,0,17.7,18,0,0,0,0,0,0,4.5,47,0,0,0,0,5,10.1,5.5,0,,174,174,174,197,197,197,197,197,212,217,174,255,278,278,0,,6020,0,0,0,3487,0,0,0,954,0,0,1275,2808,1529,0,,16073,,57514,,Blank,Blank,Blank,Blank,
12-May-23,,Blank,Blank,,,Friday,WEEK 19,02_May,,,,27.8,28,0,0,0,0,0,0,29.4,30,0,0,0,0,0,0,5,49,0,0,3,42,8,15,6.8,0,,174,174,174,197,197,197,197,197,212,217,174,255,278,278,0,,4837,0,0,0,5792,0,0,0,1060,0,522,2040,4170,1890,0,,20311,,77825,,Blank,Blank,Blank,Blank,
13-May-23,,Blank,Blank,,,Saturday,WEEK 19,02_May,,,,32.87,33,0,0,0,0,0,0,25.7,26,0,0,0,0,0,0,5,40,0,0,4,47,8,12,6,0,,179,179,179,202,202,202,202,202,217,222,179,262,286,286,0,,5884,0,0,0,5191,0,0,0,1085,0,716,2096,3432,1716,0,,20120,,97945,,Blank,Blank,Blank,Blank,
14-May-23,,Chicken,Bismillaha Chicken Center,"121,300",,Sunday,WEEK 19,02_May,Yes,,,46.17,49,0,0,0,0,0,0,29,30,0,0,0,0,0,0,5.5,44,0,0,3.8,50,7.5,12,5.5,0,,182,182,182,206,206,206,206,206,221,226,182,266,290,290,0,,8403,0,0,0,5974,0,0,0,1216,0,692,1995,3480,1595,0,,23355,121300,0,,14-May-23,Sunday,WEEK 19,02_May,
15-May-23,,Blank,Blank,,,Monday,WEEK 20,02_May,,,,34,36,0,0,0,0,0,0,13.1,14,0,0,0,0,0,0,5.5,60,0,0,3.2,38,6,4.9,3.2,0,,173,173,173,196,196,196,196,196,211,216,173,253,276,276,0,,5882,0,0,0,2568,0,0,0,1161,0,554,1518,1352,883,0,,13918,,13918,,Blank,Blank,Blank,Blank,
16-May-23,,Blank,Blank,,,Tuesday,WEEK 20,02_May,,,,37.2,39,0,0,0,0,0,0,8.8,10,0,0,0,0,0,0,3,31,0,0,4,50,6,8,4.7,0,,176,176,176,199,199,199,199,199,214,219,176,257,281,281,0,,6547,0,0,0,1751,0,0,0,642,0,704,1542,2248,1321,0,,14755,,28673,,Blank,Blank,Blank,Blank,
17-May-23,,Blank,Blank,,,Wednesday,WEEK 20,02_May,,,,35.2,40,0,0,0,0,0,0,8.8,10,0,0,0,0,0,0,3.7,33,0,0,0,0,6,5,4,0,,180,180,180,204,204,204,204,204,219,224,180,264,288,288,0,,6336,0,0,0,1795,0,0,0,810,0,0,1584,1440,1152,0,,13117,,41790,,Blank,Blank,Blank,Blank,
18-May-23,,Blank,Blank,,,Thursday,WEEK 20,02_May,,,,37,37,0,0,0,0,0,0,16.8,17,0,0,0,0,0,0,3.8,38,0,0,3.5,46,6,8,5,0,,180,180,180,204,204,204,204,204,219,224,180,264,288,288,0,,6660,0,0,0,3427,0,0,0,832,0,630,1584,2304,1440,0,,16877,,58667,,Blank,Blank,Blank,Blank,
19-May-23,,Blank,Blank,,,Friday,WEEK 20,02_May,,,,66.8,67,0,0,0,0,0,0,29,29,0,0,0,0,0,0,6.2,62,0,0,0,0,6,10,7.5,0,,180,180,180,204,204,204,204,204,219,224,180,264,288,288,0,,12024,0,0,0,5916,0,0,0,1358,0,0,1584,2880,2160,0,,25922,,84589,,Blank,Blank,Blank,Blank,
20-May-23,,Blank,Blank,,,Saturday,WEEK 20,02_May,,,,39,39,0,0,0,0,0,0,20,20,0,0,0,0,0,0,4,37,0,0,3.9,47,6,10,6.3,0,,180,180,180,204,204,204,204,204,219,224,180,264,288,288,0,,7020,0,0,0,4080,0,0,0,876,0,702,1584,2880,1814,0,,18956,,103545,,Blank,Blank,Blank,Blank,
21-May-23,,Chicken,Bismillaha Chicken Center,"128,944",,Sunday,WEEK 20,02_May,Yes,,,59.4,60,0,0,0,0,0,0,26.8,27,0,0,0,0,0,0,8,78,0,0,4,47,6,12,6,0,,180,180,180,204,204,204,204,204,219,224,180,264,288,288,0,,10692,0,0,0,5467,0,0,0,1752,0,720,1584,3456,1728,0,,25399,128944,0,,21-May-23,Sunday,WEEK 20,02_May,
22-May-23,,Blank,Blank,,,Monday,WEEK 21,02_May,,,,27.9,29,0,0,0,0,0,0,9.9,10,0,0,0,0,0,0,3.6,41,0,0,0,0,5,7,2.8,0,,168,168,168,190,190,190,190,190,205,210,168,246,269,269,0,,4687,0,0,0,1881,0,0,0,738,0,0,1230,1883,753,0,,11172,,11172,,Blank,Blank,Blank,Blank,
23-May-23,,Blank,Blank,,,Tuesday,WEEK 21,02_May,,,,30,30,0,0,0,0,0,0,19.8,20,0,0,0,0,0,0,4,43,0,0,3.1,38,6,8,4.5,0,,173,173,173,196,196,196,196,196,211,216,173,253,276,276,0,,5190,0,0,0,3881,0,0,0,844,0,536,1518,2208,1242,0,,15419,,26591,,Blank,Blank,Blank,Blank,
24-May-23,,Blank,Blank,,,Wednesday,WEEK 21,02_May,,,,29,29,0,0,0,0,0,0,14.6,15,0,0,0,0,0,0,4.1,42,0,0,3,39,8,10.1,5.1,0,,177,177,177,201,201,201,201,201,216,221,177,260,283,283,0,,5133,0,0,0,2935,0,0,0,886,0,531,2080,2858,1443,0,,15866,,42457,,Blank,Blank,Blank,Blank,
25-May-23,,Blank,Blank,,,Thursday,WEEK 21,02_May,,,,43,43,0,0,0,0,0,0,20,20,0,0,0,0,0,0,0,0,0,0,1.7,23,5,10.1,0,0,,180,180,180,204,204,204,204,204,219,224,180,264,288,288,0,,7740,0,0,0,4080,0,0,0,0,0,306,1320,2909,0,0,,16355,,58812,,Blank,Blank,Blank,Blank,
26-May-23,,Blank,Blank,,,Friday,WEEK 21,02_May,,,,70,70,0,0,0,0,0,0,29.8,30,0,0,0,0,0,0,3.5,39,0,0,1.6,21,9.9,12,5,0,,185,185,185,209,209,209,209,209,224,229,185,271,295,295,0,,12950,0,0,0,6228,0,0,0,784,0,296,2683,3540,1475,0,,27956,,86768,,Blank,Blank,Blank,Blank,
27-May-23,,Blank,Blank,,,Saturday,WEEK 21,02_May,,,,49.6,50,0,0,0,0,0,0,22.2,24,0,0,0,0,0,0,6,67,0,0,4.5,59,9.6,15,5.6,0,,189,189,189,214,214,214,214,214,229,234,189,277,302,302,0,,9374,0,0,0,4751,0,0,0,1374,0,851,2659,4530,1691,0,,25230,,111998,,Blank,Blank,Blank,Blank,
28-May-23,,Chicken,Bismillaha Chicken Center,"140,459",,Sunday,WEEK 21,02_May,Yes,,,47.8,49,0,0,0,0,0,0,30.3,31,0,0,0,0,0,0,6.1,63,0,0,5,59,10,15.1,7.1,0,,197,197,197,223,223,223,223,223,238,243,197,288,314,314,0,,9417,0,0,0,6757,0,0,0,1452,0,985,2880,4741,2229,0,,28461,140459,0,,28-May-23,Sunday,WEEK 21,02_May,
29-May-23,,Blank,Blank,,,Monday,WEEK 22,02_May,,,,0,0,0,0,0,0,0,0,28.4,30,0,0,0,0,0,0,0,0,0,0,2.6,31,5,7,5,0,,197,197,197,223,223,223,223,223,238,243,197,288,314,314,0,,0,0,0,0,6333,0,0,0,0,0,512,1440,2198,1570,0,,12053,,12053,,Blank,Blank,Blank,Blank,
30-May-23,,Blank,Blank,,,Tuesday,WEEK 22,02_May,,,,28.6,30,0,0,0,0,0,0,27.6,30,0,0,0,0,0,0,0,0,0,0,2,27,6,5,5,0,,200,200,200,226,226,226,226,226,241,246,200,293,319,319,0,,5720,0,0,0,6238,0,0,0,0,0,400,1758,1595,1595,0,,17306,,29359,,Blank,Blank,Blank,Blank,
31-May-23,,Chicken,Bismillaha Chicken Center,"51,323",,Wednesday,WEEK 22,02_May,Yes,,,43.4,45,0,0,0,0,0,0,18,18,0,0,0,0,0,0,6,67,0,0,2,29,6.1,12,5.5,0,,200,200,200,226,226,226,226,226,241,246,200,293,319,319,0,,8680,0,0,0,4068,0,0,0,1446,0,400,1787,3828,1755,0,,21964,51323,0,,31-May-23,Wednesday,WEEK 22,02_May,
01-Jun-23,,Blank,Blank,,,Thursday,WEEK 22,03_June,,,,90,90,0,0,0,0,0,0,36,36,0,0,0,0,0,0,6.4,71,0,0,2.9,33,6,11,0,0,,200,200,200,226,226,226,226,226,241,246,200,293,319,319,0,,18000,0,0,0,8136,0,0,0,1542,0,580,1758,3509,0,0,,33525,,33525,,Blank,Blank,Blank,Blank,
02-Jun-23,,Blank,Blank,,,Friday,WEEK 22,03_June,,,,73.7,75,0,0,0,0,0,0,8.9,9,0,0,0,0,0,0,5.1,58,0,0,3.1,42,8,0,8,0,,203,203,203,230,230,230,230,230,245,250,203,297,324,324,0,,14961,0,0,0,2047,0,0,0,1250,0,629,2376,0,2592,0,,23855,,57380,,Blank,Blank,Blank,Blank,
03-Jun-23,,Blank,Blank,,,Saturday,WEEK 22,03_June,,,,29.5,30,0,0,0,0,0,0,0,0,0,0,0,0,0,0,3,35,0,0,2.1,27,7.9,0,4,0,,203,203,203,230,230,230,230,230,245,250,203,297,324,324,0,,5989,0,0,0,0,0,0,0,735,0,426,2346,0,1296,0,,10792,,68172,,Blank,Blank,Blank,Blank,
04-Jun-23,,Chicken,Bismillaha Chicken Center,"85,716",,Sunday,WEEK 22,03_June,Yes,,,38.5,40,0,0,0,0,0,0,0,0,0,0,0,0,0,0,4,46,0,0,2.5,29,8,10.1,8,0,,203,203,203,230,230,230,230,230,245,250,203,297,324,324,0,,7816,0,0,0,0,0,0,0,980,0,508,2376,3272,2592,0,,17544,85716,0,,04-Jun-23,Sunday,WEEK 22,03_June,
05-Jun-23,,Blank,Blank,,,Monday,WEEK 23,03_June,,,,17.7,19,0,0,0,0,9.7,7,8.9,10,0,0,0,0,0,0,2,23,0,0,2,26,7,5,3.4,0,,186,186,186,211,211,211,211,211,226,231,186,273,298,298,0,,3292,0,0,2047,1878,0,0,0,452,0,372,1911,1490,1013,0,,12455,,12455,,Blank,Blank,Blank,Blank,
06-Jun-23,,Blank,Blank,,,Tuesday,WEEK 23,03_June,,,,19.8,21,0,0,0,0,10.1,8,9.5,10,0,0,0,0,0,0,3,36,0,0,3,38,6.1,7,6,0,,191,191,191,216,216,216,216,216,231,236,191,279,305,305,0,,3782,0,0,2182,2052,0,0,0,693,0,573,1702,2135,1830,0,,14949,,27404,,Blank,Blank,Blank,Blank,
07-Jun-23,,Blank,Blank,,,Wednesday,WEEK 23,03_June,,,,20,20,0,0,0,0,10.8,8,10,10,0,0,0,0,0,0,0,0,0,0,0,0,0,6,5.5,0,,195,195,195,221,221,221,221,221,236,241,195,286,312,312,0,,3900,0,0,2387,2210,0,0,0,0,0,0,0,1872,1716,0,,12085,,39489,,Blank,Blank,Blank,Blank,
08-Jun-23,,Blank,Blank,,,Thursday,WEEK 23,03_June,,,,38.4,40,0,0,0,0,0,0,17.9,18,0,0,0,0,0,0,4,39,0,0,3,36,6.2,10,6.1,0,,195,195,195,221,221,221,221,221,236,241,195,286,312,312,0,,7488,0,0,0,3956,0,0,0,944,0,585,1773,3120,1903,0,,19769,,59258,,Blank,Blank,Blank,Blank,
09-Jun-23,,Blank,Blank,,,Friday,WEEK 23,03_June,,,,70,70,0,0,0,0,0,0,32,32,0,0,0,0,0,0,4,41,0,0,2,26,6,15.1,8,0,,200,200,200,226,226,226,226,226,241,246,200,293,319,319,0,,14000,0,0,0,7232,0,0,0,964,0,400,1758,4817,2552,0,,31723,,90981,,Blank,Blank,Blank,Blank,
10-Jun-23,,Blank,Blank,,,Saturday,WEEK 23,03_June,,,,37,43,0,0,0,0,0,0,12.1,14,0,0,0,0,0,0,4,38,0,0,3.2,37,5,15.1,5,0,,210,210,210,238,238,238,238,238,253,258,210,308,336,336,0,,7770,0,0,0,2880,0,0,0,1012,0,672,1540,5074,1680,0,,20628,,111609,,Blank,Blank,Blank,Blank,
11-Jun-23,,Chicken,Bismillaha Chicken Center,"135,708",,Sunday,WEEK 23,03_June,Yes,,,46,46,0,0,0,0,0,0,27,27,0,0,0,0,0,0,3,32,0,0,2.4,27,7.1,6,5,0,,218,218,218,247,247,247,247,247,262,267,218,319,348,348,0,,10028,0,0,0,6669,0,0,0,786,0,523,2265,2088,1740,0,,24099,135708,0,,11-Jun-23,Sunday,WEEK 23,03_June,
12-Jun-23,,Blank,Blank,,,Monday,WEEK 24,03_June,,,,13,13,0,0,0,0,0,0,10,10,0,0,0,0,0,0,2.5,29,0,0,0,0,6.5,8,4,0,,218,218,218,247,247,247,247,247,262,267,218,319,348,348,0,,2834,0,0,0,2470,0,0,0,655,0,0,2074,2784,1392,0,,12209,,12209,,Blank,Blank,Blank,Blank,
13-Jun-23,,Blank,Blank,,,Tuesday,WEEK 24,03_June,,,,35,35,0,0,0,0,0,0,16,16,0,0,0,0,0,0,3,29,0,0,2,27,5,8,6,0,,218,218,218,247,247,247,247,247,262,267,218,319,348,348,0,,7630,0,0,0,3952,0,0,0,786,0,436,1595,2784,2088,0,,19271,,31480,,Blank,Blank,Blank,Blank,
14-Jun-23,,Blank,Blank,,,Wednesday,WEEK 24,03_June,,,,19.6,20,0,0,0,0,0,0,19.7,20,0,0,0,0,0,0,0,0,0,0,1,15,4.9,8,6,0,,218,218,218,247,247,247,247,247,262,267,218,319,348,348,0,,4273,0,0,0,4866,0,0,0,0,0,218,1563,2784,2088,0,,15792,,47272,,Blank,Blank,Blank,Blank,
15-Jun-23,,Blank,Blank,,,Thursday,WEEK 24,03_June,,,,46.2,47,0,0,0,0,0,0,19.7,20,0,0,0,0,0,0,3,30,0,0,3.6,37,8,8.15,5.5,0,,210,210,210,238,238,238,238,238,253,258,210,308,336,336,0,,9702,0,0,0,4689,0,0,0,759,0,756,2464,2738,1848,0,,22956,,70228,,Blank,Blank,Blank,Blank,
16-Jun-23,,Blank,Blank,,,Friday,WEEK 24,03_June,,,,50.2,51,0,0,0,0,0,0,0,0,0,0,0,0,0,0,0,0,0,0,3.8,38,10.1,10,6,0,,215,215,215,243,243,243,243,243,258,263,215,315,343,343,0,,10793,0,0,0,0,0,0,0,0,0,817,3182,3430,2058,0,,20280,,90508,,Blank,Blank,Blank,Blank,
17-Jun-23,,Blank,Blank,,,Saturday,WEEK 24,03_June,,,,9.2,10,0,0,0,0,0,0,18.7,20,0,0,0,0,0,0,5,54,0,0,3.1,41,8,10,7,0,,218,218,218,247,247,247,247,247,262,267,218,319,348,348,0,,2006,0,0,0,4619,0,0,0,1310,0,676,2552,3480,2436,0,,17079,,107587,,Blank,Blank,Blank,Blank,
18-Jun-23,,Chicken,Bismillaha Chicken Center,"129,919",,Sunday,WEEK 24,03_June,Yes,,,30,30,0,0,0,0,0,0,18,18,0,0,0,0,0,0,5,46,0,0,4,51,8,12,7,0,,218,218,218,247,247,247,247,247,262,267,218,319,348,348,0,,6540,0,0,0,4446,0,0,0,1310,0,872,2552,4176,2436,0,,22332,129919,0,,18-Jun-23,Sunday,WEEK 24,03_June,
19-Jun-23,,Blank,Blank,,,Monday,WEEK 25,03_June,,,,19,19,0,0,0,0,0,0,18.7,20,0,0,0,0,0,0,3,29,0,0,0,0,8,9,5,0,,210,210,210,238,238,238,238,238,253,258,210,308,336,336,0,,3990,0,0,0,4451,0,0,0,759,0,0,2464,3024,1680,0,,16368,,16368,,Blank,Blank,Blank,Blank,
20-Jun-23,,Blank,Blank,,,Tuesday,WEEK 25,03_June,,,,0,0,0,0,0,0,0,0,15.5,19,0,0,0,0,0,0,3.3,32,0,0,0,0,8,10,5.7,0,,215,215,215,243,243,243,243,243,258,263,215,315,343,343,0,,0,0,0,0,3767,0,0,0,851,0,0,2520,3430,1955,0,,12523,,28891,,Blank,Blank,Blank,Blank,
21-Jun-23,,Blank,Blank,,,Wednesday,WEEK 25,03_June,,,,40,40,0,0,0,0,0,0,18.2,19,0,0,0,0,0,0,3,30,0,0,0,0,5,10.1,5.5,0,,215,215,215,243,243,243,243,243,258,263,215,315,343,343,0,,8600,0,0,0,4423,0,0,0,774,0,0,1575,3464,1887,0,,20723,,49614,,Blank,Blank,Blank,Blank,
22-Jun-23,,Blank,Blank,,,Thursday,WEEK 25,03_June,,,,40,40,0,0,0,0,0,0,9,10,0,0,0,0,0,0,4.1,40,0,0,0,0,10,12,7.5,0,,207,207,207,235,235,235,235,235,250,255,207,304,331,331,0,,8280,0,0,0,2115,0,0,0,1025,0,0,3040,3972,2483,0,,20915,,70529,,Blank,Blank,Blank,Blank,
23-Jun-23,,Blank,Blank,,,Friday,WEEK 25,03_June,,,,60,55,0,0,0,0,0,0,19.6,20,0,0,0,0,0,0,4.1,41,0,0,0,0,14,13,8,0,,195,195,195,221,221,221,221,221,236,241,195,286,312,312,0,,11700,0,0,0,4332,0,0,0,968,0,0,4004,4056,2496,0,,27556,,98085,,Blank,Blank,Blank,Blank,
24-Jun-23,,Blank,Blank,,,Saturday,WEEK 25,03_June,,,,35.4,34,0,0,0,0,0,0,10,10,0,0,0,0,0,0,7,68,0,0,5.1,68,12.2,15.8,11,0,,195,195,195,221,221,221,221,221,236,241,195,286,312,312,0,,6903,0,0,0,2210,0,0,0,1652,0,995,3489,4930,3432,0,,23611,,121696,,Blank,Blank,Blank,Blank,
25-Jun-23,,Chicken,Bismillaha Chicken Center,"150,342",,Sunday,WEEK 25,03_June,Yes,,,33.2,31,0,0,0,0,0,0,19.5,19,0,0,0,0,0,0,5,49,0,0,8.6,87,12.1,19,18,0,,195,195,195,221,221,221,221,221,236,241,195,286,312,312,0,,6474,0,0,0,4310,0,0,0,1180,0,1677,3461,5928,5616,0,,28646,150342,0,,25-Jun-23,Sunday,WEEK 25,03_June,
26-Jun-23,,Blank,Blank,,,Monday,WEEK 26,03_June,,,,25.7,29,0,0,0,0,0,0,18,20,0,0,0,0,0,0,0,0,0,0,1.8,22,0,11,5.6,0,,173,173,173,196,196,196,196,196,211,216,173,253,276,276,0,,4446,0,0,0,3528,0,0,0,0,0,311,0,3036,1546,0,,12867,,12867,,Blank,Blank,Blank,Blank,
27-Jun-23,,Blank,Blank,,,Tuesday,WEEK 26,03_June,,,,20.4,20,0,0,0,0,0,0,18,20,0,0,0,0,0,0,7,73,0,0,5.7,66,12,12,8,0,,177,177,177,201,201,201,201,201,216,221,177,260,283,283,0,,3611,0,0,0,3618,0,0,0,1512,0,1009,3120,3396,2264,0,,18530,,31397,,Blank,Blank,Blank,Blank,
28-Jun-23,,Blank,Blank,,,Wednesday,WEEK 26,03_June,,,,41.3,40,0,0,0,0,0,0,31.3,30,0,0,0,0,0,0,5,49,0,0,4.5,52,12,12,8,0,,180,180,180,204,204,204,204,204,219,224,180,264,288,288,0,,7434,0,0,0,6385,0,0,0,1095,0,810,3168,3456,2304,0,,24652,,56049,,Blank,Blank,Blank,Blank,
29-Jun-23,,Blank,Blank,,,Thursday,WEEK 26,03_June,,,,41.1,41,0,0,0,0,0,0,33,31,0,0,0,0,0,0,4,40,0,0,3,41,12,14,9.3,0,,180,180,180,204,204,204,204,204,219,224,180,264,288,288,0,,7398,0,0,0,6732,0,0,0,876,0,540,3168,4032,2678,0,,25424,,81473,,Blank,Blank,Blank,Blank,
30-Jun-23,,Chicken,Bismillaha Chicken Center,"113,335",,Friday,WEEK 26,03_June,Yes,,,44.7,40,0,0,0,0,15.3,11,30.6,30,0,0,0,0,0,0,5,52,0,0,5,0,16.1,20,8.5,0,,180,180,180,204,204,204,204,204,219,224,180,264,288,288,0,,8046,0,0,3121,6242,0,0,0,1095,0,900,4250,5760,2448,0,,31862,113335,0,,30-Jun-23,Friday,WEEK 26,03_June,
01-Jul-23,,Blank,Blank,,,Saturday,WEEK 26,04_July,,,,59.5,61,0,0,0,0,20.4,14,31,32,0,0,0,0,0,0,6,55,0,0,7,77,17,20,10,0,,180,180,180,204,204,204,204,204,219,224,180,264,288,288,0,,10710,0,0,4162,6324,0,0,0,1314,0,1260,4488,5760,2880,0,,36898,,36898,,Blank,Blank,Blank,Blank,
02-Jul-23,,Chicken,Bismillaha Chicken Center,"71,530",,Sunday,WEEK 26,04_July,Yes,,,53.3,50,0,0,0,0,31.5,23,28.1,26,0,0,0,0,0,0,5,51,0,0,4.5,0,13.1,18,8.1,0,,180,180,180,204,204,204,204,204,219,224,180,264,288,288,0,,9594,0,0,6426,5732,0,0,0,1095,0,810,3458,5184,2333,0,,34632,71530,0,,02-Jul-23,Sunday,WEEK 26,04_July,
03-Jul-23,,Blank,Blank,,,Monday,WEEK 27,04_July,,,,11.3,10,0,0,0,0,0,0,19.9,20,0,0,0,0,0,0,5,50,0,0,2.7,32,8.2,10,8.1,0,,159,159,159,180,180,180,180,180,195,200,159,233,254,254,0,,1797,0,0,0,3582,0,0,0,975,0,429,1911,2540,2057,0,,13291,,13291,,Blank,Blank,Blank,Blank,
04-Jul-23,,Blank,Blank,,,Tuesday,WEEK 27,04_July,,,,10.8,10,0,0,0,0,9.5,6,19.7,20,0,0,0,0,0,0,4.1,40,0,0,1.7,0,8,10,7.1,0,,165,165,165,187,187,187,187,187,202,207,165,242,264,264,0,,1782,0,0,1777,3684,0,0,0,828,0,281,1936,2640,1874,0,,14802,,28093,,Blank,Blank,Blank,Blank,
05-Jul-23,,Blank,Blank,,,Wednesday,WEEK 27,04_July,,,,41.7,40,0,0,0,0,17,13,26.7,30,0,0,0,0,0,0,4.6,48,0,0,3.6,42,8,12.1,10.1,0,,165,165,165,187,187,187,187,187,202,207,165,242,264,264,0,,6881,0,0,3179,4993,0,0,0,929,0,594,1936,3194,2666,0,,24372,,52465,,Blank,Blank,Blank,Blank,
06-Jul-23,,Blank,Blank,,,Thursday,WEEK 27,04_July,,,,28.4,30,0,0,0,0,0,0,18.7,19,0,0,0,0,0,0,5,52,0,0,4.5,56,8,12,10,0,,155,155,155,175,175,175,175,175,190,195,155,227,247,247,0,,4402,0,0,0,3273,0,0,0,950,0,698,1816,2964,2470,0,,16573,,69038,,Blank,Blank,Blank,Blank,
07-Jul-23,,Blank,Blank,,,Friday,WEEK 27,04_July,,,,40.2,40,0,0,0,0,30.1,24,10,10,0,0,0,0,0,0,2,19,0,0,5,57,12.1,17.8,6.5,0,,155,155,155,175,175,175,175,175,190,195,155,227,247,247,0,,6231,0,0,5268,1750,0,0,0,380,0,775,2747,4397,1606,0,,23154,,92192,,Blank,Blank,Blank,Blank,
08-Jul-23,,Blank,Blank,,,Saturday,WEEK 27,04_July,,,,49.2,46,0,0,0,0,9.7,6,22.7,21,0,0,0,0,0,0,2.5,24,0,0,5.6,65,12.1,20,11.2,0,,138,138,138,156,156,156,156,156,171,176,138,202,221,221,0,,6790,0,0,1513,3541,0,0,0,428,0,773,2444,4420,2475,0,,22384,,114576,,Blank,Blank,Blank,Blank,
09-Jul-23,,Chicken,Bismillaha Chicken Center,"124,803",,Sunday,WEEK 27,04_July,Yes,,,11.7,10,0,0,0,0,10.3,7,10.3,10,0,0,0,0,0,0,4.5,44,0,0,3,39,0,16.2,0,0,,147,147,147,167,167,167,167,167,182,187,147,216,235,235,0,,1720,0,0,1720,1720,0,0,0,819,0,441,0,3807,0,0,,10227,124803,0,,09-Jul-23,Sunday,WEEK 27,04_July,
10-Jul-23,,Blank,Blank,,,Monday,WEEK 28,04_July,,,,9.6,9,0,0,0,0,15.3,12,10.2,10,0,0,0,0,0,0,0,0,0,0,3.5,46,8,12.1,5,0,,132,132,132,150,150,150,150,150,165,170,132,194,211,211,0,,1267,0,0,2295,1530,0,0,0,0,0,462,1552,2553,1055,0,,10714,,10714,,Blank,Blank,Blank,Blank,
11-Jul-23,,Blank,Blank,,,Tuesday,WEEK 28,04_July,,,,11.1,10,0,0,0,0,20.2,15,9.3,9,0,0,0,0,0,0,3.6,35,0,0,4.5,54,8.1,5,5,0,,132,132,132,150,150,150,150,150,165,170,132,194,211,211,0,,1465,0,0,3030,1395,0,0,0,594,0,594,1571,1055,1055,0,,10759,,21473,,Blank,Blank,Blank,Blank,
12-Jul-23,,Blank,Blank,,,Wednesday,WEEK 28,04_July,,,,10.5,10,0,0,0,0,0,0,0,0,0,0,0,0,0,0,5,52,0,0,5.1,61,5.5,10.1,4,0,,140,140,140,158,158,158,158,158,173,178,140,205,223,223,0,,1470,0,0,0,0,0,0,0,865,0,714,1128,2252,892,0,,7321,,28794,,Blank,Blank,Blank,Blank,
13-Jul-23,,Blank,Blank,,,Thursday,WEEK 28,04_July,,,,23.1,22,0,0,0,0,18.8,19,0,0,0,0,0,0,0,0,6,59,0,0,5,70,6,10,3.1,0,,144,144,144,163,163,163,163,163,178,183,144,211,230,230,0,,3326,0,0,3064,0,0,0,0,1068,0,720,1266,2300,713,0,,12457,,41251,,Blank,Blank,Blank,Blank,
14-Jul-23,,Blank,Blank,,,Friday,WEEK 28,04_July,,,,33,30,0,0,0,0,21.3,15,0,0,0,0,0,0,0,0,8,81,0,0,4,48,0,10.1,5,0,,147,147,147,167,167,167,167,167,182,187,147,216,235,235,0,,4851,0,0,3557,0,0,0,0,1456,0,588,0,2374,1175,0,,14001,,55252,,Blank,Blank,Blank,Blank,
15-Jul-23,,Blank,Blank,,,Saturday,WEEK 28,04_July,,,,33.4,30,0,0,0,0,23.4,22,14.9,15,0,0,0,0,0,0,0,0,0,0,6.7,90,10.4,15,3,0,,150,150,150,170,170,170,170,170,185,190,150,220,240,240,0,,5010,0,0,3978,2533,0,0,0,0,0,1005,2288,3600,720,0,,19134,,74386,,Blank,Blank,Blank,Blank,
16-Jul-23,,Chicken,Bismillaha Chicken Center,"92,107",,Sunday,WEEK 28,04_July,Yes,,,20.5,20,0,0,0,0,20.2,19,17.8,19,0,0,0,0,0,0,0,0,0,0,4,52,7.1,20.1,5,0,,150,150,150,170,170,170,170,170,185,190,150,220,240,240,0,,3075,0,0,3434,3026,0,0,0,0,0,600,1562,4824,1200,0,,17721,92107,0,,16-Jul-23,Sunday,WEEK 28,04_July,
17-Jul-23,,Blank,Blank,,,Monday,WEEK 29,04_July,,,,8.9,9,0,0,0,0,14.5,14,12.9,12,0,0,0,0,0,0,6.7,78,0,0,4.1,52,6,15.1,3.1,0,,140,140,140,158,158,158,158,158,173,178,140,205,223,223,0,,1246,0,0,2291,2038,0,0,0,1159,0,574,1230,3367,691,0,,12596,,12596,,Blank,Blank,Blank,Blank,
18-Jul-23,,Blank,Blank,,,Tuesday,WEEK 29,04_July,,,,15.6,15,0,0,0,0,14.9,13,16.3,15,0,0,0,0,0,0,0,0,0,0,4.1,49,8.1,10.1,3.1,0,,140,140,140,158,158,158,158,158,173,178,140,205,223,223,0,,2184,0,0,2354,2575,0,0,0,0,0,574,1661,2252,691,0,,12291,,24887,,Blank,Blank,Blank,Blank,
19-Jul-23,,Blank,Blank,,,Wednesday,WEEK 29,04_July,,,,40.2,40,0,0,0,0,10.1,10,9.9,9,0,0,0,0,0,0,0,0,0,0,0,0,8,15.1,4.1,0,,135,135,135,153,153,153,153,153,168,173,135,198,216,216,0,,5427,0,0,1545,1515,0,0,0,0,0,0,1584,3262,886,0,,14219,,39106,,Blank,Blank,Blank,Blank,
20-Jul-23,,Blank,Blank,,,Thursday,WEEK 29,04_July,,,,27.9,30,0,0,0,0,15,15,14.4,14,0,0,0,0,0,0,10,98,0,0,10,120,10,14.9,7,0,,135,135,135,153,153,153,153,153,168,173,135,198,216,216,0,,3767,0,0,2295,2203,0,0,0,1680,0,1350,1980,3218,1512,0,,18005,,57111,,Blank,Blank,Blank,Blank,
,,Blank,Blank,,,Blank,Blank,13_Blank,,,,0,0,0,0,0,0,0,0,0,0,0,0,0,0,0,0,0,0,0,0,0,0,0,0,0,0,,0,0,0,0,0,0,0,0,0,0,0,0,0,0,0,,0,0,0,0,0,0,0,0,0,0,0,0,0,0,0,,0,,57111,,Blank,Blank,Blank,Blank,
,,Blank,Blank,,,Blank,Blank,13_Blank,,,,0,0,0,0,0,0,0,0,0,0,0,0,0,0,0,0,0,0,0,0,0,0,0,0,0,0,,0,0,0,0,0,0,0,0,0,0,0,0,0,0,0,,0,0,0,0,0,0,0,0,0,0,0,0,0,0,0,,0,,57111,,Blank,Blank,Blank,Blank,
,,Blank,Blank,,,Blank,Blank,13_Blank,,,,0,0,0,0,0,0,0,0,0,0,0,0,0,0,0,0,0,0,0,0,0,0,0,0,0,0,,0,0,0,0,0,0,0,0,0,0,0,0,0,0,0,,0,0,0,0,0,0,0,0,0,0,0,0,0,0,0,,0,,57111,,Blank,Blank,Blank,Blank,
,,Blank,Blank,,,Blank,Blank,13_Blank,,,,0,0,0,0,0,0,0,0,0,0,0,0,0,0,0,0,0,0,0,0,0,0,0,0,0,0,,0,0,0,0,0,0,0,0,0,0,0,0,0,0,0,,0,0,0,0,0,0,0,0,0,0,0,0,0,0,0,,0,,57111,,Blank,Blank,Blank,Blank,
,,Blank,Blank,,,Blank,Blank,13_Blank,,,,0,0,0,0,0,0,0,0,0,0,0,0,0,0,0,0,0,0,0,0,0,0,0,0,0,0,,0,0,0,0,0,0,0,0,0,0,0,0,0,0,0,,0,0,0,0,0,0,0,0,0,0,0,0,0,0,0,,0,,57111,,Blank,Blank,Blank,Blank,
,,Blank,Blank,,,Blank,Blank,13_Blank,,,,0,0,0,0,0,0,0,0,0,0,0,0,0,0,0,0,0,0,0,0,0,0,0,0,0,0,,0,0,0,0,0,0,0,0,0,0,0,0,0,0,0,,0,0,0,0,0,0,0,0,0,0,0,0,0,0,0,,0,,57111,,Blank,Blank,Blank,Blank,
,,Blank,Blank,,,Blank,Blank,13_Blank,,,,0,0,0,0,0,0,0,0,0,0,0,0,0,0,0,0,0,0,0,0,0,0,0,0,0,0,,0,0,0,0,0,0,0,0,0,0,0,0,0,0,0,,0,0,0,0,0,0,0,0,0,0,0,0,0,0,0,,0,,57111,,Blank,Blank,Blank,Blank,
,,Blank,Blank,,,Blank,Blank,13_Blank,,,,0,0,0,0,0,0,0,0,0,0,0,0,0,0,0,0,0,0,0,0,0,0,0,0,0,0,,0,0,0,0,0,0,0,0,0,0,0,0,0,0,0,,0,0,0,0,0,0,0,0,0,0,0,0,0,0,0,,0,,57111,,Blank,Blank,Blank,Blank,
,,Blank,Blank,,,Blank,Blank,13_Blank,,,,0,0,0,0,0,0,0,0,0,0,0,0,0,0,0,0,0,0,0,0,0,0,0,0,0,0,,0,0,0,0,0,0,0,0,0,0,0,0,0,0,0,,0,0,0,0,0,0,0,0,0,0,0,0,0,0,0,,0,,57111,,Blank,Blank,Blank,Blank,
,,Blank,Blank,,,Blank,Blank,13_Blank,,,,0,0,0,0,0,0,0,0,0,0,0,0,0,0,0,0,0,0,0,0,0,0,0,0,0,0,,0,0,0,0,0,0,0,0,0,0,0,0,0,0,0,,0,0,0,0,0,0,0,0,0,0,0,0,0,0,0,,0,,57111,,Blank,Blank,Blank,Blank,
,,Blank,Blank,,,Blank,Blank,13_Blank,,,,0,0,0,0,0,0,0,0,0,0,0,0,0,0,0,0,0,0,0,0,0,0,0,0,0,0,,0,0,0,0,0,0,0,0,0,0,0,0,0,0,0,,0,0,0,0,0,0,0,0,0,0,0,0,0,0,0,,0,,57111,,Blank,Blank,Blank,Blank,
,,Blank,Blank,,,Blank,Blank,13_Blank,,,,0,0,0,0,0,0,0,0,0,0,0,0,0,0,0,0,0,0,0,0,0,0,0,0,0,0,,0,0,0,0,0,0,0,0,0,0,0,0,0,0,0,,0,0,0,0,0,0,0,0,0,0,0,0,0,0,0,,0,,57111,,Blank,Blank,Blank,Blank,
,,Blank,Blank,,,Blank,Blank,13_Blank,,,,0,0,0,0,0,0,0,0,0,0,0,0,0,0,0,0,0,0,0,0,0,0,0,0,0,0,,0,0,0,0,0,0,0,0,0,0,0,0,0,0,0,,0,0,0,0,0,0,0,0,0,0,0,0,0,0,0,,0,,57111,,Blank,Blank,Blank,Blank,
,,Blank,Blank,,,Blank,Blank,13_Blank,,,,0,0,0,0,0,0,0,0,0,0,0,0,0,0,0,0,0,0,0,0,0,0,0,0,0,0,,0,0,0,0,0,0,0,0,0,0,0,0,0,0,0,,0,0,0,0,0,0,0,0,0,0,0,0,0,0,0,,0,,57111,,Blank,Blank,Blank,Blank,
,,Blank,Blank,,,Blank,Blank,13_Blank,,,,0,0,0,0,0,0,0,0,0,0,0,0,0,0,0,0,0,0,0,0,0,0,0,0,0,0,,0,0,0,0,0,0,0,0,0,0,0,0,0,0,0,,0,0,0,0,0,0,0,0,0,0,0,0,0,0,0,,0,,57111,,Blank,Blank,Blank,Blank,
,,Blank,Blank,,,Blank,Blank,13_Blank,,,,0,0,0,0,0,0,0,0,0,0,0,0,0,0,0,0,0,0,0,0,0,0,0,0,0,0,,0,0,0,0,0,0,0,0,0,0,0,0,0,0,0,,0,0,0,0,0,0,0,0,0,0,0,0,0,0,0,,0,,57111,,Blank,Blank,Blank,Blank,
,,Blank,Blank,,,Blank,Blank,13_Blank,,,,0,0,0,0,0,0,0,0,0,0,0,0,0,0,0,0,0,0,0,0,0,0,0,0,0,0,,0,0,0,0,0,0,0,0,0,0,0,0,0,0,0,,0,0,0,0,0,0,0,0,0,0,0,0,0,0,0,,0,,57111,,Blank,Blank,Blank,Blank,
,,Blank,Blank,,,Blank,Blank,13_Blank,,,,0,0,0,0,0,0,0,0,0,0,0,0,0,0,0,0,0,0,0,0,0,0,0,0,0,0,,0,0,0,0,0,0,0,0,0,0,0,0,0,0,0,,0,0,0,0,0,0,0,0,0,0,0,0,0,0,0,,0,,57111,,Blank,Blank,Blank,Blank,
,,Blank,Blank,,,Blank,Blank,13_Blank,,,,0,0,0,0,0,0,0,0,0,0,0,0,0,0,0,0,0,0,0,0,0,0,0,0,0,0,,0,0,0,0,0,0,0,0,0,0,0,0,0,0,0,,0,0,0,0,0,0,0,0,0,0,0,0,0,0,0,,0,,57111,,Blank,Blank,Blank,Blank,
,,Blank,Blank,,,Blank,Blank,13_Blank,,,,0,0,0,0,0,0,0,0,0,0,0,0,0,0,0,0,0,0,0,0,0,0,0,0,0,0,,0,0,0,0,0,0,0,0,0,0,0,0,0,0,0,,0,0,0,0,0,0,0,0,0,0,0,0,0,0,0,,0,,57111,,Blank,Blank,Blank,Blank,
,,Blank,Blank,,,Blank,Blank,13_Blank,,,,0,0,0,0,0,0,0,0,0,0,0,0,0,0,0,0,0,0,0,0,0,0,0,0,0,0,,0,0,0,0,0,0,0,0,0,0,0,0,0,0,0,,0,0,0,0,0,0,0,0,0,0,0,0,0,0,0,,0,,57111,,Blank,Blank,Blank,Blank,
,,Blank,Blank,,,Blank,Blank,13_Blank,,,,0,0,0,0,0,0,0,0,0,0,0,0,0,0,0,0,0,0,0,0,0,0,0,0,0,0,,0,0,0,0,0,0,0,0,0,0,0,0,0,0,0,,0,0,0,0,0,0,0,0,0,0,0,0,0,0,0,,0,,57111,,Blank,Blank,Blank,Blank,
,,Blank,Blank,,,Blank,Blank,13_Blank,,,,0,0,0,0,0,0,0,0,0,0,0,0,0,0,0,0,0,0,0,0,0,0,0,0,0,0,,0,0,0,0,0,0,0,0,0,0,0,0,0,0,0,,0,0,0,0,0,0,0,0,0,0,0,0,0,0,0,,0,,57111,,Blank,Blank,Blank,Blank,
,,Blank,Blank,,,Blank,Blank,13_Blank,,,,0,0,0,0,0,0,0,0,0,0,0,0,0,0,0,0,0,0,0,0,0,0,0,0,0,0,,0,0,0,0,0,0,0,0,0,0,0,0,0,0,0,,0,0,0,0,0,0,0,0,0,0,0,0,0,0,0,,0,,57111,,Blank,Blank,Blank,Blank,
,,Blank,Blank,,,Blank,Blank,13_Blank,,,,0,0,0,0,0,0,0,0,0,0,0,0,0,0,0,0,0,0,0,0,0,0,0,0,0,0,,0,0,0,0,0,0,0,0,0,0,0,0,0,0,0,,0,0,0,0,0,0,0,0,0,0,0,0,0,0,0,,0,,57111,,Blank,Blank,Blank,Blank,
,,Blank,Blank,,,Blank,Blank,13_Blank,,,,0,0,0,0,0,0,0,0,0,0,0,0,0,0,0,0,0,0,0,0,0,0,0,0,0,0,,0,0,0,0,0,0,0,0,0,0,0,0,0,0,0,,0,0,0,0,0,0,0,0,0,0,0,0,0,0,0,,0,,57111,,Blank,Blank,Blank,Blank,
,,Blank,Blank,,,Blank,Blank,13_Blank,,,,0,0,0,0,0,0,0,0,0,0,0,0,0,0,0,0,0,0,0,0,0,0,0,0,0,0,,0,0,0,0,0,0,0,0,0,0,0,0,0,0,0,,0,0,0,0,0,0,0,0,0,0,0,0,0,0,0,,0,,57111,,Blank,Blank,Blank,Blank,
,,Blank,Blank,,,Blank,Blank,13_Blank,,,,0,0,0,0,0,0,0,0,0,0,0,0,0,0,0,0,0,0,0,0,0,0,0,0,0,0,,0,0,0,0,0,0,0,0,0,0,0,0,0,0,0,,0,0,0,0,0,0,0,0,0,0,0,0,0,0,0,,0,,57111,,Blank,Blank,Blank,Blank,
,,Blank,Blank,,,Blank,Blank,13_Blank,,,,0,0,0,0,0,0,0,0,0,0,0,0,0,0,0,0,0,0,0,0,0,0,0,0,0,0,,0,0,0,0,0,0,0,0,0,0,0,0,0,0,0,,0,0,0,0,0,0,0,0,0,0,0,0,0,0,0,,0,,57111,,Blank,Blank,Blank,Blank,
,,Blank,Blank,,,Blank,Blank,13_Blank,,,,0,0,0,0,0,0,0,0,0,0,0,0,0,0,0,0,0,0,0,0,0,0,0,0,0,0,,0,0,0,0,0,0,0,0,0,0,0,0,0,0,0,,0,0,0,0,0,0,0,0,0,0,0,0,0,0,0,,0,,57111,,Blank,Blank,Blank,Blank,
,,Blank,Blank,,,Blank,Blank,13_Blank,,,,0,0,0,0,0,0,0,0,0,0,0,0,0,0,0,0,0,0,0,0,0,0,0,0,0,0,,0,0,0,0,0,0,0,0,0,0,0,0,0,0,0,,0,0,0,0,0,0,0,0,0,0,0,0,0,0,0,,0,,57111,,Blank,Blank,Blank,Blank,
,,Blank,Blank,,,Blank,Blank,13_Blank,,,,0,0,0,0,0,0,0,0,0,0,0,0,0,0,0,0,0,0,0,0,0,0,0,0,0,0,,0,0,0,0,0,0,0,0,0,0,0,0,0,0,0,,0,0,0,0,0,0,0,0,0,0,0,0,0,0,0,,0,,57111,,Blank,Blank,Blank,Blank,
,,Blank,Blank,,,Blank,Blank,13_Blank,,,,0,0,0,0,0,0,0,0,0,0,0,0,0,0,0,0,0,0,0,0,0,0,0,0,0,0,,0,0,0,0,0,0,0,0,0,0,0,0,0,0,0,,0,0,0,0,0,0,0,0,0,0,0,0,0,0,0,,0,,57111,,Blank,Blank,Blank,Blank,
,,Blank,Blank,,,Blank,Blank,13_Blank,,,,0,0,0,0,0,0,0,0,0,0,0,0,0,0,0,0,0,0,0,0,0,0,0,0,0,0,,0,0,0,0,0,0,0,0,0,0,0,0,0,0,0,,0,0,0,0,0,0,0,0,0,0,0,0,0,0,0,,0,,57111,,Blank,Blank,Blank,Blank,
,,Blank,Blank,,,Blank,Blank,13_Blank,,,,0,0,0,0,0,0,0,0,0,0,0,0,0,0,0,0,0,0,0,0,0,0,0,0,0,0,,0,0,0,0,0,0,0,0,0,0,0,0,0,0,0,,0,0,0,0,0,0,0,0,0,0,0,0,0,0,0,,0,,57111,,Blank,Blank,Blank,Blank,
,,Blank,Blank,,,Blank,Blank,13_Blank,,,,0,0,0,0,0,0,0,0,0,0,0,0,0,0,0,0,0,0,0,0,0,0,0,0,0,0,,0,0,0,0,0,0,0,0,0,0,0,0,0,0,0,,0,0,0,0,0,0,0,0,0,0,0,0,0,0,0,,0,,57111,,Blank,Blank,Blank,Blank,
,,Blank,Blank,,,Blank,Blank,13_Blank,,,,0,0,0,0,0,0,0,0,0,0,0,0,0,0,0,0,0,0,0,0,0,0,0,0,0,0,,0,0,0,0,0,0,0,0,0,0,0,0,0,0,0,,0,0,0,0,0,0,0,0,0,0,0,0,0,0,0,,0,,57111,,Blank,Blank,Blank,Blank,
,,Blank,Blank,,,Blank,Blank,13_Blank,,,,0,0,0,0,0,0,0,0,0,0,0,0,0,0,0,0,0,0,0,0,0,0,0,0,0,0,,0,0,0,0,0,0,0,0,0,0,0,0,0,0,0,,0,0,0,0,0,0,0,0,0,0,0,0,0,0,0,,0,,57111,,Blank,Blank,Blank,Blank,
,,Blank,Blank,,,Blank,Blank,13_Blank,,,,0,0,0,0,0,0,0,0,0,0,0,0,0,0,0,0,0,0,0,0,0,0,0,0,0,0,,0,0,0,0,0,0,0,0,0,0,0,0,0,0,0,,0,0,0,0,0,0,0,0,0,0,0,0,0,0,0,,0,,57111,,Blank,Blank,Blank,Blank,
,,Blank,Blank,,,Blank,Blank,13_Blank,,,,0,0,0,0,0,0,0,0,0,0,0,0,0,0,0,0,0,0,0,0,0,0,0,0,0,0,,0,0,0,0,0,0,0,0,0,0,0,0,0,0,0,,0,0,0,0,0,0,0,0,0,0,0,0,0,0,0,,0,,57111,,Blank,Blank,Blank,Blank,
,,Blank,Blank,,,Blank,Blank,13_Blank,,,,0,0,0,0,0,0,0,0,0,0,0,0,0,0,0,0,0,0,0,0,0,0,0,0,0,0,,0,0,0,0,0,0,0,0,0,0,0,0,0,0,0,,0,0,0,0,0,0,0,0,0,0,0,0,0,0,0,,0,,57111,,Blank,Blank,Blank,Blank,
,,Blank,Blank,,,Blank,Blank,13_Blank,,,,0,0,0,0,0,0,0,0,0,0,0,0,0,0,0,0,0,0,0,0,0,0,0,0,0,0,,0,0,0,0,0,0,0,0,0,0,0,0,0,0,0,,0,0,0,0,0,0,0,0,0,0,0,0,0,0,0,,0,,57111,,Blank,Blank,Blank,Blank,
,,Blank,Blank,,,Blank,Blank,13_Blank,,,,0,0,0,0,0,0,0,0,0,0,0,0,0,0,0,0,0,0,0,0,0,0,0,0,0,0,,0,0,0,0,0,0,0,0,0,0,0,0,0,0,0,,0,0,0,0,0,0,0,0,0,0,0,0,0,0,0,,0,,57111,,Blank,Blank,Blank,Blank,
,,Blank,Blank,,,Blank,Blank,13_Blank,,,,0,0,0,0,0,0,0,0,0,0,0,0,0,0,0,0,0,0,0,0,0,0,0,0,0,0,,0,0,0,0,0,0,0,0,0,0,0,0,0,0,0,,0,0,0,0,0,0,0,0,0,0,0,0,0,0,0,,0,,57111,,Blank,Blank,Blank,Blank,
,,Blank,Blank,,,Blank,Blank,13_Blank,,,,0,0,0,0,0,0,0,0,0,0,0,0,0,0,0,0,0,0,0,0,0,0,0,0,0,0,,0,0,0,0,0,0,0,0,0,0,0,0,0,0,0,,0,0,0,0,0,0,0,0,0,0,0,0,0,0,0,,0,,57111,,Blank,Blank,Blank,Blank,
,,Blank,Blank,,,Blank,Blank,13_Blank,,,,0,0,0,0,0,0,0,0,0,0,0,0,0,0,0,0,0,0,0,0,0,0,0,0,0,0,,0,0,0,0,0,0,0,0,0,0,0,0,0,0,0,,0,0,0,0,0,0,0,0,0,0,0,0,0,0,0,,0,,57111,,Blank,Blank,Blank,Blank,
,,Blank,Blank,,,Blank,Blank,13_Blank,,,,0,0,0,0,0,0,0,0,0,0,0,0,0,0,0,0,0,0,0,0,0,0,0,0,0,0,,0,0,0,0,0,0,0,0,0,0,0,0,0,0,0,,0,0,0,0,0,0,0,0,0,0,0,0,0,0,0,,0,,57111,,Blank,Blank,Blank,Blank,
,,Blank,Blank,,,Blank,Blank,13_Blank,,,,0,0,0,0,0,0,0,0,0,0,0,0,0,0,0,0,0,0,0,0,0,0,0,0,0,0,,0,0,0,0,0,0,0,0,0,0,0,0,0,0,0,,0,0,0,0,0,0,0,0,0,0,0,0,0,0,0,,0,,57111,,Blank,Blank,Blank,Blank,
,,Blank,Blank,,,Blank,Blank,13_Blank,,,,0,0,0,0,0,0,0,0,0,0,0,0,0,0,0,0,0,0,0,0,0,0,0,0,0,0,,0,0,0,0,0,0,0,0,0,0,0,0,0,0,0,,0,0,0,0,0,0,0,0,0,0,0,0,0,0,0,,0,,57111,,Blank,Blank,Blank,Blank,
,,Blank,Blank,,,Blank,Blank,13_Blank,,,,0,0,0,0,0,0,0,0,0,0,0,0,0,0,0,0,0,0,0,0,0,0,0,0,0,0,,0,0,0,0,0,0,0,0,0,0,0,0,0,0,0,,0,0,0,0,0,0,0,0,0,0,0,0,0,0,0,,0,,57111,,Blank,Blank,Blank,Blank,
,,Blank,Blank,,,Blank,Blank,13_Blank,,,,0,0,0,0,0,0,0,0,0,0,0,0,0,0,0,0,0,0,0,0,0,0,0,0,0,0,,0,0,0,0,0,0,0,0,0,0,0,0,0,0,0,,0,0,0,0,0,0,0,0,0,0,0,0,0,0,0,,0,,57111,,Blank,Blank,Blank,Blank,
,,Blank,Blank,,,Blank,Blank,13_Blank,,,,0,0,0,0,0,0,0,0,0,0,0,0,0,0,0,0,0,0,0,0,0,0,0,0,0,0,,0,0,0,0,0,0,0,0,0,0,0,0,0,0,0,,0,0,0,0,0,0,0,0,0,0,0,0,0,0,0,,0,,57111,,Blank,Blank,Blank,Blank,
,,Blank,Blank,,,Blank,Blank,13_Blank,,,,0,0,0,0,0,0,0,0,0,0,0,0,0,0,0,0,0,0,0,0,0,0,0,0,0,0,,0,0,0,0,0,0,0,0,0,0,0,0,0,0,0,,0,0,0,0,0,0,0,0,0,0,0,0,0,0,0,,0,,57111,,Blank,Blank,Blank,Blank,
,,Blank,Blank,,,Blank,Blank,13_Blank,,,,0,0,0,0,0,0,0,0,0,0,0,0,0,0,0,0,0,0,0,0,0,0,0,0,0,0,,0,0,0,0,0,0,0,0,0,0,0,0,0,0,0,,0,0,0,0,0,0,0,0,0,0,0,0,0,0,0,,0,,57111,,Blank,Blank,Blank,Blank,
,,Blank,Blank,,,Blank,Blank,13_Blank,,,,0,0,0,0,0,0,0,0,0,0,0,0,0,0,0,0,0,0,0,0,0,0,0,0,0,0,,0,0,0,0,0,0,0,0,0,0,0,0,0,0,0,,0,0,0,0,0,0,0,0,0,0,0,0,0,0,0,,0,,57111,,Blank,Blank,Blank,Blank,
,,Blank,Blank,,,Blank,Blank,13_Blank,,,,0,0,0,0,0,0,0,0,0,0,0,0,0,0,0,0,0,0,0,0,0,0,0,0,0,0,,0,0,0,0,0,0,0,0,0,0,0,0,0,0,0,,0,0,0,0,0,0,0,0,0,0,0,0,0,0,0,,0,,57111,,Blank,Blank,Blank,Blank,
,,Blank,Blank,,,Blank,Blank,13_Blank,,,,0,0,0,0,0,0,0,0,0,0,0,0,0,0,0,0,0,0,0,0,0,0,0,0,0,0,,0,0,0,0,0,0,0,0,0,0,0,0,0,0,0,,0,0,0,0,0,0,0,0,0,0,0,0,0,0,0,,0,,57111,,Blank,Blank,Blank,Blank,
,,Blank,Blank,,,Blank,Blank,13_Blank,,,,0,0,0,0,0,0,0,0,0,0,0,0,0,0,0,0,0,0,0,0,0,0,0,0,0,0,,0,0,0,0,0,0,0,0,0,0,0,0,0,0,0,,0,0,0,0,0,0,0,0,0,0,0,0,0,0,0,,0,,57111,,Blank,Blank,Blank,Blank,
,,Blank,Blank,,,Blank,Blank,13_Blank,,,,0,0,0,0,0,0,0,0,0,0,0,0,0,0,0,0,0,0,0,0,0,0,0,0,0,0,,0,0,0,0,0,0,0,0,0,0,0,0,0,0,0,,0,0,0,0,0,0,0,0,0,0,0,0,0,0,0,,0,,57111,,Blank,Blank,Blank,Blank,
,,Blank,Blank,,,Blank,Blank,13_Blank,,,,0,0,0,0,0,0,0,0,0,0,0,0,0,0,0,0,0,0,0,0,0,0,0,0,0,0,,0,0,0,0,0,0,0,0,0,0,0,0,0,0,0,,0,0,0,0,0,0,0,0,0,0,0,0,0,0,0,,0,,57111,,Blank,Blank,Blank,Blank,
,,Blank,Blank,,,Blank,Blank,13_Blank,,,,0,0,0,0,0,0,0,0,0,0,0,0,0,0,0,0,0,0,0,0,0,0,0,0,0,0,,0,0,0,0,0,0,0,0,0,0,0,0,0,0,0,,0,0,0,0,0,0,0,0,0,0,0,0,0,0,0,,0,,57111,,Blank,Blank,Blank,Blank,
,,Blank,Blank,,,Blank,Blank,13_Blank,,,,0,0,0,0,0,0,0,0,0,0,0,0,0,0,0,0,0,0,0,0,0,0,0,0,0,0,,0,0,0,0,0,0,0,0,0,0,0,0,0,0,0,,0,0,0,0,0,0,0,0,0,0,0,0,0,0,0,,0,,57111,,Blank,Blank,Blank,Blank,
,,Blank,Blank,,,Blank,Blank,13_Blank,,,,0,0,0,0,0,0,0,0,0,0,0,0,0,0,0,0,0,0,0,0,0,0,0,0,0,0,,0,0,0,0,0,0,0,0,0,0,0,0,0,0,0,,0,0,0,0,0,0,0,0,0,0,0,0,0,0,0,,0,,57111,,Blank,Blank,Blank,Blank,
,,Blank,Blank,,,Blank,Blank,13_Blank,,,,0,0,0,0,0,0,0,0,0,0,0,0,0,0,0,0,0,0,0,0,0,0,0,0,0,0,,0,0,0,0,0,0,0,0,0,0,0,0,0,0,0,,0,0,0,0,0,0,0,0,0,0,0,0,0,0,0,,0,,57111,,Blank,Blank,Blank,Blank,
,,Blank,Blank,,,Blank,Blank,13_Blank,,,,0,0,0,0,0,0,0,0,0,0,0,0,0,0,0,0,0,0,0,0,0,0,0,0,0,0,,0,0,0,0,0,0,0,0,0,0,0,0,0,0,0,,0,0,0,0,0,0,0,0,0,0,0,0,0,0,0,,0,,57111,,Blank,Blank,Blank,Blank,
,,Blank,Blank,,,Blank,Blank,13_Blank,,,,0,0,0,0,0,0,0,0,0,0,0,0,0,0,0,0,0,0,0,0,0,0,0,0,0,0,,0,0,0,0,0,0,0,0,0,0,0,0,0,0,0,,0,0,0,0,0,0,0,0,0,0,0,0,0,0,0,,0,,57111,,Blank,Blank,Blank,Blank,
,,Blank,Blank,,,Blank,Blank,13_Blank,,,,0,0,0,0,0,0,0,0,0,0,0,0,0,0,0,0,0,0,0,0,0,0,0,0,0,0,,0,0,0,0,0,0,0,0,0,0,0,0,0,0,0,,0,0,0,0,0,0,0,0,0,0,0,0,0,0,0,,0,,57111,,Blank,Blank,Blank,Blank,
,,Blank,Blank,,,Blank,Blank,13_Blank,,,,0,0,0,0,0,0,0,0,0,0,0,0,0,0,0,0,0,0,0,0,0,0,0,0,0,0,,0,0,0,0,0,0,0,0,0,0,0,0,0,0,0,,0,0,0,0,0,0,0,0,0,0,0,0,0,0,0,,0,,57111,,Blank,Blank,Blank,Blank,
,,Blank,Blank,,,Blank,Blank,13_Blank,,,,0,0,0,0,0,0,0,0,0,0,0,0,0,0,0,0,0,0,0,0,0,0,0,0,0,0,,0,0,0,0,0,0,0,0,0,0,0,0,0,0,0,,0,0,0,0,0,0,0,0,0,0,0,0,0,0,0,,0,,57111,,Blank,Blank,Blank,Blank,
,,Blank,Blank,,,Blank,Blank,13_Blank,,,,0,0,0,0,0,0,0,0,0,0,0,0,0,0,0,0,0,0,0,0,0,0,0,0,0,0,,0,0,0,0,0,0,0,0,0,0,0,0,0,0,0,,0,0,0,0,0,0,0,0,0,0,0,0,0,0,0,,0,,57111,,Blank,Blank,Blank,Blank,
,,Blank,Blank,,,Blank,Blank,13_Blank,,,,0,0,0,0,0,0,0,0,0,0,0,0,0,0,0,0,0,0,0,0,0,0,0,0,0,0,,0,0,0,0,0,0,0,0,0,0,0,0,0,0,0,,0,0,0,0,0,0,0,0,0,0,0,0,0,0,0,,0,,57111,,Blank,Blank,Blank,Blank,
,,Blank,Blank,,,Blank,Blank,13_Blank,,,,0,0,0,0,0,0,0,0,0,0,0,0,0,0,0,0,0,0,0,0,0,0,0,0,0,0,,0,0,0,0,0,0,0,0,0,0,0,0,0,0,0,,0,0,0,0,0,0,0,0,0,0,0,0,0,0,0,,0,,57111,,Blank,Blank,Blank,Blank,
,,Blank,Blank,,,Blank,Blank,13_Blank,,,,0,0,0,0,0,0,0,0,0,0,0,0,0,0,0,0,0,0,0,0,0,0,0,0,0,0,,0,0,0,0,0,0,0,0,0,0,0,0,0,0,0,,0,0,0,0,0,0,0,0,0,0,0,0,0,0,0,,0,,57111,,Blank,Blank,Blank,Blank,
,,Blank,Blank,,,Blank,Blank,13_Blank,,,,0,0,0,0,0,0,0,0,0,0,0,0,0,0,0,0,0,0,0,0,0,0,0,0,0,0,,0,0,0,0,0,0,0,0,0,0,0,0,0,0,0,,0,0,0,0,0,0,0,0,0,0,0,0,0,0,0,,0,,57111,,Blank,Blank,Blank,Blank,
,,Blank,Blank,,,Blank,Blank,13_Blank,,,,0,0,0,0,0,0,0,0,0,0,0,0,0,0,0,0,0,0,0,0,0,0,0,0,0,0,,0,0,0,0,0,0,0,0,0,0,0,0,0,0,0,,0,0,0,0,0,0,0,0,0,0,0,0,0,0,0,,0,,57111,,Blank,Blank,Blank,Blank,
,,Blank,Blank,,,Blank,Blank,13_Blank,,,,0,0,0,0,0,0,0,0,0,0,0,0,0,0,0,0,0,0,0,0,0,0,0,0,0,0,,0,0,0,0,0,0,0,0,0,0,0,0,0,0,0,,0,0,0,0,0,0,0,0,0,0,0,0,0,0,0,,0,,57111,,Blank,Blank,Blank,Blank,
,,Blank,Blank,,,Blank,Blank,13_Blank,,,,0,0,0,0,0,0,0,0,0,0,0,0,0,0,0,0,0,0,0,0,0,0,0,0,0,0,,0,0,0,0,0,0,0,0,0,0,0,0,0,0,0,,0,0,0,0,0,0,0,0,0,0,0,0,0,0,0,,0,,57111,,Blank,Blank,Blank,Blank,
,,Blank,Blank,,,Blank,Blank,13_Blank,,,,0,0,0,0,0,0,0,0,0,0,0,0,0,0,0,0,0,0,0,0,0,0,0,0,0,0,,0,0,0,0,0,0,0,0,0,0,0,0,0,0,0,,0,0,0,0,0,0,0,0,0,0,0,0,0,0,0,,0,,57111,,Blank,Blank,Blank,Blank,
,,Blank,Blank,,,Blank,Blank,13_Blank,,,,0,0,0,0,0,0,0,0,0,0,0,0,0,0,0,0,0,0,0,0,0,0,0,0,0,0,,0,0,0,0,0,0,0,0,0,0,0,0,0,0,0,,0,0,0,0,0,0,0,0,0,0,0,0,0,0,0,,0,,57111,,Blank,Blank,Blank,Blank,
,,Blank,Blank,,,Blank,Blank,13_Blank,,,,0,0,0,0,0,0,0,0,0,0,0,0,0,0,0,0,0,0,0,0,0,0,0,0,0,0,,0,0,0,0,0,0,0,0,0,0,0,0,0,0,0,,0,0,0,0,0,0,0,0,0,0,0,0,0,0,0,,0,,57111,,Blank,Blank,Blank,Blank,
,,Blank,Blank,,,Blank,Blank,13_Blank,,,,0,0,0,0,0,0,0,0,0,0,0,0,0,0,0,0,0,0,0,0,0,0,0,0,0,0,,0,0,0,0,0,0,0,0,0,0,0,0,0,0,0,,0,0,0,0,0,0,0,0,0,0,0,0,0,0,0,,0,,57111,,Blank,Blank,Blank,Blank,
,,Blank,Blank,,,Blank,Blank,13_Blank,,,,0,0,0,0,0,0,0,0,0,0,0,0,0,0,0,0,0,0,0,0,0,0,0,0,0,0,,0,0,0,0,0,0,0,0,0,0,0,0,0,0,0,,0,0,0,0,0,0,0,0,0,0,0,0,0,0,0,,0,,57111,,Blank,Blank,Blank,Blank,
,,Blank,Blank,,,Blank,Blank,13_Blank,,,,0,0,0,0,0,0,0,0,0,0,0,0,0,0,0,0,0,0,0,0,0,0,0,0,0,0,,0,0,0,0,0,0,0,0,0,0,0,0,0,0,0,,0,0,0,0,0,0,0,0,0,0,0,0,0,0,0,,0,,57111,,Blank,Blank,Blank,Blank,
,,Blank,Blank,,,Blank,Blank,13_Blank,,,,0,0,0,0,0,0,0,0,0,0,0,0,0,0,0,0,0,0,0,0,0,0,0,0,0,0,,0,0,0,0,0,0,0,0,0,0,0,0,0,0,0,,0,0,0,0,0,0,0,0,0,0,0,0,0,0,0,,0,,57111,,Blank,Blank,Blank,Blank,
,,Blank,Blank,,,Blank,Blank,13_Blank,,,,0,0,0,0,0,0,0,0,0,0,0,0,0,0,0,0,0,0,0,0,0,0,0,0,0,0,,0,0,0,0,0,0,0,0,0,0,0,0,0,0,0,,0,0,0,0,0,0,0,0,0,0,0,0,0,0,0,,0,,57111,,Blank,Blank,Blank,Blank,
,,Blank,Blank,,,Blank,Blank,13_Blank,,,,0,0,0,0,0,0,0,0,0,0,0,0,0,0,0,0,0,0,0,0,0,0,0,0,0,0,,0,0,0,0,0,0,0,0,0,0,0,0,0,0,0,,0,0,0,0,0,0,0,0,0,0,0,0,0,0,0,,0,,57111,,Blank,Blank,Blank,Blank,
,,Blank,Blank,,,Blank,Blank,13_Blank,,,,0,0,0,0,0,0,0,0,0,0,0,0,0,0,0,0,0,0,0,0,0,0,0,0,0,0,,0,0,0,0,0,0,0,0,0,0,0,0,0,0,0,,0,0,0,0,0,0,0,0,0,0,0,0,0,0,0,,0,,57111,,Blank,Blank,Blank,Blank,
,,Blank,Blank,,,Blank,Blank,13_Blank,,,,0,0,0,0,0,0,0,0,0,0,0,0,0,0,0,0,0,0,0,0,0,0,0,0,0,0,,0,0,0,0,0,0,0,0,0,0,0,0,0,0,0,,0,0,0,0,0,0,0,0,0,0,0,0,0,0,0,,0,,57111,,Blank,Blank,Blank,Blank,
,,Blank,Blank,,,Blank,Blank,13_Blank,,,,0,0,0,0,0,0,0,0,0,0,0,0,0,0,0,0,0,0,0,0,0,0,0,0,0,0,,0,0,0,0,0,0,0,0,0,0,0,0,0,0,0,,0,0,0,0,0,0,0,0,0,0,0,0,0,0,0,,0,,57111,,Blank,Blank,Blank,Blank,
,,Blank,Blank,,,Blank,Blank,13_Blank,,,,0,0,0,0,0,0,0,0,0,0,0,0,0,0,0,0,0,0,0,0,0,0,0,0,0,0,,0,0,0,0,0,0,0,0,0,0,0,0,0,0,0,,0,0,0,0,0,0,0,0,0,0,0,0,0,0,0,,0,,57111,,Blank,Blank,Blank,Blank,
,,Blank,Blank,,,Blank,Blank,13_Blank,,,,0,0,0,0,0,0,0,0,0,0,0,0,0,0,0,0,0,0,0,0,0,0,0,0,0,0,,0,0,0,0,0,0,0,0,0,0,0,0,0,0,0,,0,0,0,0,0,0,0,0,0,0,0,0,0,0,0,,0,,57111,,Blank,Blank,Blank,Blank,
,,Blank,Blank,,,Blank,Blank,13_Blank,,,,0,0,0,0,0,0,0,0,0,0,0,0,0,0,0,0,0,0,0,0,0,0,0,0,0,0,,0,0,0,0,0,0,0,0,0,0,0,0,0,0,0,,0,0,0,0,0,0,0,0,0,0,0,0,0,0,0,,0,,57111,,Blank,Blank,Blank,Blank,
,,Blank,Blank,,,Blank,Blank,13_Blank,,,,0,0,0,0,0,0,0,0,0,0,0,0,0,0,0,0,0,0,0,0,0,0,0,0,0,0,,0,0,0,0,0,0,0,0,0,0,0,0,0,0,0,,0,0,0,0,0,0,0,0,0,0,0,0,0,0,0,,0,,57111,,Blank,Blank,Blank,Blank,
,,Blank,Blank,,,Blank,Blank,13_Blank,,,,0,0,0,0,0,0,0,0,0,0,0,0,0,0,0,0,0,0,0,0,0,0,0,0,0,0,,0,0,0,0,0,0,0,0,0,0,0,0,0,0,0,,0,0,0,0,0,0,0,0,0,0,0,0,0,0,0,,0,,57111,,Blank,Blank,Blank,Blank,
,,Blank,Blank,,,Blank,Blank,13_Blank,,,,0,0,0,0,0,0,0,0,0,0,0,0,0,0,0,0,0,0,0,0,0,0,0,0,0,0,,0,0,0,0,0,0,0,0,0,0,0,0,0,0,0,,0,0,0,0,0,0,0,0,0,0,0,0,0,0,0,,0,,57111,,Blank,Blank,Blank,Blank,
,,Blank,Blank,,,Blank,Blank,13_Blank,,,,0,0,0,0,0,0,0,0,0,0,0,0,0,0,0,0,0,0,0,0,0,0,0,0,0,0,,0,0,0,0,0,0,0,0,0,0,0,0,0,0,0,,0,0,0,0,0,0,0,0,0,0,0,0,0,0,0,,0,,57111,,Blank,Blank,Blank,Blank,
,,Blank,Blank,,,Blank,Blank,13_Blank,,,,0,0,0,0,0,0,0,0,0,0,0,0,0,0,0,0,0,0,0,0,0,0,0,0,0,0,,0,0,0,0,0,0,0,0,0,0,0,0,0,0,0,,0,0,0,0,0,0,0,0,0,0,0,0,0,0,0,,0,,57111,,Blank,Blank,Blank,Blank,
,,Blank,Blank,,,Blank,Blank,13_Blank,,,,0,0,0,0,0,0,0,0,0,0,0,0,0,0,0,0,0,0,0,0,0,0,0,0,0,0,,0,0,0,0,0,0,0,0,0,0,0,0,0,0,0,,0,0,0,0,0,0,0,0,0,0,0,0,0,0,0,,0,,57111,,Blank,Blank,Blank,Blank,
,,Blank,Blank,,,Blank,Blank,13_Blank,,,,0,0,0,0,0,0,0,0,0,0,0,0,0,0,0,0,0,0,0,0,0,0,0,0,0,0,,0,0,0,0,0,0,0,0,0,0,0,0,0,0,0,,0,0,0,0,0,0,0,0,0,0,0,0,0,0,0,,0,,57111,,Blank,Blank,Blank,Blank,
,,Blank,Blank,,,Blank,Blank,13_Blank,,,,0,0,0,0,0,0,0,0,0,0,0,0,0,0,0,0,0,0,0,0,0,0,0,0,0,0,,0,0,0,0,0,0,0,0,0,0,0,0,0,0,0,,0,0,0,0,0,0,0,0,0,0,0,0,0,0,0,,0,,57111,,Blank,Blank,Blank,Blank,
,,Blank,Blank,,,Blank,Blank,13_Blank,,,,0,0,0,0,0,0,0,0,0,0,0,0,0,0,0,0,0,0,0,0,0,0,0,0,0,0,,0,0,0,0,0,0,0,0,0,0,0,0,0,0,0,,0,0,0,0,0,0,0,0,0,0,0,0,0,0,0,,0,,57111,,Blank,Blank,Blank,Blank,
,,Blank,Blank,,,Blank,Blank,13_Blank,,,,0,0,0,0,0,0,0,0,0,0,0,0,0,0,0,0,0,0,0,0,0,0,0,0,0,0,,0,0,0,0,0,0,0,0,0,0,0,0,0,0,0,,0,0,0,0,0,0,0,0,0,0,0,0,0,0,0,,0,,57111,,Blank,Blank,Blank,Blank,
,,Blank,Blank,,,Blank,Blank,13_Blank,,,,0,0,0,0,0,0,0,0,0,0,0,0,0,0,0,0,0,0,0,0,0,0,0,0,0,0,,0,0,0,0,0,0,0,0,0,0,0,0,0,0,0,,0,0,0,0,0,0,0,0,0,0,0,0,0,0,0,,0,,57111,,Blank,Blank,Blank,Blank,
,,Blank,Blank,,,Blank,Blank,13_Blank,,,,0,0,0,0,0,0,0,0,0,0,0,0,0,0,0,0,0,0,0,0,0,0,0,0,0,0,,0,0,0,0,0,0,0,0,0,0,0,0,0,0,0,,0,0,0,0,0,0,0,0,0,0,0,0,0,0,0,,0,,57111,,Blank,Blank,Blank,Blank,
,,Blank,Blank,,,Blank,Blank,13_Blank,,,,0,0,0,0,0,0,0,0,0,0,0,0,0,0,0,0,0,0,0,0,0,0,0,0,0,0,,0,0,0,0,0,0,0,0,0,0,0,0,0,0,0,,0,0,0,0,0,0,0,0,0,0,0,0,0,0,0,,0,,57111,,Blank,Blank,Blank,Blank,
,,Blank,Blank,,,Blank,Blank,13_Blank,,,,0,0,0,0,0,0,0,0,0,0,0,0,0,0,0,0,0,0,0,0,0,0,0,0,0,0,,0,0,0,0,0,0,0,0,0,0,0,0,0,0,0,,0,0,0,0,0,0,0,0,0,0,0,0,0,0,0,,0,,57111,,Blank,Blank,Blank,Blank,
,,Blank,Blank,,,Blank,Blank,13_Blank,,,,0,0,0,0,0,0,0,0,0,0,0,0,0,0,0,0,0,0,0,0,0,0,0,0,0,0,,0,0,0,0,0,0,0,0,0,0,0,0,0,0,0,,0,0,0,0,0,0,0,0,0,0,0,0,0,0,0,,0,,57111,,Blank,Blank,Blank,Blank,
,,Blank,Blank,,,Blank,Blank,13_Blank,,,,0,0,0,0,0,0,0,0,0,0,0,0,0,0,0,0,0,0,0,0,0,0,0,0,0,0,,0,0,0,0,0,0,0,0,0,0,0,0,0,0,0,,0,0,0,0,0,0,0,0,0,0,0,0,0,0,0,,0,,57111,,Blank,Blank,Blank,Blank,
,,Blank,Blank,,,Blank,Blank,13_Blank,,,,0,0,0,0,0,0,0,0,0,0,0,0,0,0,0,0,0,0,0,0,0,0,0,0,0,0,,0,0,0,0,0,0,0,0,0,0,0,0,0,0,0,,0,0,0,0,0,0,0,0,0,0,0,0,0,0,0,,0,,57111,,Blank,Blank,Blank,Blank,
,,Blank,Blank,,,Blank,Blank,13_Blank,,,,0,0,0,0,0,0,0,0,0,0,0,0,0,0,0,0,0,0,0,0,0,0,0,0,0,0,,0,0,0,0,0,0,0,0,0,0,0,0,0,0,0,,0,0,0,0,0,0,0,0,0,0,0,0,0,0,0,,0,,57111,,Blank,Blank,Blank,Blank,
,,Blank,Blank,,,Blank,Blank,13_Blank,,,,0,0,0,0,0,0,0,0,0,0,0,0,0,0,0,0,0,0,0,0,0,0,0,0,0,0,,0,0,0,0,0,0,0,0,0,0,0,0,0,0,0,,0,0,0,0,0,0,0,0,0,0,0,0,0,0,0,,0,,57111,,Blank,Blank,Blank,Blank,
,,Blank,Blank,,,Blank,Blank,13_Blank,,,,0,0,0,0,0,0,0,0,0,0,0,0,0,0,0,0,0,0,0,0,0,0,0,0,0,0,,0,0,0,0,0,0,0,0,0,0,0,0,0,0,0,,0,0,0,0,0,0,0,0,0,0,0,0,0,0,0,,0,,57111,,Blank,Blank,Blank,Blank,
,,Blank,Blank,,,Blank,Blank,13_Blank,,,,0,0,0,0,0,0,0,0,0,0,0,0,0,0,0,0,0,0,0,0,0,0,0,0,0,0,,0,0,0,0,0,0,0,0,0,0,0,0,0,0,0,,0,0,0,0,0,0,0,0,0,0,0,0,0,0,0,,0,,57111,,Blank,Blank,Blank,Blank,
,,Blank,Blank,,,Blank,Blank,13_Blank,,,,0,0,0,0,0,0,0,0,0,0,0,0,0,0,0,0,0,0,0,0,0,0,0,0,0,0,,0,0,0,0,0,0,0,0,0,0,0,0,0,0,0,,0,0,0,0,0,0,0,0,0,0,0,0,0,0,0,,0,,57111,,Blank,Blank,Blank,Blank,
,,Blank,Blank,,,Blank,Blank,13_Blank,,,,0,0,0,0,0,0,0,0,0,0,0,0,0,0,0,0,0,0,0,0,0,0,0,0,0,0,,0,0,0,0,0,0,0,0,0,0,0,0,0,0,0,,0,0,0,0,0,0,0,0,0,0,0,0,0,0,0,,0,,57111,,Blank,Blank,Blank,Blank,
,,Blank,Blank,,,Blank,Blank,13_Blank,,,,0,0,0,0,0,0,0,0,0,0,0,0,0,0,0,0,0,0,0,0,0,0,0,0,0,0,,0,0,0,0,0,0,0,0,0,0,0,0,0,0,0,,0,0,0,0,0,0,0,0,0,0,0,0,0,0,0,,0,,57111,,Blank,Blank,Blank,Blank,
,,Blank,Blank,,,Blank,Blank,13_Blank,,,,0,0,0,0,0,0,0,0,0,0,0,0,0,0,0,0,0,0,0,0,0,0,0,0,0,0,,0,0,0,0,0,0,0,0,0,0,0,0,0,0,0,,0,0,0,0,0,0,0,0,0,0,0,0,0,0,0,,0,,57111,,Blank,Blank,Blank,Blank,
,,Blank,Blank,,,Blank,Blank,13_Blank,,,,0,0,0,0,0,0,0,0,0,0,0,0,0,0,0,0,0,0,0,0,0,0,0,0,0,0,,0,0,0,0,0,0,0,0,0,0,0,0,0,0,0,,0,0,0,0,0,0,0,0,0,0,0,0,0,0,0,,0,,57111,,Blank,Blank,Blank,Blank,
,,Blank,Blank,,,Blank,Blank,13_Blank,,,,0,0,0,0,0,0,0,0,0,0,0,0,0,0,0,0,0,0,0,0,0,0,0,0,0,0,,0,0,0,0,0,0,0,0,0,0,0,0,0,0,0,,0,0,0,0,0,0,0,0,0,0,0,0,0,0,0,,0,,57111,,Blank,Blank,Blank,Blank,
,,Blank,Blank,,,Blank,Blank,13_Blank,,,,0,0,0,0,0,0,0,0,0,0,0,0,0,0,0,0,0,0,0,0,0,0,0,0,0,0,,0,0,0,0,0,0,0,0,0,0,0,0,0,0,0,,0,0,0,0,0,0,0,0,0,0,0,0,0,0,0,,0,,57111,,Blank,Blank,Blank,Blank,
,,Blank,Blank,,,Blank,Blank,13_Blank,,,,0,0,0,0,0,0,0,0,0,0,0,0,0,0,0,0,0,0,0,0,0,0,0,0,0,0,,0,0,0,0,0,0,0,0,0,0,0,0,0,0,0,,0,0,0,0,0,0,0,0,0,0,0,0,0,0,0,,0,,57111,,Blank,Blank,Blank,Blank,
,,Blank,Blank,,,Blank,Blank,13_Blank,,,,0,0,0,0,0,0,0,0,0,0,0,0,0,0,0,0,0,0,0,0,0,0,0,0,0,0,,0,0,0,0,0,0,0,0,0,0,0,0,0,0,0,,0,0,0,0,0,0,0,0,0,0,0,0,0,0,0,,0,,57111,,Blank,Blank,Blank,Blank,
,,Blank,Blank,,,Blank,Blank,13_Blank,,,,0,0,0,0,0,0,0,0,0,0,0,0,0,0,0,0,0,0,0,0,0,0,0,0,0,0,,0,0,0,0,0,0,0,0,0,0,0,0,0,0,0,,0,0,0,0,0,0,0,0,0,0,0,0,0,0,0,,0,,57111,,Blank,Blank,Blank,Blank,
,,Blank,Blank,,,Blank,Blank,13_Blank,,,,0,0,0,0,0,0,0,0,0,0,0,0,0,0,0,0,0,0,0,0,0,0,0,0,0,0,,0,0,0,0,0,0,0,0,0,0,0,0,0,0,0,,0,0,0,0,0,0,0,0,0,0,0,0,0,0,0,,0,,57111,,Blank,Blank,Blank,Blank,
,,Blank,Blank,,,Blank,Blank,13_Blank,,,,0,0,0,0,0,0,0,0,0,0,0,0,0,0,0,0,0,0,0,0,0,0,0,0,0,0,,0,0,0,0,0,0,0,0,0,0,0,0,0,0,0,,0,0,0,0,0,0,0,0,0,0,0,0,0,0,0,,0,,57111,,Blank,Blank,Blank,Blank,
,,Blank,Blank,,,Blank,Blank,13_Blank,,,,0,0,0,0,0,0,0,0,0,0,0,0,0,0,0,0,0,0,0,0,0,0,0,0,0,0,,0,0,0,0,0,0,0,0,0,0,0,0,0,0,0,,0,0,0,0,0,0,0,0,0,0,0,0,0,0,0,,0,,57111,,Blank,Blank,Blank,Blank,
,,Blank,Blank,,,Blank,Blank,13_Blank,,,,0,0,0,0,0,0,0,0,0,0,0,0,0,0,0,0,0,0,0,0,0,0,0,0,0,0,,0,0,0,0,0,0,0,0,0,0,0,0,0,0,0,,0,0,0,0,0,0,0,0,0,0,0,0,0,0,0,,0,,57111,,Blank,Blank,Blank,Blank,
,,Blank,Blank,,,Blank,Blank,13_Blank,,,,0,0,0,0,0,0,0,0,0,0,0,0,0,0,0,0,0,0,0,0,0,0,0,0,0,0,,0,0,0,0,0,0,0,0,0,0,0,0,0,0,0,,0,0,0,0,0,0,0,0,0,0,0,0,0,0,0,,0,,57111,,Blank,Blank,Blank,Blank,
,,Blank,Blank,,,Blank,Blank,13_Blank,,,,0,0,0,0,0,0,0,0,0,0,0,0,0,0,0,0,0,0,0,0,0,0,0,0,0,0,,0,0,0,0,0,0,0,0,0,0,0,0,0,0,0,,0,0,0,0,0,0,0,0,0,0,0,0,0,0,0,,0,,57111,,Blank,Blank,Blank,Blank,
,,Blank,Blank,,,Blank,Blank,13_Blank,,,,0,0,0,0,0,0,0,0,0,0,0,0,0,0,0,0,0,0,0,0,0,0,0,0,0,0,,0,0,0,0,0,0,0,0,0,0,0,0,0,0,0,,0,0,0,0,0,0,0,0,0,0,0,0,0,0,0,,0,,57111,,Blank,Blank,Blank,Blank,
,,Blank,Blank,,,Blank,Blank,13_Blank,,,,0,0,0,0,0,0,0,0,0,0,0,0,0,0,0,0,0,0,0,0,0,0,0,0,0,0,,0,0,0,0,0,0,0,0,0,0,0,0,0,0,0,,0,0,0,0,0,0,0,0,0,0,0,0,0,0,0,,0,,57111,,Blank,Blank,Blank,Blank,
,,Blank,Blank,,,Blank,Blank,13_Blank,,,,0,0,0,0,0,0,0,0,0,0,0,0,0,0,0,0,0,0,0,0,0,0,0,0,0,0,,0,0,0,0,0,0,0,0,0,0,0,0,0,0,0,,0,0,0,0,0,0,0,0,0,0,0,0,0,0,0,,0,,57111,,Blank,Blank,Blank,Blank,
,,Blank,Blank,,,Blank,Blank,13_Blank,,,,0,0,0,0,0,0,0,0,0,0,0,0,0,0,0,0,0,0,0,0,0,0,0,0,0,0,,0,0,0,0,0,0,0,0,0,0,0,0,0,0,0,,0,0,0,0,0,0,0,0,0,0,0,0,0,0,0,,0,,57111,,Blank,Blank,Blank,Blank,
,,Blank,Blank,,,Blank,Blank,13_Blank,,,,0,0,0,0,0,0,0,0,0,0,0,0,0,0,0,0,0,0,0,0,0,0,0,0,0,0,,0,0,0,0,0,0,0,0,0,0,0,0,0,0,0,,0,0,0,0,0,0,0,0,0,0,0,0,0,0,0,,0,,57111,,Blank,Blank,Blank,Blank,
,,Blank,Blank,,,Blank,Blank,13_Blank,,,,0,0,0,0,0,0,0,0,0,0,0,0,0,0,0,0,0,0,0,0,0,0,0,0,0,0,,0,0,0,0,0,0,0,0,0,0,0,0,0,0,0,,0,0,0,0,0,0,0,0,0,0,0,0,0,0,0,,0,,57111,,Blank,Blank,Blank,Blank,
,,Blank,Blank,,,Blank,Blank,13_Blank,,,,0,0,0,0,0,0,0,0,0,0,0,0,0,0,0,0,0,0,0,0,0,0,0,0,0,0,,0,0,0,0,0,0,0,0,0,0,0,0,0,0,0,,0,0,0,0,0,0,0,0,0,0,0,0,0,0,0,,0,,57111,,Blank,Blank,Blank,Blank,
,,Blank,Blank,,,Blank,Blank,13_Blank,,,,0,0,0,0,0,0,0,0,0,0,0,0,0,0,0,0,0,0,0,0,0,0,0,0,0,0,,0,0,0,0,0,0,0,0,0,0,0,0,0,0,0,,0,0,0,0,0,0,0,0,0,0,0,0,0,0,0,,0,,57111,,Blank,Blank,Blank,Blank,
,,Blank,Blank,,,Blank,Blank,13_Blank,,,,0,0,0,0,0,0,0,0,0,0,0,0,0,0,0,0,0,0,0,0,0,0,0,0,0,0,,0,0,0,0,0,0,0,0,0,0,0,0,0,0,0,,0,0,0,0,0,0,0,0,0,0,0,0,0,0,0,,0,,57111,,Blank,Blank,Blank,Blank,
,,Blank,Blank,,,Blank,Blank,13_Blank,,,,0,0,0,0,0,0,0,0,0,0,0,0,0,0,0,0,0,0,0,0,0,0,0,0,0,0,,0,0,0,0,0,0,0,0,0,0,0,0,0,0,0,,0,0,0,0,0,0,0,0,0,0,0,0,0,0,0,,0,,57111,,Blank,Blank,Blank,Blank,
,,Blank,Blank,,,Blank,Blank,13_Blank,,,,0,0,0,0,0,0,0,0,0,0,0,0,0,0,0,0,0,0,0,0,0,0,0,0,0,0,,0,0,0,0,0,0,0,0,0,0,0,0,0,0,0,,0,0,0,0,0,0,0,0,0,0,0,0,0,0,0,,0,,57111,,Blank,Blank,Blank,Blank,
,,Blank,Blank,,,Blank,Blank,13_Blank,,,,0,0,0,0,0,0,0,0,0,0,0,0,0,0,0,0,0,0,0,0,0,0,0,0,0,0,,0,0,0,0,0,0,0,0,0,0,0,0,0,0,0,,0,0,0,0,0,0,0,0,0,0,0,0,0,0,0,,0,,57111,,Blank,Blank,Blank,Blank,
,,Blank,Blank,,,Blank,Blank,13_Blank,,,,0,0,0,0,0,0,0,0,0,0,0,0,0,0,0,0,0,0,0,0,0,0,0,0,0,0,,0,0,0,0,0,0,0,0,0,0,0,0,0,0,0,,0,0,0,0,0,0,0,0,0,0,0,0,0,0,0,,0,,57111,,Blank,Blank,Blank,Blank,
,,Blank,Blank,,,Blank,Blank,13_Blank,,,,0,0,0,0,0,0,0,0,0,0,0,0,0,0,0,0,0,0,0,0,0,0,0,0,0,0,,0,0,0,0,0,0,0,0,0,0,0,0,0,0,0,,0,0,0,0,0,0,0,0,0,0,0,0,0,0,0,,0,,57111,,Blank,Blank,Blank,Blank,
,,Blank,Blank,,,Blank,Blank,13_Blank,,,,0,0,0,0,0,0,0,0,0,0,0,0,0,0,0,0,0,0,0,0,0,0,0,0,0,0,,0,0,0,0,0,0,0,0,0,0,0,0,0,0,0,,0,0,0,0,0,0,0,0,0,0,0,0,0,0,0,,0,,57111,,Blank,Blank,Blank,Blank,
,,Blank,Blank,,,Blank,Blank,13_Blank,,,,0,0,0,0,0,0,0,0,0,0,0,0,0,0,0,0,0,0,0,0,0,0,0,0,0,0,,0,0,0,0,0,0,0,0,0,0,0,0,0,0,0,,0,0,0,0,0,0,0,0,0,0,0,0,0,0,0,,0,,57111,,Blank,Blank,Blank,Blank,
,,Blank,Blank,,,Blank,Blank,13_Blank,,,,0,0,0,0,0,0,0,0,0,0,0,0,0,0,0,0,0,0,0,0,0,0,0,0,0,0,,0,0,0,0,0,0,0,0,0,0,0,0,0,0,0,,0,0,0,0,0,0,0,0,0,0,0,0,0,0,0,,0,,57111,,Blank,Blank,Blank,Blank,
,,Blank,Blank,,,Blank,Blank,13_Blank,,,,0,0,0,0,0,0,0,0,0,0,0,0,0,0,0,0,0,0,0,0,0,0,0,0,0,0,,0,0,0,0,0,0,0,0,0,0,0,0,0,0,0,,0,0,0,0,0,0,0,0,0,0,0,0,0,0,0,,0,,57111,,Blank,Blank,Blank,Blank,
,,Blank,Blank,,,Blank,Blank,13_Blank,,,,0,0,0,0,0,0,0,0,0,0,0,0,0,0,0,0,0,0,0,0,0,0,0,0,0,0,,0,0,0,0,0,0,0,0,0,0,0,0,0,0,0,,0,0,0,0,0,0,0,0,0,0,0,0,0,0,0,,0,,57111,,Blank,Blank,Blank,Blank,
,,Blank,Blank,,,Blank,Blank,13_Blank,,,,0,0,0,0,0,0,0,0,0,0,0,0,0,0,0,0,0,0,0,0,0,0,0,0,0,0,,0,0,0,0,0,0,0,0,0,0,0,0,0,0,0,,0,0,0,0,0,0,0,0,0,0,0,0,0,0,0,,0,,57111,,Blank,Blank,Blank,Blank,
,,Blank,Blank,,,Blank,Blank,13_Blank,,,,0,0,0,0,0,0,0,0,0,0,0,0,0,0,0,0,0,0,0,0,0,0,0,0,0,0,,0,0,0,0,0,0,0,0,0,0,0,0,0,0,0,,0,0,0,0,0,0,0,0,0,0,0,0,0,0,0,,0,,57111,,Blank,Blank,Blank,Blank,
,,Blank,Blank,,,Blank,Blank,13_Blank,,,,0,0,0,0,0,0,0,0,0,0,0,0,0,0,0,0,0,0,0,0,0,0,0,0,0,0,,0,0,0,0,0,0,0,0,0,0,0,0,0,0,0,,0,0,0,0,0,0,0,0,0,0,0,0,0,0,0,,0,,57111,,Blank,Blank,Blank,Blank,
,,Blank,Blank,,,Blank,Blank,13_Blank,,,,0,0,0,0,0,0,0,0,0,0,0,0,0,0,0,0,0,0,0,0,0,0,0,0,0,0,,0,0,0,0,0,0,0,0,0,0,0,0,0,0,0,,0,0,0,0,0,0,0,0,0,0,0,0,0,0,0,,0,,57111,,Blank,Blank,Blank,Blank,
,,Blank,Blank,,,Blank,Blank,13_Blank,,,,0,0,0,0,0,0,0,0,0,0,0,0,0,0,0,0,0,0,0,0,0,0,0,0,0,0,,0,0,0,0,0,0,0,0,0,0,0,0,0,0,0,,0,0,0,0,0,0,0,0,0,0,0,0,0,0,0,,0,,57111,,Blank,Blank,Blank,Blank,
,,Blank,Blank,,,Blank,Blank,13_Blank,,,,0,0,0,0,0,0,0,0,0,0,0,0,0,0,0,0,0,0,0,0,0,0,0,0,0,0,,0,0,0,0,0,0,0,0,0,0,0,0,0,0,0,,0,0,0,0,0,0,0,0,0,0,0,0,0,0,0,,0,,57111,,Blank,Blank,Blank,Blank,
,,Blank,Blank,,,Blank,Blank,13_Blank,,,,0,0,0,0,0,0,0,0,0,0,0,0,0,0,0,0,0,0,0,0,0,0,0,0,0,0,,0,0,0,0,0,0,0,0,0,0,0,0,0,0,0,,0,0,0,0,0,0,0,0,0,0,0,0,0,0,0,,0,,57111,,Blank,Blank,Blank,Blank,
,,Blank,Blank,,,Blank,Blank,13_Blank,,,,0,0,0,0,0,0,0,0,0,0,0,0,0,0,0,0,0,0,0,0,0,0,0,0,0,0,,0,0,0,0,0,0,0,0,0,0,0,0,0,0,0,,0,0,0,0,0,0,0,0,0,0,0,0,0,0,0,,0,,57111,,Blank,Blank,Blank,Blank,
,,Blank,Blank,,,Blank,Blank,13_Blank,,,,0,0,0,0,0,0,0,0,0,0,0,0,0,0,0,0,0,0,0,0,0,0,0,0,0,0,,0,0,0,0,0,0,0,0,0,0,0,0,0,0,0,,0,0,0,0,0,0,0,0,0,0,0,0,0,0,0,,0,,57111,,Blank,Blank,Blank,Blank,
,,Blank,Blank,,,Blank,Blank,13_Blank,,,,0,0,0,0,0,0,0,0,0,0,0,0,0,0,0,0,0,0,0,0,0,0,0,0,0,0,,0,0,0,0,0,0,0,0,0,0,0,0,0,0,0,,0,0,0,0,0,0,0,0,0,0,0,0,0,0,0,,0,,57111,,Blank,Blank,Blank,Blank,
,,Blank,Blank,,,Blank,Blank,13_Blank,,,,0,0,0,0,0,0,0,0,0,0,0,0,0,0,0,0,0,0,0,0,0,0,0,0,0,0,,0,0,0,0,0,0,0,0,0,0,0,0,0,0,0,,0,0,0,0,0,0,0,0,0,0,0,0,0,0,0,,0,,57111,,Blank,Blank,Blank,Blank,
,,Blank,Blank,,,Blank,Blank,13_Blank,,,,0,0,0,0,0,0,0,0,0,0,0,0,0,0,0,0,0,0,0,0,0,0,0,0,0,0,,0,0,0,0,0,0,0,0,0,0,0,0,0,0,0,,0,0,0,0,0,0,0,0,0,0,0,0,0,0,0,,0,,57111,,Blank,Blank,Blank,Blank,
,,Blank,Blank,,,Blank,Blank,13_Blank,,,,0,0,0,0,0,0,0,0,0,0,0,0,0,0,0,0,0,0,0,0,0,0,0,0,0,0,,0,0,0,0,0,0,0,0,0,0,0,0,0,0,0,,0,0,0,0,0,0,0,0,0,0,0,0,0,0,0,,0,,57111,,Blank,Blank,Blank,Blank,
,,Blank,Blank,,,Blank,Blank,13_Blank,,,,0,0,0,0,0,0,0,0,0,0,0,0,0,0,0,0,0,0,0,0,0,0,0,0,0,0,,0,0,0,0,0,0,0,0,0,0,0,0,0,0,0,,0,0,0,0,0,0,0,0,0,0,0,0,0,0,0,,0,,57111,,Blank,Blank,Blank,Blank,
,,Blank,Blank,,,Blank,Blank,13_Blank,,,,0,0,0,0,0,0,0,0,0,0,0,0,0,0,0,0,0,0,0,0,0,0,0,0,0,0,,0,0,0,0,0,0,0,0,0,0,0,0,0,0,0,,0,0,0,0,0,0,0,0,0,0,0,0,0,0,0,,0,,57111,,Blank,Blank,Blank,Blank,
,,Blank,Blank,,,Blank,Blank,13_Blank,,,,0,0,0,0,0,0,0,0,0,0,0,0,0,0,0,0,0,0,0,0,0,0,0,0,0,0,,0,0,0,0,0,0,0,0,0,0,0,0,0,0,0,,0,0,0,0,0,0,0,0,0,0,0,0,0,0,0,,0,,57111,,Blank,Blank,Blank,Blank,
,,Blank,Blank,,,Blank,Blank,13_Blank,,,,0,0,0,0,0,0,0,0,0,0,0,0,0,0,0,0,0,0,0,0,0,0,0,0,0,0,,0,0,0,0,0,0,0,0,0,0,0,0,0,0,0,,0,0,0,0,0,0,0,0,0,0,0,0,0,0,0,,0,,57111,,Blank,Blank,Blank,Blank,
,,Blank,Blank,,,Blank,Blank,13_Blank,,,,0,0,0,0,0,0,0,0,0,0,0,0,0,0,0,0,0,0,0,0,0,0,0,0,0,0,,0,0,0,0,0,0,0,0,0,0,0,0,0,0,0,,0,0,0,0,0,0,0,0,0,0,0,0,0,0,0,,0,,57111,,Blank,Blank,Blank,Blank,
,,Blank,Blank,,,Blank,Blank,13_Blank,,,,0,0,0,0,0,0,0,0,0,0,0,0,0,0,0,0,0,0,0,0,0,0,0,0,0,0,,0,0,0,0,0,0,0,0,0,0,0,0,0,0,0,,0,0,0,0,0,0,0,0,0,0,0,0,0,0,0,,0,,57111,,Blank,Blank,Blank,Blank,
,,Blank,Blank,,,Blank,Blank,13_Blank,,,,0,0,0,0,0,0,0,0,0,0,0,0,0,0,0,0,0,0,0,0,0,0,0,0,0,0,,0,0,0,0,0,0,0,0,0,0,0,0,0,0,0,,0,0,0,0,0,0,0,0,0,0,0,0,0,0,0,,0,,57111,,Blank,Blank,Blank,Blank,
,,Blank,Blank,,,Blank,Blank,13_Blank,,,,0,0,0,0,0,0,0,0,0,0,0,0,0,0,0,0,0,0,0,0,0,0,0,0,0,0,,0,0,0,0,0,0,0,0,0,0,0,0,0,0,0,,0,0,0,0,0,0,0,0,0,0,0,0,0,0,0,,0,,57111,,Blank,Blank,Blank,Blank,
,,Blank,Blank,,,Blank,Blank,13_Blank,,,,0,0,0,0,0,0,0,0,0,0,0,0,0,0,0,0,0,0,0,0,0,0,0,0,0,0,,0,0,0,0,0,0,0,0,0,0,0,0,0,0,0,,0,0,0,0,0,0,0,0,0,0,0,0,0,0,0,,0,,57111,,Blank,Blank,Blank,Blank,
,,,,,,Blank,Blank,13_Blank,,,,,,,,,,,,,,,,,,,,,,,,,,,,,,,,,,,,,,,,,,,,,,,,,,,,,,,,,,,,,,,,,,,,,,,