1,2,3,4,5,6,7,8,9,10,11,12,13,14,15,16,17,18,19,20,21,22,23,24,25,26,27,28,29,30,31,32,33,34,35,36,37,38,39,40,41,42,43,44,45,46,47,48,49,50,51,52,53,54,55,56,57,58,59,60,61,62,63,64,65,66,67,68,69,70,71,72,73,74,75,76,77,78,79,80
Total >>>,,,,,,,,,,,,"1,605","1,583",843,795,57,42,852,675,862,957,"1,890","15,485","1,350","21,197",7,0,168,"1,486",445,"6,350",436,"3,297",801,"1,238",85,0,,,,,,,,,,,,,,,,,,"255,013","127,515","9,905","180,757","152,610","375,936","247,463","1,477","31,714","80,365","70,519","187,494","327,638","23,021",0,,"2,071,427","2,071,427",0,,,,,,
Average >>,,,,,,,,,,,,,,,,,,,,,,,,,,,,,,,,,,,,,,,,,,,,,,,,,,,,,,,,,,,,,,,,,,,,,,,,,,,,,,,
Vendor >>,Syed,Syed,Syed,Syed,Syed,Syed,Syed,Syed,Syed,Syed,Syed,Syed,Syed,Syed,Syed,Syed,Syed,Syed,Syed,Syed,Syed,Syed,Syed,Syed,Syed,Syed,Syed,Syed,Syed,Syed,Syed,Syed,Syed,Syed,Syed,Syed,Syed,Syed,Syed,Syed,Syed,Syed,Syed,Syed,Syed,Syed,Syed,Syed,Syed,Syed,Syed,Syed,Syed,Syed,Syed,Syed,Syed,Syed,Syed,Syed,Syed,Syed,Syed,Syed,Syed,Syed,Syed,Syed,Syed,Syed,Syed,Syed,Syed,Syed,Syed,Syed,Syed,Syed,Syed
Lookup>>,,,,,,,,,,,,6,7,8,9,10,11,12,13,14,15,16,17,18,19,20,21,22,23,24,25,26,27,28,29,30,31,,90,91,92,93,94,95,96,97,98,99,100,101,102,103,104,,01,02,03,04,05,06,07,08,09,10,11,12,13,14,15,,,,,,,,,,
Qty >>,,Chicken,Syed Tavakkal Chicken Center,,,,,,,,,Kg,Pcs,Kg,Pcs,Kg,Pcs,Kg,Pcs,Kg,Pcs,Kg,Pcs,Kg,Pcs,Kg,Pcs,Kg,Pcs,Kg,Pcs,Kg,Pcs,Kg,Kg,Kg,,,,,,,,,,,,,,,,,,,,,,,,,,,,,,,,,,,,,,,,,,,
Header >>,,Blank,Blank,,,,,,,,,Qty,Qty,Qty,Qty,Qty,Qty,Qty,Qty,Qty,Qty,Qty,Qty,Qty,Qty,Qty,Qty,Qty,Qty,Qty,Qty,Qty,Qty,Qty,Qty,Qty,Qty,,Rate,Rate,Rate,Rate,Rate,Rate,Rate,Rate,Rate,Rate,Rate,Rate,Rate,Rate,Rate,,Amount,Amount,Amount,Amount,Amount,Amount,Amount,Amount,Amount,Amount,Amount,Amount,Amount,Amount,Amount,,,,,,Blank,Blank,Blank,Blank,
Bill Date,Description,Item Name,Vendor Name,Bill Amount,Border,Day,Week,Month,Bill Generated,Month Start,Border,FF OUT,FF OUT,GLL,GLL,AFF,AFF,SKIN OUT,SKIN OUT,TDR,TDR,BRR,BRR,CRR,CRR,KBB,KBB,KLL,KLL,LPP,LPP,WNG,WNG,SWW,CBL,TBL,OTH,Border,FF OUT,GLL,AFF,SKIN OUT,TDR,BRR,CRR,KBB,KLL,LPP,WNG,SWW,CBL,TBL,OTH,Border,FF OUT,GLL,AFF,SKIN OUT,TDR,BRR,CRR,KBB,KLL,LPP,WNG,SWW,CBL,TBL,OTH,Border,Total,Weekly Bill,Balance,Border,Date,Day,Week,Month,Border
Bill Date,Description,Item Name,Vendor Name,Bill Amount,,Day,Week,Month,Bill Generated,Month Start,Border,FF OUT_Kg_Qty,FF OUT_Pcs_Qty,GLL_Kg_Qty,GLL_Pcs_Qty,AFF_Kg_Qty,AFF_Pcs_Qty,SKIN OUT_Kg_Qty,SKIN OUT_Pcs_Qty,TDR_Kg_Qty,TDR_Pcs_Qty,BRR_Kg_Qty,BRR_Pcs_Qty,CRR_Kg_Qty,CRR_Pcs_Qty,KBB_Kg_Qty,KBB_Pcs_Qty,KLL_Kg_Qty,KLL_Pcs_Qty,LPP_Kg_Qty,LPP_Pcs_Qty,WNG_Kg_Qty,WNG_Pcs_Qty,SWW_Kg_Qty,CBL_Kg_Qty,TBL_Kg_Qty,OTH__Qty,Border,_FF OUT_Rate,_GLL_Rate,_AFF_Rate,_SKIN OUT_Rate,_TDR_Rate,_BRR_Rate,_CRR_Rate,_KBB_Rate,_KLL_Rate,_LPP_Rate,_WNG_Rate,_SWW_Rate,_CBL_Rate,_TBL_Rate,_OTH_Rate,Border,_FF OUT_Amount,_GLL_Amount,_AFF_Amount,_SKIN OUT_Amount,_TDR_Amount,_BRR_Amount,_CRR_Amount,_KBB_Amount,_KLL_Amount,_LPP_Amount,_WNG_Amount,_SWW_Amount,_CBL_Amount,_TBL_Amount,_OTH_Amount,Border,Total,Weekly Bill,Balance,Border,Date,,,,Border
01-Dec-22,,Blank,Blank,,,Thursday,WEEK 48,09_December,,Yes,,,,,,,,,,,,,,,,,,,,,,,,,,,0,,155,155,155,178,178,189,189,189,189,189,144,222,255,255,0,,0,0,0,0,0,0,0,0,0,0,0,0,0,0,0,,0,,0,,Blank,Blank,Blank,Blank,
02-Dec-22,,Blank,Blank,,,Friday,WEEK 48,09_December,,,,,,,,,,,,,,,,,,,,,,,,,,,,,0,,150,150,150,171,171,182,182,182,182,182,139,214,246,246,0,,0,0,0,0,0,0,0,0,0,0,0,0,0,0,0,,0,,0,,Blank,Blank,Blank,Blank,
03-Dec-22,,Blank,Blank,,,Saturday,WEEK 48,09_December,,,,,,,,,,,,,,,,,,,,,,,,,,,,,0,,150,150,150,171,171,182,182,182,182,182,139,214,246,246,0,,0,0,0,0,0,0,0,0,0,0,0,0,0,0,0,,0,,0,,Blank,Blank,Blank,Blank,
04-Dec-22,,Blank,Blank,,,Sunday,WEEK 48,09_December,,,,,,,,,,,,,,,,,,,,,,,,,,,,,0,,154,154,154,176,176,187,187,187,187,187,143,220,253,253,0,,0,0,0,0,0,0,0,0,0,0,0,0,0,0,0,,0,,0,,Blank,Blank,Blank,Blank,
05-Dec-22,,Blank,Blank,,,Monday,WEEK 49,09_December,,,,,,,,,,,,,,,,,,,,,,,,,,,,,0,,154,154,154,176,176,187,187,187,187,187,143,220,253,253,0,,0,0,0,0,0,0,0,0,0,0,0,0,0,0,0,,0,,0,,Blank,Blank,Blank,Blank,
06-Dec-22,,Blank,Blank,,,Tuesday,WEEK 49,09_December,,,,,,,,,,,,,,,,,,,,,,,,,,,,,0,,157,157,157,179,179,190,190,190,190,190,146,224,258,258,0,,0,0,0,0,0,0,0,0,0,0,0,0,0,0,0,,0,,0,,Blank,Blank,Blank,Blank,
07-Dec-22,,Blank,Blank,,,Wednesday,WEEK 49,09_December,,,,,,,,,,,,,,,,,,,,,,,,,,,,,0,,158,158,158,181,181,192,192,192,192,192,147,226,260,260,0,,0,0,0,0,0,0,0,0,0,0,0,0,0,0,0,,0,,0,,Blank,Blank,Blank,Blank,
08-Dec-22,,Blank,Blank,,,Thursday,WEEK 49,09_December,,,,,,,,,,,,,,,,,,,,,,,,,,,,,0,,155,155,155,178,178,189,189,189,189,189,144,222,255,255,0,,0,0,0,0,0,0,0,0,0,0,0,0,0,0,0,,0,,0,,Blank,Blank,Blank,Blank,
09-Dec-22,,Blank,Blank,,,Friday,WEEK 49,09_December,,,,,,,,,,,,,,,,,,,,,,,,,,,,,0,,158,158,158,181,181,192,192,192,192,192,147,226,260,260,0,,0,0,0,0,0,0,0,0,0,0,0,0,0,0,0,,0,,0,,Blank,Blank,Blank,Blank,
10-Dec-22,,Blank,Blank,,,Saturday,WEEK 49,09_December,,,,,,,,,,,,,,,,,,,,,,,,,,,,,0,,161,161,161,184,184,196,196,196,196,196,150,230,265,265,0,,0,0,0,0,0,0,0,0,0,0,0,0,0,0,0,,0,,0,,Blank,Blank,Blank,Blank,
11-Dec-22,,Blank,Blank,,,Sunday,WEEK 49,09_December,,,,,,,,,,,,,,,,,,,,,,,,,,,,,0,,171,171,171,195,195,207,207,207,207,207,159,244,281,281,0,,0,0,0,0,0,0,0,0,0,0,0,0,0,0,0,,0,,0,,Blank,Blank,Blank,Blank,
12-Dec-22,,Blank,Blank,,,Monday,WEEK 50,09_December,,,,0,0,0,0,0,0,0,0,0,0,0,0,0,0,0,0,0,0,0,0,0,0,7.09,0,0,0,,171,171,171,195,195,207,207,207,207,207,159,244,281,281,0,,0,0,0,0,0,0,0,0,0,0,0,1730,0,0,0,,1730,,1730,,Blank,Blank,Blank,Blank,
13-Dec-22,,Blank,Blank,,,Tuesday,WEEK 50,09_December,,,,0,0,16,15,20.38,19,0,0,11.22,12,10.05,0,12.09,0,7,0,9.05,0,5.06,0,0,0,0,13.84,8,0,,174,174,174,198,198,211,211,211,211,211,161,248,285,285,0,,0,2784,3546,0,2222,2121,2551,1477,1910,1068,0,0,3944,2280,0,,23903,,25633,,Blank,Blank,Blank,Blank,
14-Dec-22,,Blank,Blank,,,Wednesday,WEEK 50,09_December,,,,0,0,15.86,0,10.54,0,,0,8.44,10,12.16,107,0,0,0,0,12.05,132,9.25,0,0,0,10.04,8.06,8.35,0,,174,174,174,198,198,211,211,211,211,211,161,248,285,285,0,,0,2760,1834,0,1671,2566,0,0,2543,1952,0,2490,2297,2380,0,,20493,,46126,,Blank,Blank,Blank,Blank,
15-Dec-22,,Blank,Blank,,,Thursday,WEEK 50,09_December,,,,0,0,20.3,20,0,0,0,0,18,19,0,0,0,0,0,0,0,0,0,0,0,0,5.02,8.16,0,0,,168,168,168,192,192,204,204,204,204,204,156,240,276,276,0,,0,3410,0,0,3456,0,0,0,0,0,0,1205,2252,0,0,,10323,,56449,,Blank,Blank,Blank,Blank,
16-Dec-22,,Blank,Blank,,,Friday,WEEK 50,09_December,,,,0,0,0,0,0,0,0,0,0,0,15.06,121,0,0,0,0,7.98,77,6.66,189,0,0,3.12,5.28,8.73,0,,169,169,169,194,194,206,206,206,206,206,157,242,278,278,0,,0,0,0,0,0,3102,0,0,1644,1372,0,755,1468,2427,0,,10768,,67217,,Blank,Blank,Blank,Blank,
17-Dec-22,,Blank,Blank,,,Saturday,WEEK 50,09_December,,,,0,0,12.76,13,14.44,13,0,0,0,0,14.11,121,0,0,0,0,0,0,0,0,0,0,0,0,0,0,,174,174,174,198,198,211,211,211,211,211,161,248,285,285,0,,0,2220,2513,0,0,2977,0,0,0,0,0,0,0,0,0,,7710,,74927,,Blank,Blank,Blank,Blank,
18-Dec-22,,Chicken,Syed Tavakkal Chicken Center,"85,204",,Sunday,WEEK 50,09_December,Yes,,,0,0,16.2,15,0,0,0,0,13.5,15,8.1,0,0,0,0,0,0,0,0,0,2,0,7.23,5,5.26,0,,175,175,175,200,200,213,213,213,213,213,163,250,288,288,0,,0,2835,0,0,2700,1725,0,0,0,0,326,1808,1440,1515,0,,12349,85204,2072,,18-Dec-22,Sunday,WEEK 50,09_December,
19-Dec-22,,Blank,Blank,,,Monday,WEEK 51,09_December,,,,0,0,12.2,12,11.7,10,0,0,6.8,7,7.98,0,8,0,0,0,4,0,4,0,0,0,0,0,0,0,,172,172,172,197,197,209,209,209,209,209,160,246,283,283,0,,0,2098,2012,0,1340,1668,1672,0,836,836,0,0,0,0,0,,10462,,12534,,Blank,Blank,Blank,Blank,
20-Dec-22,,Blank,Blank,,,Tuesday,WEEK 51,09_December,,,,0,0,11,10,0,0,0,0,0,0,14.5,130,2.1,0,0,0,3.9,38,4,0,2,0,6.9,2,3.7,0,,175,175,175,200,200,213,213,213,213,213,163,250,288,288,0,,0,1925,0,0,0,3089,447,0,831,852,326,1725,576,1066,0,,10837,,23371,,Blank,Blank,Blank,Blank,
21-Dec-22,,Blank,Blank,,,Wednesday,WEEK 51,09_December,,,,12.5,11,0,0,0,0,0,0,0,0,19.53,178,2.3,44,0,0,3.2,31,9.5,0,0,0,4.3,5.5,3.8,0,,175,175,175,200,200,213,213,213,213,213,163,250,288,288,0,,2188,0,0,0,0,4160,490,0,682,2024,0,1075,1584,1094,0,,13297,,36668,,Blank,Blank,Blank,Blank,
22-Dec-22,,Blank,Blank,,,Thursday,WEEK 51,09_December,,,,12.9,12,0,0,0,0,,,5.2,5,16,133,0,0,0,0,6,63,2.9,82,0,0,0,8,7.1,0,,175,175,175,200,200,213,213,213,213,213,163,250,288,288,0,,2258,0,0,0,1040,3408,0,0,1278,618,0,0,2304,2045,0,,12951,,49619,,Blank,Blank,Blank,Blank,
23-Dec-22,,Blank,Blank,,,Friday,WEEK 51,09_December,,,,0,0,21.5,23,0,0,0,0,16.6,20,10,98,8,189,0,0,8,86,8.7,263,0,0,8.6,7,8.1,0,,172,172,172,197,197,209,209,209,209,209,160,246,283,283,0,,0,3698,0,0,3270,2090,1672,0,1672,1818,0,2116,1981,2292,0,,20609,,70228,,Blank,Blank,Blank,Blank,
24-Dec-22,,Blank,Blank,,,Saturday,WEEK 51,09_December,,,,0,0,19.8,21,0,0,6.4,6,15.7,19,15.2,129,10.2,241,0,0,12.7,112,3.5,88,0,0,8,10.1,10.9,0,,167,167,167,190,190,202,202,202,202,202,155,238,274,274,0,,0,3307,0,1216,2983,3070,2060,0,2565,707,0,1904,2767,2987,0,,23566,,93794,,Blank,Blank,Blank,Blank,
25-Dec-22,,Chicken,Syed Tavakkal Chicken Center,"112,453",,Sunday,WEEK 51,09_December,Yes,,,0,0,26.9,30,0,0,0,0,0,0,11,98,25.1,533,0,0,4,37,9.4,264,0,0,7.5,5.1,3.6,0,,167,167,167,190,190,202,202,202,202,202,155,238,274,274,0,,0,4492,0,0,0,2222,5070,0,808,1899,0,1785,1397,986,0,,18659,112453,0,,25-Dec-22,Sunday,WEEK 51,09_December,
26-Dec-22,,Blank,Blank,,,Monday,WEEK 52,09_December,,,,0,0,0,0,0,0,0,0,0,0,0,0,0,0,0,0,0,0,0,0,0,0,0,0,0,0,,158,158,158,181,181,192,192,192,192,192,147,226,260,260,0,,0,0,0,0,0,0,0,0,0,0,0,0,0,0,0,,0,,0,,Blank,Blank,Blank,Blank,
27-Dec-22,,Blank,Blank,,,Tuesday,WEEK 52,09_December,,,,0,0,0,0,0,0,0,0,8.3,10,3,30,7.1,138,0,0,0,0,1,31,0,0,3,3.9,0,0,,157,157,157,179,179,190,190,190,190,190,146,224,258,258,0,,0,0,0,0,1486,570,1349,0,0,190,0,672,1006,0,0,,5273,,5273,,Blank,Blank,Blank,Blank,
28-Dec-22,,Blank,Blank,,,Wednesday,WEEK 52,09_December,,,,0,0,14.2,14,0,0,0,0,0,0,0,0,7.5,176,0,0,0,0,3.6,103,0,0,4.2,8.1,0,0,,165,165,165,189,189,201,201,201,201,201,153,236,271,271,0,,0,2343,0,0,0,0,1508,0,0,724,0,991,2195,0,0,,7761,,13034,,Blank,Blank,Blank,Blank,
29-Dec-22,,Blank,Blank,,,Thursday,WEEK 52,09_December,,,,0,0,5,6,0,0,0,0,0,0,14.8,138,10.1,213,0,0,0,0,4,96,0,0,0,0,0,0,,165,165,165,189,189,201,201,201,201,201,153,236,271,271,0,,0,825,0,0,0,2975,2030,0,0,804,0,0,0,0,0,,6634,,19668,,Blank,Blank,Blank,Blank,
30-Dec-22,,Blank,Blank,,,Friday,WEEK 52,09_December,,,,0,0,19.1,19,0,0,0,0,8,10,14,133,8.9,201,0,0,0,0,7.2,208,0,0,0,0,0,0,,169,169,169,194,194,206,206,206,206,206,157,242,278,278,0,,0,3228,0,0,1552,2884,1833,0,0,1483,0,0,0,0,0,,10980,,30648,,Blank,Blank,Blank,Blank,
31-Dec-22,,Chicken,Syed Tavakkal Chicken Center,"46,230",,Saturday,WEEK 52,09_December,Yes,,,0,0,19.7,20,0,0,0,0,9.8,10,20.1,0,11.1,0,0,0,0,0,6,0,5,0,7.4,0,0,0,,171,171,171,195,195,207,207,207,207,207,159,244,281,281,0,,0,3369,0,0,1911,4161,2298,0,0,1242,795,1806,0,0,0,,15582,46230,0,,31-Dec-22,Saturday,WEEK 52,09_December,
01-Jan-23,,Blank,Blank,,,Sunday,WEEK 52,10_January,,Yes,,0,0,0,0,0,0,0,0,0,0,8,0,5,0,0,0,0,0,5.5,0,0,0,0,0,0,0,,171,171,171,195,195,207,207,207,207,207,159,244,281,281,0,,0,0,0,0,0,1656,1035,0,0,1139,0,0,0,0,0,,3830,,3830,,Blank,Blank,Blank,Blank,
02-Jan-23,,Blank,Blank,,,Monday,WEEK 1,10_January,,,,0,0,18.7,20,0,0,0,0,4.6,5,10,93,6.9,0,0,0,0,0,0,0,3.2,34,0,9.8,0,0,,165,165,165,189,189,201,201,201,201,201,153,236,271,271,0,,0,3086,0,0,869,2010,1387,0,0,0,490,0,2656,0,0,,10498,,14328,,Blank,Blank,Blank,Blank,
03-Jan-23,,Blank,Blank,,,Tuesday,WEEK 1,10_January,,,,0,0,0,0,0,0,0,0,0,0,9.5,82,16.2,368,0,0,0,0,0,0,0,0,0,0,0,0,,168,168,168,192,192,204,204,204,204,204,156,240,276,276,0,,0,0,0,0,0,1938,3305,0,0,0,0,0,0,0,0,,5243,,19571,,Blank,Blank,Blank,Blank,
04-Jan-23,,Blank,Blank,,,Wednesday,WEEK 1,10_January,,,,0,0,22.2,20,0,0,0,0,0,0,10.4,97,10.6,244,0,0,3.2,31,0,0,0,0,4.1,6.1,0,0,,162,162,162,186,186,197,197,197,197,197,151,232,267,267,0,,0,3596,0,0,0,2049,2088,0,630,0,0,951,1629,0,0,,10943,,30514,,Blank,Blank,Blank,Blank,
05-Jan-23,,Blank,Blank,,,Thursday,WEEK 1,10_January,,,,0,0,11.5,10,0,0,0,0,9.9,10,10,97,9.9,233,0,0,6,58,10.8,256,0,0,6.9,5.7,0,0,,151,151,151,173,173,184,184,184,184,184,140,216,248,248,0,,0,1737,0,0,1713,1840,1822,0,1104,1987,0,1490,1414,0,0,,13107,,43621,,Blank,Blank,Blank,Blank,
06-Jan-23,,Blank,Blank,,,Friday,WEEK 1,10_January,,,,0,0,8,8,0,0,0,0,7.8,8,8,121,8,203,0,0,4,72,0,0,0,0,7.6,7.6,0,0,,158,158,158,181,181,192,192,192,192,192,147,226,260,260,0,,0,1264,0,0,1412,1536,1536,0,768,0,0,1718,1976,0,0,,10210,,53831,,Blank,Blank,Blank,Blank,
07-Jan-23,,Blank,Blank,,,Saturday,WEEK 1,10_January,,,,0,0,9.7,11,0,0,0,0,3.79,5,5,96,6.1,131,0,0,0,0,0,0,0,0,7.41,0,0,0,,161,161,161,184,184,196,196,196,196,196,150,230,265,265,0,,0,1562,0,0,697,980,1196,0,0,0,0,1704,0,0,0,,6139,,59970,,Blank,Blank,Blank,Blank,
08-Jan-23,,Chicken,Syed Tavakkal Chicken Center,"74,521",,Sunday,WEEK 1,10_January,Yes,,,0,0,19.83,20,0,0,0,0,9.99,12,0,0,11.59,0,0,0,0,0,11.92,288,0,0,8.17,10.1,0,0,,165,165,165,189,189,201,201,201,201,201,153,236,271,271,0,,0,3272,0,0,1888,0,2330,0,0,2396,0,1928,2737,0,0,,14551,74521,0,,08-Jan-23,Sunday,WEEK 1,10_January,
09-Jan-23,,Blank,Blank,,,Monday,WEEK 2,10_January,,,,0,0,11.05,10,0,0,0,0,5.59,7,10.1,97,14.98,327,0,0,4.5,44,0,0,0,0,10.04,13.59,0,0,,165,165,165,189,189,201,201,201,201,201,153,236,271,271,0,,0,1823,0,0,1057,2030,3011,0,905,0,0,2369,3683,0,0,,14878,,14878,,Blank,Blank,Blank,Blank,
10-Jan-23,,Blank,Blank,,,Tuesday,WEEK 2,10_January,,,,0,0,0,0,0,0,0,0,0,0,10.02,91,10.01,192,0,0,0,0,6.99,198,0,0,8.96,9.29,0,0,,165,165,165,189,189,201,201,201,201,201,153,236,271,271,0,,0,0,0,0,0,2014,2012,0,0,1405,0,2115,2518,0,0,,10064,,24942,,Blank,Blank,Blank,Blank,
11-Jan-23,,Blank,Blank,,,Wednesday,WEEK 2,10_January,,,,0,0,20.41,20,0,0,0,0,8.73,10,6.57,58,10.06,0,0,0,0,0,0,0,0,0,10.12,9.05,0,0,,155,155,155,178,178,189,189,189,189,189,144,222,255,255,0,,0,3164,0,0,1554,1242,1901,0,0,0,0,2247,2308,0,0,,12416,,37358,,Blank,Blank,Blank,Blank,
12-Jan-23,,Blank,Blank,,,Thursday,WEEK 2,10_January,,,,0,0,23.59,20,0,0,0,0,11.03,10,7.06,66,21.89,470,0,0,2.17,18,4.02,96,0,0,15.38,12.43,0,0,,150,150,150,171,171,182,182,182,182,182,139,214,246,246,0,,0,3539,0,0,1886,1285,3984,0,395,732,0,3291,3058,0,0,,18170,,55528,,Blank,Blank,Blank,Blank,
13-Jan-23,,Blank,Blank,,,Friday,WEEK 2,10_January,,,,0,0,19.25,20,0,0,0,0,0,0,12.02,108,11.69,256,0,0,2.16,19,6.34,0,0,0,13.91,6.95,0,0,,151,151,151,173,173,184,184,184,184,184,140,216,248,248,0,,0,2907,0,0,0,2212,2151,0,397,1167,0,3005,1724,0,0,,13563,,69091,,Blank,Blank,Blank,Blank,
14-Jan-23,,Blank,Blank,,,Saturday,WEEK 2,10_January,,,,0,0,21.5,20,0,0,0,0,8.76,10,15.15,138,12.81,354,0,0,2.98,29,9.21,0,0,0,11.87,12.51,0,0,,153,153,153,174,174,185,185,185,185,185,142,218,251,251,0,,0,3290,0,0,1524,2803,2370,0,551,1704,0,2588,3140,0,0,,17970,,87061,,Blank,Blank,Blank,Blank,
15-Jan-23,,Blank,Blank,,,Sunday,WEEK 2,10_January,,,,0,0,20.98,20,0,0,0,0,5.99,7,12.06,112,12.2,274,0,0,3.72,36,4.86,112,0,0,8.01,12.11,0,0,,153,153,153,174,174,185,185,185,185,185,142,218,251,251,0,,0,3210,0,0,1042,2231,2257,0,688,899,0,1746,3040,0,0,,15113,,102174,,Blank,Blank,Blank,Blank,
16-Jan-23,,Blank,Blank,,,Monday,WEEK 3,10_January,,,,0,0,11.01,10,0,0,0,0,8.54,10,8.1,76,8.09,174,0,0,2.29,23,0,0,0,0,12.14,10.88,0,0,,153,153,153,174,174,185,185,185,185,185,142,218,251,251,0,,0,1685,0,0,1486,1499,1497,0,424,0,0,2647,2731,0,0,,11969,,114143,,Blank,Blank,Blank,Blank,
17-Jan-23,Bill is generated from 09 Jan to 17 Jan because Jagat has selected as 09 Jan date for 10th jan and dupicate bill for 9th Jan is generated,Chicken,Syed Tavakkal Chicken Center,"117,052",,Tuesday,WEEK 3,10_January,Yes,,,0,0,20.33,20,0,0,0,0,6.45,7,3.08,31,15.01,0,0,0,3.07,31,0,0,0,0,5.37,6.43,0,0,,148,148,148,170,170,180,180,180,180,180,138,212,244,244,0,,0,3009,0,0,1097,554,2702,0,553,0,0,1138,1569,0,0,,10622,117052,7713,,17-Jan-23,Tuesday,WEEK 3,10_January,
18-Jan-23,,Blank,Blank,,,Wednesday,WEEK 3,10_January,,,,0,0,10.79,10,0,0,0,0,9.35,10,18.63,181,7.52,165,0,0,2.67,27,5.89,139,0,0,6.13,9.11,0,0,,144,144,144,165,165,175,175,175,175,175,134,206,237,237,0,,0,1554,0,0,1543,3260,1316,0,467,1031,0,1263,2159,0,0,,12593,,20306,,Blank,Blank,Blank,Blank,
19-Jan-23,,Blank,Blank,,,Thursday,WEEK 3,10_January,,,,0,0,19,19,0,0,0,0,15.84,16,13.03,123,8.68,193,0,0,2.78,31,0,0,0,0,5.67,8.89,0,0,,144,144,144,165,165,175,175,175,175,175,134,206,237,237,0,,0,2736,0,0,2614,2280,1519,0,487,0,0,1168,2107,0,0,,12911,,33217,,Blank,Blank,Blank,Blank,
20-Jan-23,,Blank,Blank,,,Friday,WEEK 3,10_January,,,,0,0,45.57,54,0,0,0,0,14.85,20,4.12,37,7.12,168,0,0,0,0,5.21,0,0,0,11.09,8.93,0,0,,148,148,148,170,170,180,180,180,180,180,138,212,244,244,0,,0,6744,0,0,2525,742,1282,0,0,938,0,2351,2179,0,0,,16761,,49978,,Blank,Blank,Blank,Blank,
21-Jan-23,,Blank,Blank,,,Saturday,WEEK 3,10_January,,,,0,0,0,0,0,0,0,0,0,0,8.01,74,6.16,142,0,0,2.21,24,7.38,176,0,0,11.32,10.92,0,0,,151,151,151,173,173,184,184,184,184,184,140,216,248,248,0,,0,0,0,0,0,1474,1133,0,407,1358,0,2445,2708,0,0,,9525,,59503,,Blank,Blank,Blank,Blank,
22-Jan-23,,Chicken,Syed Tavakkal Chicken Center,"71,030",,Sunday,WEEK 3,10_January,Yes,,,0,0,0,0,0,0,0,0,0,0,9.6,92,5.74,125,0,0,2.06,20,9.13,0,0,0,11.18,18.31,0,0,,147,147,147,168,168,179,179,179,179,179,137,210,242,242,0,,0,0,0,0,0,1718,1027,0,369,1634,0,2348,4431,0,0,,11527,71030,0,,22-Jan-23,Sunday,WEEK 3,10_January,
23-Jan-23,,Blank,Blank,,,Monday,WEEK 4,10_January,,,,0,0,22.93,24,0,0,0,0,13.2,16,7.69,72,4.51,98,0,0,0,0,5.96,0,0,0,0,6.49,0,0,,147,147,147,168,168,179,179,179,179,179,137,210,242,242,0,,0,3371,0,0,2218,1377,807,0,0,1067,0,0,1571,0,0,,10411,,10411,,Blank,Blank,Blank,Blank,
24-Jan-23,,Blank,Blank,,,Tuesday,WEEK 4,10_January,,,,0,0,31.18,31,0,0,0,0,6.28,8,12,116,13.96,302,0,0,5,51,0,0,0,0,7.28,12.36,0,0,,139,139,139,158,158,168,168,168,168,168,129,198,228,228,0,,0,4334,0,0,992,2016,2345,0,840,0,0,1441,2818,0,0,,14786,,25197,,Blank,Blank,Blank,Blank,
25-Jan-23,,Blank,Blank,,,Wednesday,WEEK 4,10_January,,,,0,0,18.88,19,0,0,0,0,6.92,9,7.39,72,21.48,472,0,0,4.17,46,5.86,138,0,0,9.99,5.42,0,0,,127,127,127,146,146,155,155,155,155,155,118,182,209,209,0,,0,2398,0,0,1010,1145,3329,0,646,908,0,1818,1133,0,0,,12387,,37584,,Blank,Blank,Blank,Blank,
26-Jan-23,,Blank,Blank,,,Thursday,WEEK 4,10_January,,,,0,0,0,0,0,0,0,0,0,0,6.42,66,15.14,390,0,0,3.39,35,0,0,0,0,6.64,0,0,0,,132,132,132,150,150,160,160,160,160,160,122,188,216,216,0,,0,0,0,0,0,1027,2422,0,542,0,0,1248,0,0,0,,5239,,42823,,Blank,Blank,Blank,Blank,
27-Jan-23,,Blank,Blank,,,Friday,WEEK 4,10_January,,,,0,0,16,16,0,0,0,0,15,15,13.14,117,10.15,221,0,0,5.43,61,7.64,183,0,0,13.28,10.88,5.07,0,,137,137,137,157,157,167,167,167,167,167,127,196,225,225,0,,0,2192,0,0,2355,2194,1695,0,907,1276,0,2603,2448,1141,0,,16811,,59634,,Blank,Blank,Blank,Blank,
28-Jan-23,,Blank,Blank,,,Saturday,WEEK 4,10_January,,,,0,0,39.17,40,0,0,0,0,15.99,20,15.01,128,9.99,223,0,0,5.16,0,10.16,243,0,0,10.48,13.11,7.28,0,,137,137,137,157,157,167,167,167,167,167,127,196,225,225,0,,0,5366,0,0,2510,2507,1668,0,862,1697,0,2054,2950,1638,0,,21252,,80886,,Blank,Blank,Blank,Blank,
29-Jan-23,,Chicken,Syed Tavakkal Chicken Center,"87,469",,Sunday,WEEK 4,10_January,Yes,,,0,0,15.12,16,0,0,0,0,0,0,5.07,47,5.34,103,0,0,0,0,0,0,0,0,5.2,6.07,0,0,,146,146,146,166,166,177,177,177,177,177,135,208,239,239,0,,0,2208,0,0,0,897,945,0,0,0,0,1082,1451,0,0,,6583,87469,0,,29-Jan-23,Sunday,WEEK 4,10_January,
30-Jan-23,,Blank,Blank,,,Monday,WEEK 5,10_January,,,,0,0,0,0,0,0,0,0,0,0,0,0,0,0,0,0,0,0,0,0,0,0,0,0,0,0,,146,146,146,166,166,177,177,177,177,177,135,208,239,239,0,,0,0,0,0,0,0,0,0,0,0,0,0,0,0,0,,0,,0,,Blank,Blank,Blank,Blank,
31-Jan-23,,Chicken,Syed Tavakkal Chicken Center,"21,175",,Tuesday,WEEK 5,10_January,Yes,,,0,0,42,42,0,0,0,0,22.61,26,20.15,163,14.24,444,0,0,0,0,4.15,98,0,0,12.08,10.01,0,0,,143,143,143,163,163,173,173,173,173,173,133,204,235,235,0,,0,6006,0,0,3685,3486,2464,0,0,718,0,2464,2352,0,0,,21175,21175,0,,31-Jan-23,Tuesday,WEEK 5,10_January,
01-Feb-23,,Blank,Blank,,,Wednesday,WEEK 5,11_February,,,,0,0,10,10,0,0,0,0,0,0,12.57,120,8.98,207,0,0,0,0,6.65,153,0,0,9.57,10.05,0,0,,137,137,137,157,157,167,167,167,167,167,127,196,225,225,0,,0,1370,0,0,0,2099,1500,0,0,1111,0,1876,2261,0,0,,10217,,10217,,Blank,Blank,Blank,Blank,
02-Feb-23,,Blank,Blank,,,Thursday,WEEK 5,11_February,,,,19,19,0,0,0,0,0,0,0,0,10.35,96,3.6,79,0,0,4.2,43,5.8,139,0,0,9.5,9.5,0,0,,127,127,127,146,146,155,155,155,155,155,118,182,209,209,0,,2413,0,0,0,0,1604,558,0,651,899,0,1729,1986,0,0,,9840,,20057,,Blank,Blank,Blank,Blank,
03-Feb-23,,Blank,Blank,,,Friday,WEEK 5,11_February,,,,24.74,31,0,0,0,0,0,0,10,14,10,96,7.99,178,0,0,0,0,4,93,0,0,9.4,10.48,0,0,,119,119,119,136,136,145,145,145,145,145,111,170,196,196,0,,2944,0,0,0,1360,1450,1159,0,0,580,0,1598,2054,0,0,,11145,,31202,,Blank,Blank,Blank,Blank,
04-Feb-23,,Blank,Blank,,,Saturday,WEEK 5,11_February,,,,49.34,46,0,0,0,0,0,0,18.56,20,12.14,109,8.21,188,0,0,4,41,10.72,272,0,0,6.8,8.94,0,0,,116,116,116,133,133,141,141,141,141,141,108,166,191,191,0,,5723,0,0,0,2468,1712,1158,0,564,1512,0,1129,1708,0,0,,15974,,47176,,Blank,Blank,Blank,Blank,
05-Feb-23,,Chicken,Syed Tavakkal Chicken Center,"58,187",,Sunday,WEEK 5,11_February,Yes,,,34.27,35,0,0,0,0,0,0,8.35,10,8.36,78,5.95,130,0,0,0,0,8.69,213,0,0,5.27,10.13,0,0,,115,115,115,131,131,139,139,139,139,139,107,164,189,189,0,,3941,0,0,0,1094,1162,827,0,0,1208,0,864,1915,0,0,,11011,58187,0,,05-Feb-23,Sunday,WEEK 5,11_February,
06-Feb-23,,Blank,Blank,,,Monday,WEEK 6,11_February,,,,0,0,0,0,0,0,0,0,0,0,0,0,0,0,0,0,0,0,0,0,0,0,0,0,0,0,,122,122,122,139,139,148,148,148,148,148,113,174,200,200,0,,0,0,0,0,0,0,0,0,0,0,0,0,0,0,0,,0,,0,,Blank,Blank,Blank,Blank,
07-Feb-23,,Chicken,Syed Tavakkal Chicken Center,"6,277",,Tuesday,WEEK 6,11_February,Yes,,,15,15,0,0,0,0,0,0,5.38,6,7.62,73,2.94,64,0,0,0,0,0,0,1.48,18,4.56,4.84,0,0,,126,126,126,144,144,153,153,153,153,153,117,180,207,207,0,,1890,0,0,0,775,1166,450,0,0,0,173,821,1002,0,0,,6277,6277,0,,07-Feb-23,Tuesday,WEEK 6,11_February,
04-Mar-23,,Blank,Blank,,,Saturday,WEEK 9,12_March,,Yes,,16.19,17,0,0,0,0,0,0,12.68,14,6.18,48,10.16,203,0,0,0,0,5.31,0,0,0,5.4,9,0,0,,129,129,129,147,147,156,156,156,156,156,120,184,212,212,0,,2089,0,0,0,1864,964,1585,0,0,828,0,994,1908,0,0,,10232,,10232,,Blank,Blank,Blank,Blank,
05-Mar-23,,Chicken,Syed Tavakkal Chicken Center,"20,005",,Sunday,WEEK 9,12_March,Yes,,,9.2,8,0,0,0,0,0,0,9.18,10,15.28,72,8.05,178,0,0,0,0,6.74,0,0,0,5,8.65,0,0,,126,126,126,144,144,153,153,153,153,153,117,180,207,207,0,,1159,0,0,0,1322,2338,1232,0,0,1031,0,900,1791,0,0,,9773,20005,0,,05-Mar-23,Sunday,WEEK 9,12_March,
06-Mar-23,,Blank,Blank,,,Monday,WEEK 10,12_March,,,,20.51,19,0,0,0,0,0,0,8.34,9,7.13,57,14.69,178,0,0,3.66,29,3.53,0,0,0,0,0,2.19,0,,122,122,122,139,139,148,148,148,148,148,113,174,200,200,0,,2502,0,0,0,1159,1055,2174,0,542,522,0,0,0,438,0,,8392,,8392,,Blank,Blank,Blank,Blank,
07-Mar-23,,Blank,Blank,,,Tuesday,WEEK 10,12_March,,,,0,0,0,0,0,0,0,0,0,0,0,0,0,0,0,0,0,0,0,0,0,0,0,0,0,0,,125,125,125,142,142,151,151,151,151,151,116,178,205,205,0,,0,0,0,0,0,0,0,0,0,0,0,0,0,0,0,,0,,8392,,Blank,Blank,Blank,Blank,
08-Mar-23,,Blank,Blank,,,Wednesday,WEEK 10,12_March,,,,25.85,24,0,0,0,0,0,0,13.6,14,8.44,74,12.65,245,0,0,0,0,5.32,140,0,0,4.3,9.98,0,0,,119,119,119,136,136,145,145,145,145,145,111,170,196,196,0,,3076,0,0,0,1850,1224,1834,0,0,771,0,731,1956,0,0,,11442,,19834,,Blank,Blank,Blank,Blank,
09-Mar-23,,Blank,Blank,,,Thursday,WEEK 10,12_March,,,,0,0,38.04,39,0,0,0,0,10.62,13,14,115,15.93,355,0,0,0,0,5.32,0,0,0,0,14.39,0,0,,115,115,115,131,131,139,139,139,139,139,107,164,189,189,0,,0,4375,0,0,1391,1946,2214,0,0,739,0,0,2720,0,0,,13385,,33219,,Blank,Blank,Blank,Blank,
10-Mar-23,,Blank,Blank,,,Friday,WEEK 10,12_March,,,,0,0,0,0,0,0,16.67,0,0,0,12.45,102,17.36,0,0,0,0,0,8.03,0,0,0,0,10.1,0,0,,109,109,109,125,125,133,133,133,133,133,101,156,179,179,0,,0,0,0,2084,0,1656,2309,0,0,1068,0,0,1808,0,0,,8925,,42144,,Blank,Blank,Blank,Blank,
11-Mar-23,,Blank,Blank,,,Saturday,WEEK 10,12_March,,,,0,0,7.11,0,0,0,0,0,6.68,0,12.01,0,10.05,0,0,0,0,0,5.55,0,0,0,0,12.06,0,0,,115,115,115,131,131,139,139,139,139,139,107,164,189,189,0,,0,818,0,0,875,1669,1397,0,0,771,0,0,2279,0,0,,7809,,49953,,Blank,Blank,Blank,Blank,
12-Mar-23,,Chicken,Syed Tavakkal Chicken Center,"60,883",,Sunday,WEEK 10,12_March,Yes,,,0,0,30.8,0,0,0,0,0,0,0,10.11,94,12.47,268,0,0,0,0,10.05,0,0,0,0,9.93,0,0,,126,126,126,144,144,153,153,153,153,153,117,180,207,207,0,,0,3881,0,0,0,1547,1908,0,0,1538,0,0,2056,0,0,,10930,60883,0,,12-Mar-23,Sunday,WEEK 10,12_March,
13-Mar-23,,Blank,Blank,,,Monday,WEEK 11,12_March,,,,0,0,28,28,0,0,0,0,0,0,10.37,91,14.56,268,0,0,0,0,5.64,0,0,0,0,11.93,0,0,,133,133,133,152,152,162,162,162,162,162,124,190,219,219,0,,0,3724,0,0,0,1680,2359,0,0,914,0,0,2613,0,0,,11290,,11290,,Blank,Blank,Blank,Blank,
14-Mar-23,,Blank,Blank,,,Tuesday,WEEK 11,12_March,,,,0,0,0,0,0,0,8.92,0,0,0,4.55,0,10.68,0,0,0,0,0,0,0,0,0,0,0,0,0,,136,136,136,155,155,165,165,165,165,165,126,194,223,223,0,,0,0,0,1383,0,751,1762,0,0,0,0,0,0,0,0,,3896,,15186,,Blank,Blank,Blank,Blank,
15-Mar-23,,Blank,Blank,,,Wednesday,WEEK 11,12_March,,,,0,0,0,0,0,0,0,0,0,0,8.29,76,11.6,226,0,0,0,0,3.44,86,0,0,0,0,0,0,,140,140,140,160,160,170,170,170,170,170,130,200,230,230,0,,0,0,0,0,0,1409,1972,0,0,585,0,0,0,0,0,,3966,,19152,,Blank,Blank,Blank,Blank,
16-Mar-23,,Blank,Blank,,,Thursday,WEEK 11,12_March,,,,0,0,0,0,0,0,0,0,0,0,10.7,97,14.2,278,0,0,0,0,5.95,149,0,0,0,8,0,0,,140,140,140,160,160,170,170,170,170,170,130,200,230,230,0,,0,0,0,0,0,1819,2414,0,0,1012,0,0,1840,0,0,,7085,,26237,,Blank,Blank,Blank,Blank,
17-Mar-23,,Blank,Blank,,,Friday,WEEK 11,12_March,,,,18,18,0,0,0,0,0,0,8.25,8,9,87,14.5,284,0,0,0,0,7,178,0,0,0,11,0,0,,139,139,139,158,158,168,168,168,168,168,129,198,228,228,0,,2502,0,0,0,1304,1512,2436,0,0,1176,0,0,2508,0,0,,11438,,37675,,Blank,Blank,Blank,Blank,
18-Mar-23,,Blank,Blank,,,Saturday,WEEK 11,12_March,,,,18.4,20,0,0,0,0,0,0,10,10,18.2,0,15.8,0,0,0,0,0,5.7,0,0,0,0,10.2,0,0,,133,133,133,152,152,162,162,162,162,162,124,190,219,219,0,,2447,0,0,0,1520,2948,2560,0,0,923,0,0,2234,0,0,,12632,,50307,,Blank,Blank,Blank,Blank,
19-Mar-23,,Chicken,Syed Tavakkal Chicken Center,"58,377",,Sunday,WEEK 11,12_March,Yes,,,23.52,0,0,0,0,0,0,0,11.7,13,13,0,15.8,0,0,0,0,0,0,0,10.38,0,4.86,9.12,0,0,,129,129,129,147,147,156,156,156,156,156,120,184,212,212,0,,3034,0,0,0,1720,2028,2465,0,0,0,1246,894,1933,0,0,,13320,58377,5250,,19-Mar-23,Sunday,WEEK 11,12_March,
20-Mar-23,,Blank,Blank,,,Monday,WEEK 12,12_March,,,,9,9,0,0,0,0,0,0,9.3,10,11.8,115,12.8,252,0,0,0,0,6,0,0,0,0,5,0,0,,122,122,122,139,139,148,148,148,148,148,113,174,200,200,0,,1098,0,0,0,1293,1746,1894,0,0,888,0,0,1000,0,0,,7919,,13169,,Blank,Blank,Blank,Blank,
21-Mar-23,,Blank,Blank,,,Tuesday,WEEK 12,12_March,,,,6,6,0,0,0,0,0,0,0,0,8.1,77,12.3,245,0,0,0,0,6.9,175,0,0,0,6.2,0,0,,126,126,126,144,144,153,153,153,153,153,117,180,207,207,0,,756,0,0,0,0,1239,1882,0,0,1056,0,0,1283,0,0,,6216,,19385,,Blank,Blank,Blank,Blank,
22-Mar-23,,Blank,Blank,,,Wednesday,WEEK 12,12_March,,,,20,20,0,0,0,0,0,0,0,0,0,0,15.5,296,0,0,0,0,4.5,,0,0,0,7.5,0,0,,132,132,132,150,150,160,160,160,160,160,122,188,216,216,0,,2640,0,0,0,0,0,2480,0,0,720,0,0,1620,0,0,,7460,,26845,,Blank,Blank,Blank,Blank,
23-Mar-23,,Blank,Blank,,,Thursday,WEEK 12,12_March,,,,10,10,0,0,0,0,0,0,8.7,10,12.1,0,17.4,0,0,0,0,,6.8,0,6.3,0,0,0,0,0,,146,146,146,166,166,177,177,177,177,177,135,208,239,239,0,,1460,0,0,0,1444,2142,3080,0,0,1204,851,0,0,0,0,,10181,,37026,,Blank,Blank,Blank,Blank,
24-Mar-23,,Blank,Blank,,,Friday,WEEK 12,12_March,,,,0,0,0,0,0,0,0,0,0,0,8.2,73,12.6,241,0,0,0,0,4.3,109,0,0,0,5.2,0,0,,148,148,148,170,170,180,180,180,180,180,138,212,244,244,0,,0,0,0,0,0,1476,2268,0,0,774,0,0,1269,0,0,,5787,,42813,,Blank,Blank,Blank,Blank,
25-Mar-23,,Blank,Blank,,,Saturday,WEEK 12,12_March,,,,0,0,0,0,0,0,0,0,0,0,12.3,102,15.2,298,0,0,0,0,4,0,0,0,0,11.3,0,0,,153,153,153,174,174,185,185,185,185,185,142,218,251,251,0,,0,0,0,0,0,2276,2812,0,0,740,0,0,2836,0,0,,8664,,51477,,Blank,Blank,Blank,Blank,
26-Mar-23,,Chicken,Syed Tavakkal Chicken Center,"63,247",,Sunday,WEEK 12,12_March,Yes,,,24,24,0,0,0,0,0,0,15.7,16,13.6,124,17.2,329,0,0,0,0,12.6,303,0,0,0,7.9,0,0,,158,158,158,181,181,192,192,192,192,192,147,226,260,260,0,,3792,0,0,0,2842,2611,3302,0,0,2419,0,0,2054,0,0,,17020,63247,5250,,26-Mar-23,Sunday,WEEK 12,12_March,
27-Mar-23,,Blank,Blank,,,Monday,WEEK 13,12_March,,,,6,6,0,0,0,0,0,0,0,0,9,82,15.5,297,0,0,0,0,5.2,130,0,0,0,4.9,0,0,,158,158,158,181,181,192,192,192,192,192,147,226,260,260,0,,948,0,0,0,0,1728,2976,0,0,998,0,0,1274,0,0,,7924,,13174,,Blank,Blank,Blank,Blank,
28-Mar-23,,Blank,Blank,,,Tuesday,WEEK 13,12_March,,,,0,0,0,0,0,0,0,0,0,0,0,0,15.3,312,0,0,0,0,5.2,125,0,0,0,5.1,0,0,,151,151,151,173,173,184,184,184,184,184,140,216,248,248,0,,0,0,0,0,0,0,2815,0,0,957,0,0,1265,0,0,,5037,,18211,,Blank,Blank,Blank,Blank,
29-Mar-23,,Blank,Blank,,,Wednesday,WEEK 13,12_March,,,,0,0,0,0,0,0,0,0,0,0,12.3,112,15.5,314,0,0,0,0,5.1,127,0,0,0,0,0,0,,151,151,151,173,173,184,184,184,184,184,140,216,248,248,0,,0,0,0,0,0,2263,2852,0,0,938,0,0,0,0,0,,6053,,24264,,Blank,Blank,Blank,Blank,
30-Mar-23,,Blank,Blank,,,Thursday,WEEK 13,12_March,,,,10,10,0,0,0,0,0,0,6.8,7,12.6,96,0,0,0,0,0,0,0,0,0,0,0,9.4,0,0,,139,139,139,158,158,168,168,168,168,168,129,198,228,228,0,,1390,0,0,0,1074,2117,0,0,0,0,0,0,2143,0,0,,6724,,30988,,Blank,Blank,Blank,Blank,
31-Mar-23,,Chicken,Syed Tavakkal Chicken Center,"45,310",,Friday,WEEK 13,12_March,Yes,,,32,32,0,0,0,0,0,0,9.4,10,15.3,141,15.4,308,0,0,0,0,0,0,4,49,0,10.7,0,0,,141,141,141,162,162,172,172,172,172,172,131,202,232,232,0,,4512,0,0,0,1523,2632,2649,0,0,0,524,0,2482,0,0,,14322,45310,0,,31-Mar-23,Friday,WEEK 13,12_March,
01-Apr-23,,Blank,Blank,,,Saturday,WEEK 13,01_April,,,,33,34,0,0,0,0,0,0,13.7,17,15.3,133,12.9,,0,0,3.6,39,0,0,2.3,29,6,9.8,0,0,,141,141,141,162,162,172,172,172,172,172,131,202,232,232,0,,4653,0,0,0,2219,2632,2219,0,619,0,301,1212,2274,0,0,,16129,,16129,,Blank,Blank,Blank,Blank,
02-Apr-23,,Chicken,Syed Tavakkal Chicken Center,"39,948",,Sunday,WEEK 13,01_April,Yes,,,50.3,55,0,0,0,0,0,0,21.9,27,8.9,73,14.2,288,0,0,5,,0,0,15.1,187,7.6,15,0,0,,150,150,150,171,171,182,182,182,182,182,139,214,246,246,0,,7545,0,0,0,3745,1620,2584,0,910,0,2099,1626,3690,0,0,,23819,39948,0,,02-Apr-23,Sunday,WEEK 13,01_April,
03-Apr-23,,Blank,Blank,,,Monday,WEEK 14,01_April,,,,0,0,0,0,0,0,0,0,2.8,3,8.1,65,15.3,317,0,0,6.3,65,0,0,7.1,83,5.4,10.6,0,0,,150,150,150,171,171,182,182,182,182,182,139,214,246,246,0,,0,0,0,0,479,1474,2785,0,1147,0,987,1156,2608,0,0,,10636,,10636,,Blank,Blank,Blank,Blank,
04-Apr-23,,Blank,Blank,,,Tuesday,WEEK 14,01_April,,,,10,10,0,0,0,0,0,0,9.3,10,10.7,89,15.2,298,0,0,0,0,0,0,6.5,82,4.4,7.6,0,0,,143,143,143,163,163,173,173,173,173,173,133,204,235,235,0,,1430,0,0,0,1516,1851,2630,0,0,0,865,898,1786,0,0,,10976,,21612,,Blank,Blank,Blank,Blank,
05-Apr-23,,Blank,Blank,,,Wednesday,WEEK 14,01_April,,,,28.7,30,0,0,0,0,0,0,25.2,31,9.5,94,9.3,212,0,0,0,0,0,0,7.5,103,0,0,0,0,,137,137,137,157,157,167,167,167,167,167,127,196,225,225,0,,3932,0,0,0,3956,1587,1553,0,0,0,953,0,0,0,0,,11981,,33593,,Blank,Blank,Blank,Blank,
06-Apr-23,,Blank,Blank,,,Thursday,WEEK 14,01_April,,,,17,17,0,0,0,0,0,0,8.2,9,12.1,109,11.4,219,0,0,0,0,0,0,4.9,64,10.7,8.5,0,0,,133,133,133,152,152,162,162,162,162,162,124,190,219,219,0,,2261,0,0,0,1246,1960,1847,0,0,0,608,2033,1862,0,0,,11817,,45410,,Blank,Blank,Blank,Blank,
07-Apr-23,,Blank,Blank,,,Friday,WEEK 14,01_April,,,,33,33,0,0,0,0,4.9,4,0,0,18.6,172,19,365,0,0,0,0,0,0,8.3,103,0,10.5,0,0,,125,125,125,142,142,151,151,151,151,151,116,178,205,205,0,,4125,0,0,696,0,2809,2869,0,0,0,963,0,2153,0,0,,13615,,59025,,Blank,Blank,Blank,Blank,
08-Apr-23,,Blank,Blank,,,Saturday,WEEK 14,01_April,,,,28,28,0,0,0,0,0,0,0,0,12.9,116,12.5,237,0,0,0,0,0,0,6.7,0,5.3,5,0,0,,115,115,115,131,131,139,139,139,139,139,107,164,189,189,0,,3220,0,0,0,0,1793,1738,0,0,0,717,869,945,0,0,,9282,,68307,,Blank,Blank,Blank,Blank,
09-Apr-23,,Chicken,Syed Tavakkal Chicken Center,"78,588",,Sunday,WEEK 14,01_April,Yes,,,23.6,26,0,0,0,0,0,0,0,0,10.1,92,23.4,461,0,0,0,0,0,0,8.8,116,5.4,5.1,,0,,116,116,116,133,133,141,141,141,141,141,108,166,191,191,0,,2738,0,0,0,0,1424,3299,0,0,0,950,896,974,0,0,,10281,78588,0,,09-Apr-23,Sunday,WEEK 14,01_April,
10-Apr-23,,Blank,Blank,,,Monday,WEEK 15,01_April,,,,0,0,0,0,0,,0,0,0,0,9.2,84,11.5,221,0,0,0,0,0,0,6.7,89,6.4,4.9,0,0,,122,122,122,139,139,148,148,148,148,148,113,174,200,200,0,,0,0,0,0,0,1362,1702,0,0,0,757,1114,980,0,0,,5915,,5915,,Blank,Blank,Blank,Blank,
11-Apr-23,,Blank,Blank,,,Tuesday,WEEK 15,01_April,,,,16.5,18,0,0,0,0,0,0,13.6,16,0,0,13.9,266,0,0,0,0,0,0,4.9,64,0,7.2,0,0,,129,129,129,147,147,156,156,156,156,156,120,184,212,212,0,,2129,0,0,0,1999,0,2168,0,0,0,588,0,1526,0,0,,8410,,14325,,Blank,Blank,Blank,Blank,
12-Apr-23,,Blank,Blank,,,Wednesday,WEEK 15,01_April,,,,0,0,0,0,0,0,0,0,0,0,10.3,92,14.9,283,0,0,0,0,0,0,3,42,0,5.1,0,0,,134,134,134,154,154,163,163,163,163,163,125,192,221,221,0,,0,0,0,0,0,1679,2429,0,0,0,375,0,1127,0,0,,5610,,19935,,Blank,Blank,Blank,Blank,
13-Apr-23,,Blank,Blank,,,Thursday,WEEK 15,01_April,,,,14,14,0,0,0,0,0,0,14.2,17,15.5,146,21.2,0,0,0,0,0,0,0,0,0,0,8,0,0,,141,141,141,162,162,172,172,172,172,172,131,202,232,232,0,,1974,0,0,0,2300,2666,3646,0,0,0,0,0,1856,0,0,,12442,,32377,,Blank,Blank,Blank,Blank,
14-Apr-23,,Blank,Blank,,,Friday,WEEK 15,01_April,,,,20,20,0,0,0,0,0,0,18.5,20,15.1,146,12.6,245,0,0,0,0,0,0,10.5,,7.7,4,0,0,,148,148,148,170,170,180,180,180,180,180,138,212,244,244,0,,2960,0,0,0,3145,2718,2268,0,0,0,1449,1632,976,0,0,,15148,,47525,,Blank,Blank,Blank,Blank,
15-Apr-23,,Blank,Blank,,,Saturday,WEEK 15,01_April,,,,25,25,0,0,0,0,0,0,17.7,20,17.1,166,17.1,342,0,0,0,0,0,0,7.5,101,4.4,8.5,0,0,,153,153,153,174,174,185,185,185,185,185,142,218,251,251,0,,3825,0,0,0,3080,3164,3164,0,0,0,1065,959,2134,0,0,,17391,,64916,,Blank,Blank,Blank,Blank,
16-Apr-23,,Chicken,Syed Tavakkal Chicken Center,"77,673",,Sunday,WEEK 15,01_April,Yes,,,20,20,0,0,0,0,0,0,13.5,15,5.5,51,12.4,248,0,0,0,0,0,0,7.5,98,5.1,6.5,0,0,,155,155,155,178,178,189,189,189,189,189,144,222,255,255,0,,3100,0,0,0,2403,1040,2344,0,0,0,1080,1132,1658,0,0,,12757,77673,0,,16-Apr-23,Sunday,WEEK 15,01_April,
17-Apr-23,,Blank,Blank,,,Monday,WEEK 16,01_April,,,,0,0,0,0,0,0,0,0,0,0,12,113,15.2,314,0,0,0,0,0,0,7.1,97,3.2,5.7,0,0,,155,155,155,178,178,189,189,189,189,189,144,222,255,255,0,,0,0,0,0,0,2268,2873,0,0,0,1022,710,1454,0,0,,8327,,8327,,Blank,Blank,Blank,Blank,
18-Apr-23,,Blank,Blank,,,Tuesday,WEEK 16,01_April,,,,0,0,0,0,0,0,0,0,0,0,10.2,93,16.5,332,0,0,3,37,0,0,4.5,59,5.2,0,0,0,,157,157,157,179,179,190,190,190,190,190,146,224,258,258,0,,0,0,0,0,0,1938,3135,0,570,0,657,1165,0,0,0,,7465,,15792,,Blank,Blank,Blank,Blank,
19-Apr-23,,Blank,Blank,,,Wednesday,WEEK 16,01_April,,,,20,20,0,0,0,0,0,0,13.9,15,13.2,122,15,312,0,0,0,0,0,0,6.7,96,5.2,5,,0,,158,158,158,181,181,192,192,192,192,192,147,226,260,260,0,,3160,0,0,0,2516,2534,2880,0,0,0,985,1175,1300,0,0,,14550,,30342,,Blank,Blank,Blank,Blank,
20-Apr-23,,Blank,Blank,,,Thursday,WEEK 16,01_April,,,,16,16,0,0,0,0,0,0,10.9,12,12.6,113,9.9,235,0,0,0,0,0,0,6.7,94,4.6,8.3,0,0,,161,161,161,184,184,196,196,196,196,196,150,230,265,265,0,,2576,0,0,0,2006,2470,1940,0,0,0,1005,1058,2200,0,0,,13255,,43597,,Blank,Blank,Blank,Blank,
21-Apr-23,,Blank,Blank,,,Friday,WEEK 16,01_April,,,,15,15,0,0,0,0,0,0,9.2,10,9.7,97,7.5,197,0,0,0,0,0,0,5.1,68,6.3,3.6,0,0,,161,161,161,184,184,196,196,196,196,196,150,230,265,265,0,,2415,0,0,0,1693,1901,1470,0,0,0,765,1449,954,0,0,,10647,,54244,,Blank,Blank,Blank,Blank,
22-Apr-23,,Blank,Blank,,,Saturday,WEEK 16,01_April,,,,19.7,20,0,0,0,0,0,0,0,0,15.5,145,10.3,248,0,0,0,0,0,0,4.1,0,7.6,10.5,0,0,,164,164,164,187,187,199,199,199,199,199,152,234,269,269,0,,3231,0,0,0,0,3085,2050,0,0,0,623,1778,2825,0,0,,13592,,67836,,Blank,Blank,Blank,Blank,
23-Apr-23,,Chicken,Syed Tavakkal Chicken Center,"74,632",,Sunday,WEEK 16,01_April,Yes,,,0,0,0,0,0,0,0,0,0,0,11,109,11.5,227,0,0,0,0,0,0,3.8,51,3.2,5.3,0,0,,154,154,154,176,176,187,187,187,187,187,143,220,253,253,0,,0,0,0,0,0,2057,2151,0,0,0,543,704,1341,0,0,,6796,74632,0,,23-Apr-23,Sunday,WEEK 16,01_April,
24-Apr-23,,Blank,Blank,,,Monday,WEEK 17,01_April,,,,0,0,0,0,0,0,0,0,0,0,0,0,0,0,0,0,0,0,0,0,0,0,0,0,0,0,,148,148,148,170,170,180,180,180,180,180,138,212,244,244,0,,0,0,0,0,0,0,0,0,0,0,0,0,0,0,0,,0,,0,,Blank,Blank,Blank,Blank,
25-Apr-23,,Blank,Blank,,,Tuesday,WEEK 17,01_April,,,,15,15,0,0,0,0,0,0,0,0,12,118,14.9,312,0,0,0,0,0,0,1.7,24,3.6,4.2,0,0,,151,151,151,173,173,184,184,184,184,184,140,216,248,248,0,,2265,0,0,0,0,2208,2742,0,0,0,238,778,1042,0,0,,9273,,9273,,Blank,Blank,Blank,Blank,
26-Apr-23,,Blank,Blank,,,Wednesday,WEEK 17,01_April,,,,20,20,0,0,0,0,0,0,8.9,10,10.2,97,10.6,218,0,0,0,0,3.8,88,0,0,3,5.1,0,0,,151,151,151,173,173,184,184,184,184,184,140,216,248,248,0,,3020,0,0,0,1540,1877,1950,0,0,699,0,648,1265,0,0,,10999,,20272,,Blank,Blank,Blank,Blank,
27-Apr-23,,Blank,Blank,,,Thursday,WEEK 17,01_April,,,,27,27,0,0,0,0,0,0,0,0,15.5,136,16.3,337,0,0,0,0,6.8,158,0,0,9.1,7.3,0,0,,151,151,151,173,173,184,184,184,184,184,140,216,248,248,0,,4077,0,0,0,0,2852,2999,0,0,1251,0,1966,1810,0,0,,14955,,35227,,Blank,Blank,Blank,Blank,
28-Apr-23,,Blank,Blank,,,Friday,WEEK 17,01_April,,,,14,14,0,0,0,0,16.9,16,0,0,12.4,105,1.5,35,0,0,0,0,5.4,133,0,0,5.1,9,0,0,,153,153,153,174,174,185,185,185,185,185,142,218,251,251,0,,2142,0,0,2941,0,2294,278,0,0,999,0,1112,2259,0,0,,12025,,47252,,Blank,Blank,Blank,Blank,
29-Apr-23,,Blank,Blank,,,Saturday,WEEK 17,01_April,,,,21.1,22,0,0,0,0,16.4,15,0,0,13.3,126,2.7,55,0,0,0,0,4.4,112,0,0,5,7.2,0,0,,161,161,161,184,184,196,196,196,196,196,150,230,265,265,0,,3397,0,0,3018,0,2607,529,0,0,862,0,1150,1908,0,0,,13471,,60723,,Blank,Blank,Blank,Blank,
30-Apr-23,,Chicken,Syed Tavakkal Chicken Center,"72,950",,Sunday,WEEK 17,01_April,Yes,,,20,20,0,0,0,0,18.1,17,0,0,7.4,66,0,0,0,0,0,0,5.6,0,0,0,6,6.6,0,0,,161,161,161,184,184,196,196,196,196,196,150,230,265,265,0,,3220,0,0,3330,0,1450,0,0,0,1098,0,1380,1749,0,0,,12227,72950,0,,30-Apr-23,Sunday,WEEK 17,01_April,
01-May-23,,Blank,Blank,,,Monday,WEEK 18,02_May,,,,0,0,0,0,0,0,12.3,11,0,0,11.2,106,3.3,76,0,0,0,0,4,115,0,0,3.3,5.9,0,0,,155,155,155,178,178,189,189,189,189,189,144,222,255,255,0,,0,0,0,2189,0,2117,624,0,0,756,0,733,1505,0,0,,7924,,7924,,Blank,Blank,Blank,Blank,
02-May-23,,Blank,Blank,,,Tuesday,WEEK 18,02_May,,,,0,0,0,0,0,0,0,0,0,0,6.5,59,0,0,0,0,0,0,0,0,0,0,3,5.2,0,0,,155,155,155,178,178,189,189,189,189,189,144,222,255,255,0,,0,0,0,0,0,1229,0,0,0,0,0,666,1326,0,0,,3221,,11145,,Blank,Blank,Blank,Blank,
03-May-23,,Blank,Blank,,,Wednesday,WEEK 18,02_May,,,,9.8,10,0,0,0,0,9.5,8,0,0,11.1,106,0,0,0,0,0,0,3.9,0,0,0,4.1,5,0,0,,155,155,155,178,178,189,189,189,189,189,144,222,255,255,0,,1519,0,0,1691,0,2098,0,0,0,737,0,910,1275,0,0,,8230,,19375,,Blank,Blank,Blank,Blank,
04-May-23,,Blank,Blank,,,Thursday,WEEK 18,02_May,,,,14,14,0,0,0,0,0,0,0,0,17.4,162,0,0,0,0,0,0,3.7,101,0,0,4,6,0,0,,153,153,153,174,174,185,185,185,185,185,142,218,251,251,0,,2142,0,0,0,0,3219,0,0,0,685,0,872,1506,0,0,,8424,,27799,,Blank,Blank,Blank,Blank,
05-May-23,,Blank,Blank,,,Friday,WEEK 18,02_May,,,,4,4,0,0,0,0,14.1,12,0,0,13.7,115,0,0,0,0,0,0,6.1,0,0,0,3.3,10.6,0,0,,157,157,157,179,179,190,190,190,190,190,146,224,258,258,0,,628,0,0,2524,0,2603,0,0,0,1159,0,739,2735,0,0,,10388,,38187,,Blank,Blank,Blank,Blank,
06-May-23,,Blank,Blank,,,Saturday,WEEK 18,02_May,,,,25.7,26,0,0,0,0,16.5,15,0,0,14.8,103,0,0,0,0,0,0,4.5,0,0,0,0,8.1,0,0,,164,164,164,187,187,199,199,199,199,199,152,234,269,269,0,,4215,0,0,3086,0,2945,0,0,0,896,0,0,2179,0,0,,13321,,51508,,Blank,Blank,Blank,Blank,
07-May-23,,Chicken,Syed Tavakkal Chicken Center,"60,918",,Sunday,WEEK 18,02_May,Yes,,,10.8,11,0,0,0,0,14.8,14,0,0,9.4,88,0,0,0,0,0,0,2.7,0,0,0,4,4.8,0,0,,168,168,168,192,192,204,204,204,204,204,156,240,276,276,0,,1814,0,0,2842,0,1918,0,0,0,551,0,960,1325,0,0,,9410,60918,0,,07-May-23,Sunday,WEEK 18,02_May,
08-May-23,,Blank,Blank,,,Monday,WEEK 19,02_May,,,,0,0,0,0,0,0,10.5,9,0,0,5.4,48,0,0,0,0,0,0,2.8,0,0,0,4,5.3,0,0,,168,168,168,192,192,204,204,204,204,204,156,240,276,276,0,,0,0,0,2016,0,1102,0,0,0,571,0,960,1463,0,0,,6112,,6112,,Blank,Blank,Blank,Blank,
09-May-23,,Blank,Blank,,,Tuesday,WEEK 19,02_May,,,,16,16,0,0,0,0,13.7,10,0,0,12.2,113,0,0,0,0,0,0,3.8,0,0,0,4.2,7.4,0,0,,176,176,176,202,202,214,214,214,214,214,164,252,290,290,0,,2816,0,0,2767,0,2611,0,0,0,813,0,1058,2146,0,0,,12211,,18323,,Blank,Blank,Blank,Blank,
10-May-23,,Blank,Blank,,,Wednesday,WEEK 19,02_May,,,,6,6,0,0,0,0,0,0,0,0,7.4,62,1.8,31,0,0,0,0,0,0,5.1,51,4.7,5,0,0,,176,176,176,202,202,214,214,214,214,214,164,252,290,290,0,,1056,0,0,0,0,1584,385,0,0,0,836,1184,1450,0,0,,6495,,24818,,Blank,Blank,Blank,Blank,
11-May-23,,Blank,Blank,,,Thursday,WEEK 19,02_May,,,,28,30,0,0,0,0,12,10,0,0,12.4,102,0,0,0,0,0,0,0,0,6.3,0,5,8.6,0,0,,172,172,172,197,197,209,209,209,209,209,160,246,283,283,0,,4816,0,0,2364,0,2592,0,0,0,0,1008,1230,2434,0,0,,14444,,39262,,Blank,Blank,Blank,Blank,
12-May-23,,Blank,Blank,,,Friday,WEEK 19,02_May,,,,27,27,0,0,0,0,19,15,0,0,13.8,118,0,0,0,0,0,0,0,0,5.2,58,6.2,7.9,0,0,,172,172,172,197,197,209,209,209,209,209,160,246,283,283,0,,4644,0,0,3743,0,2884,0,0,0,0,832,1525,2236,0,0,,15864,,55126,,Blank,Blank,Blank,Blank,
13-May-23,,Blank,Blank,,,Saturday,WEEK 19,02_May,,,,34,34,0,0,0,0,11.5,10,9.5,10,14.8,127,0,0,0,0,0,0,0,0,4.1,48,5.9,8,0,0,,176,176,176,202,202,214,214,214,214,214,164,252,290,290,0,,5984,0,0,2323,1919,3167,0,0,0,0,672,1487,2320,0,0,,17872,,72998,,Blank,Blank,Blank,Blank,
14-May-23,,Chicken,Syed Tavakkal Chicken Center,"91,755",,Sunday,WEEK 19,02_May,Yes,,,25,25,0,0,0,0,22.2,19,9.1,10,12,108,0,0,0,0,0,0,0,0,8.2,0,6,8,0,0,,179,179,179,205,205,218,218,218,218,218,166,256,294,294,0,,4475,0,0,4551,1866,2616,0,0,0,0,1361,1536,2352,0,0,,18757,91755,0,,14-May-23,Sunday,WEEK 19,02_May,
15-May-23,,Blank,Blank,,,Monday,WEEK 20,02_May,,,,0,0,0,0,0,0,17.8,16,0,0,11.5,76,0,0,0,0,0,0,0,0,3.5,41,0,4.1,0,0,,179,179,179,205,205,218,218,218,218,218,166,256,294,294,0,,0,0,0,3649,0,2507,0,0,0,0,581,0,1205,0,0,,7942,,7942,,Blank,Blank,Blank,Blank,
16-May-23,,Blank,Blank,,,Tuesday,WEEK 20,02_May,,,,0,0,0,0,0,0,12.2,10,0,0,10.5,96,0,0,0,0,0,0,0,0,5.3,63,0,7.9,0,0,,182,182,182,208,208,221,221,221,221,221,169,260,299,299,0,,0,0,0,2538,0,2321,0,0,0,0,896,0,2362,0,0,,8117,,16059,,Blank,Blank,Blank,Blank,
17-May-23,,Blank,Blank,,,Wednesday,WEEK 20,02_May,,,,0,0,0,0,0,0,13.3,0,0,0,12.1,0,0,0,0,0,0,0,0,0,0,0,0,4.3,0,0,,185,185,185,211,211,224,224,224,224,224,172,264,304,304,0,,0,0,0,2806,0,2710,0,0,0,0,0,0,1307,0,0,,6823,,22882,,Blank,Blank,Blank,Blank,
18-May-23,,Blank,Blank,,,Thursday,WEEK 20,02_May,,,,27,27,0,0,0,0,13.7,10,0,0,9.2,0,2,0,0,0,0,0,0,0,7.2,0,4.1,6.1,0,0,,185,185,185,211,211,224,224,224,224,224,172,264,304,304,0,,4995,0,0,2891,0,2061,448,0,0,0,1238,1082,1854,0,0,,14569,,37451,,Blank,Blank,Blank,Blank,
19-May-23,,Blank,Blank,,,Friday,WEEK 20,02_May,,,,19.7,20,0,0,0,0,15.8,10,8.5,10,10.5,97,1.8,38,0,0,0,0,0,0,6.1,67,5.1,9.9,0,0,,178,178,178,203,203,216,216,216,216,216,165,254,292,292,0,,3507,0,0,3207,1726,2268,389,0,0,0,1007,1295,2891,0,0,,16290,,53741,,Blank,Blank,Blank,Blank,
20-May-23,,Blank,Blank,,,Saturday,WEEK 20,02_May,,,,20,20,0,0,0,0,18.3,10,12,12,12.1,117,0,0,0,0,0,0,0,0,4.4,51,6.1,8.3,0,0,,175,175,175,200,200,213,213,213,213,213,163,250,288,288,0,,3500,0,0,3660,2400,2577,0,0,0,0,717,1525,2390,0,0,,16769,,70510,,Blank,Blank,Blank,Blank,
21-May-23,,Chicken,Syed Tavakkal Chicken Center,"90,294",,Sunday,WEEK 20,02_May,Yes,,,34,34,0,0,0,0,17.2,14,15.9,16,11,104,0,0,0,0,0,0,0,0,6.4,0,4.6,9.3,0,0,,175,175,175,200,200,213,213,213,213,213,163,250,288,288,0,,5950,0,0,3440,3180,2343,0,0,0,0,1043,1150,2678,0,0,,19784,90294,0,,21-May-23,Sunday,WEEK 20,02_May,
22-May-23,,Blank,Blank,,,Monday,WEEK 21,02_May,,,,0,0,0,0,0,0,0,0,0,0,11.5,104,0,0,0,0,0,0,0,0,0,0,0,5,0,0,,175,175,175,200,200,213,213,213,213,213,163,250,288,288,0,,0,0,0,0,0,2450,0,0,0,0,0,0,1440,0,0,,3890,,3890,,Blank,Blank,Blank,Blank,
23-May-23,,Blank,Blank,,,Tuesday,WEEK 21,02_May,,,,20,20,0,0,0,0,11.7,10,0,0,12.1,109,0,0,0,0,0,0,0,0,4.7,54,5.2,4.1,0,0,,176,176,176,202,202,214,214,214,214,214,164,252,290,290,0,,3520,0,0,2363,0,2589,0,0,0,0,771,1310,1189,0,0,,11742,,15632,,Blank,Blank,Blank,Blank,
24-May-23,,Blank,Blank,,,Wednesday,WEEK 21,02_May,,,,15,15,0,0,0,0,13.9,11,0,0,10.3,96,0,0,0,0,0,0,0,0,5.5,67,5,5,0,0,,179,179,179,205,205,218,218,218,218,218,166,256,294,294,0,,2685,0,0,2850,0,2245,0,0,0,0,913,1280,1470,0,0,,11443,,27075,,Blank,Blank,Blank,Blank,
25-May-23,,Blank,Blank,,,Thursday,WEEK 21,02_May,,,,18,18,0,0,0,0,12.7,10,7,7,4.2,36,0,0,0,0,0,0,0,0,4.7,53,6.2,5.4,0,0,,183,183,183,210,210,223,223,223,223,223,170,262,301,301,0,,3294,0,0,2667,1470,937,0,0,0,0,799,1624,1625,0,0,,12416,,39491,,Blank,Blank,Blank,Blank,
26-May-23,,Blank,Blank,,,Friday,WEEK 21,02_May,,,,25,25,0,0,0,0,0,0,9.1,10,9.7,85,0,0,0,0,0,0,0,0,4.7,56,0,13.3,0,0,,188,188,188,214,214,228,228,228,228,228,174,268,308,308,0,,4700,0,0,0,1947,2212,0,0,0,0,818,0,4096,0,0,,13773,,53264,,Blank,Blank,Blank,Blank,
27-May-23,,Blank,Blank,,,Saturday,WEEK 21,02_May,,,,19,19,0,0,0,0,26.3,20,0,0,16.2,153,0,0,0,0,0,0,0,0,7.9,92,6.2,12.4,0,0,,192,192,192,219,219,233,233,233,233,233,178,274,315,315,0,,3648,0,0,5760,0,3775,0,0,0,0,1406,1699,3906,0,0,,20194,,73458,,Blank,Blank,Blank,Blank,
28-May-23,,Chicken,Syed Tavakkal Chicken Center,"85,173",,Sunday,WEEK 21,02_May,Yes,,,12,12,0,0,0,0,0,0,0,0,12.1,113,0,0,0,0,0,0,0,0,8.3,98,5.8,9.1,0,0,,203,203,203,232,232,247,247,247,247,247,189,290,334,334,0,,2436,0,0,0,0,2989,0,0,0,0,1569,1682,3039,0,0,,11715,85173,0,,28-May-23,Sunday,WEEK 21,02_May,
29-May-23,,Blank,Blank,,,Monday,WEEK 22,02_May,,,,0,0,0,0,0,0,25.5,26,0,0,7.3,66,0,0,0,0,0,0,0,0,3.4,44,5.4,4.5,0,0,,203,203,203,232,232,247,247,247,247,247,189,290,334,334,0,,0,0,0,5916,0,1803,0,0,0,0,643,1566,1503,0,0,,11431,,11431,,Blank,Blank,Blank,Blank,
30-May-23,,Blank,Blank,,,Tuesday,WEEK 22,02_May,,,,0,0,0,0,0,0,17.5,14,0,0,20,192,0,0,0,0,0,0,0,0,0,0,4.3,9.3,0,0,,206,206,206,235,235,250,250,250,250,250,191,294,338,338,0,,0,0,0,4113,0,5000,0,0,0,0,0,1264,3143,0,0,,13520,,24951,,Blank,Blank,Blank,Blank,
31-May-23,,Chicken,Syed Tavakkal Chicken Center,"38,953",,Wednesday,WEEK 22,02_May,Yes,,,0,0,0,0,0,0,28.1,17,0,0,11.2,102,0,0,0,0,0,0,0,0,0,0,5.9,9,0,0,,203,203,203,232,232,247,247,247,247,247,189,290,334,334,0,,0,0,0,6519,0,2766,0,0,0,0,0,1711,3006,0,0,,14002,38953,0,,31-May-23,Wednesday,WEEK 22,02_May,
01-Jun-23,,Blank,Blank,,,Thursday,WEEK 22,03_June,,,,13,13,0,0,0,0,0,0,0,0,15.2,110,0,0,0,0,0,0,0,0,3.77,49,7.3,8,0,0,,203,203,203,232,232,247,247,247,247,247,189,290,334,334,0,,2639,0,0,0,0,3754,0,0,0,0,713,2117,2672,0,0,,11895,,11895,,Blank,Blank,Blank,Blank,
02-Jun-23,,Blank,Blank,,,Friday,WEEK 22,03_June,,,,0,0,0,0,0,0,15.2,10,0,0,11.1,103,0,0,0,0,0,0,3,0,0,0,3.5,10.3,0,0,,200,200,200,229,229,243,243,243,243,243,186,286,329,329,0,,0,0,0,3481,0,2697,0,0,0,729,0,1001,3389,0,0,,11297,,23192,,Blank,Blank,Blank,Blank,
03-Jun-23,,Blank,Blank,,,Saturday,WEEK 22,03_June,,,,0,0,0,0,0,0,0,0,0,0,12.2,109,0,0,0,0,0,0,4.3,0,0,0,5,0,0,0,,197,197,197,226,226,240,240,240,240,240,183,282,324,324,0,,0,0,0,0,0,2928,0,0,0,1032,0,1410,0,0,0,,5370,,28562,,Blank,Blank,Blank,Blank,
04-Jun-23,,Chicken,Syed Tavakkal Chicken Center,"36,917",,Sunday,WEEK 22,03_June,Yes,,,0,0,0,0,0,0,0,0,0,0,14.6,133,0,0,0,0,0,0,0,0,0,0,6.4,9.4,0,0,,197,197,197,226,226,240,240,240,240,240,183,282,324,324,0,,0,0,0,0,0,3504,0,0,0,0,0,1805,3046,0,0,,8355,36917,0,,04-Jun-23,Sunday,WEEK 22,03_June,
05-Jun-23,,Blank,Blank,,,Monday,WEEK 23,03_June,,,,0,0,0,0,0,0,8.2,8,0,0,5.1,46,0,0,0,0,0,0,0,0,0,0,2.4,4.9,0,0,,197,197,197,226,226,240,240,240,240,240,183,282,324,324,0,,0,0,0,1853,0,1224,0,0,0,0,0,677,1588,0,0,,5342,,5342,,Blank,Blank,Blank,Blank,
06-Jun-23,,Blank,Blank,,,Tuesday,WEEK 23,03_June,,,,0,0,0,0,0,0,17.7,14,0,0,12.8,118,0,0,0,0,0,0,0,0,13.6,174,4,5.8,0,0,,200,200,200,229,229,243,243,243,243,243,186,286,329,329,0,,0,0,0,4053,0,3110,0,0,0,0,2530,1144,1908,0,0,,12745,,18087,,Blank,Blank,Blank,Blank,
07-Jun-23,,Blank,Blank,,,Wednesday,WEEK 23,03_June,,,,10,10,0,0,0,0,0,0,0,0,8.8,77,0,0,0,0,0,0,0,0,0,0,4.1,5.5,0,0,,203,203,203,232,232,247,247,247,247,247,189,290,334,334,0,,2030,0,0,0,0,2174,0,0,0,0,0,1189,1837,0,0,,7230,,25317,,Blank,Blank,Blank,Blank,
08-Jun-23,,Blank,Blank,,,Thursday,WEEK 23,03_June,,,,0,0,0,0,0,0,13.8,11,0,0,15.4,143,0,0,0,0,0,0,0,0,3.7,,6.1,8.2,0,0,,203,203,203,232,232,247,247,247,247,247,189,290,334,334,0,,0,0,0,3202,0,3804,0,0,0,0,699,1769,2739,0,0,,12213,,37530,,Blank,Blank,Blank,Blank,
09-Jun-23,,Blank,Blank,,,Friday,WEEK 23,03_June,,,,0,0,0,0,0,0,17.4,15,0,0,13.8,0,0,0,0,0,0,0,0,0,4.1,0,6.4,8.8,0,0,,206,206,206,235,235,250,250,250,250,250,191,294,338,338,0,,0,0,0,4089,0,3450,0,0,0,0,783,1882,2974,0,0,,13178,,50708,,Blank,Blank,Blank,Blank,
10-Jun-23,,Blank,Blank,,,Saturday,WEEK 23,03_June,,,,0,0,0,0,0,0,17.1,15,0,0,16.2,151,0,0,0,0,0,0,0,0,4.4,0,7,8.3,0,0,,217,217,217,248,248,264,264,264,264,264,202,310,357,357,0,,0,0,0,4241,0,4277,0,0,0,0,889,2170,2963,0,0,,14540,,65248,,Blank,Blank,Blank,Blank,
11-Jun-23,,Chicken,Syed Tavakkal Chicken Center,"78,866",,Sunday,WEEK 23,03_June,Yes,,,0,0,0,0,0,0,13.8,10,0,0,16.5,152,0,0,0,0,0,0,0,0,9,,4.8,5.5,0,0,,227,227,227,259,259,275,275,275,275,275,211,324,373,373,0,,0,0,0,3574,0,4538,0,0,0,0,1899,1555,2052,0,0,,13618,78866,0,,11-Jun-23,Sunday,WEEK 23,03_June,
12-Jun-23,,Blank,Blank,,,Monday,WEEK 24,03_June,,,,0,0,0,0,0,0,31.4,26,0,0,6.4,58,0,0,0,0,0,0,0,0,4.2,56,7.1,5.3,0,0,,227,227,227,259,259,275,275,275,275,275,211,324,373,373,0,,0,0,0,8133,0,1760,0,0,0,0,886,2300,1977,0,0,,15056,,15056,,Blank,Blank,Blank,Blank,
13-Jun-23,,Blank,Blank,,,Tuesday,WEEK 24,03_June,,,,0,0,0,0,0,0,16.1,13,0,0,0,0,0,0,0,0,0,0,0,0,4,0,0,5,0,0,,227,227,227,259,259,275,275,275,275,275,211,324,373,373,0,,0,0,0,4170,0,0,0,0,0,0,844,0,1865,0,0,,6879,,21935,,Blank,Blank,Blank,Blank,
14-Jun-23,,Blank,Blank,,,Wednesday,WEEK 24,03_June,,,,11,11,0,0,0,0,16.2,15,12.6,13,6.3,57,21.6,0,0,0,0,0,0,0,5.4,71,0,7.8,0,0,,224,224,224,256,256,272,272,272,272,272,208,320,368,368,0,,2464,0,0,4147,3226,1714,5875,0,0,0,1123,0,2870,0,0,,21419,,43354,,Blank,Blank,Blank,Blank,
15-Jun-23,,Blank,Blank,,,Thursday,WEEK 24,03_June,,,,25,25,0,0,0,0,15,12,15,15,13.3,124,0,0,0,0,0,0,0,0,6,0,5.9,5,0,0,,217,217,217,248,248,264,264,264,264,264,202,310,357,357,0,,5425,0,0,3720,3720,3511,0,0,0,0,1212,1829,1785,0,0,,21202,,64556,,Blank,Blank,Blank,Blank,
16-Jun-23,,Blank,Blank,,,Friday,WEEK 24,03_June,,,,14,14,0,0,0,0,0,0,0,0,10.7,96,0,0,0,0,0,0,0,0,8.1,117,5.2,7.4,0,0,,220,220,220,251,251,267,267,267,267,267,204,314,361,361,0,,3080,0,0,0,0,2857,0,0,0,0,1652,1633,2671,0,0,,11893,,76449,,Blank,Blank,Blank,Blank,
17-Jun-23,,Blank,Blank,,,Saturday,WEEK 24,03_June,,,,0,0,0,0,0,0,0,0,0,0,19.1,182,0,0,0,0,0,0,0,0,10,123,6.7,8.6,0,0,,223,223,223,254,254,270,270,270,270,270,207,318,366,366,0,,0,0,0,0,0,5157,0,0,0,0,2070,2131,3148,0,0,,12506,,88955,,Blank,Blank,Blank,Blank,
18-Jun-23,,Chicken,Syed Tavakkal Chicken Center,"99,961",,Sunday,WEEK 24,03_June,Yes,,,12,12,0,0,0,0,0,0,9,9,5.9,54,0,0,0,0,0,0,0,0,5.1,68,4,5.8,0,0,,223,223,223,254,254,270,270,270,270,270,207,318,366,366,0,,2676,0,0,0,2286,1593,0,0,0,0,1056,1272,2123,0,0,,11006,99961,0,,18-Jun-23,Sunday,WEEK 24,03_June,
19-Jun-23,,Blank,Blank,,,Monday,WEEK 25,03_June,,,,0,0,0,0,0,0,10.2,8,0,0,10,93,13.5,0,0,0,0,0,0,0,7.4,0,7.3,0,0,0,,223,223,223,254,254,270,270,270,270,270,207,318,366,366,0,,0,0,0,2591,0,2700,3645,0,0,0,1532,2321,0,0,0,,12789,,12789,,Blank,Blank,Blank,Blank,
20-Jun-23,,Blank,Blank,,,Tuesday,WEEK 25,03_June,,,,42.5,24,0,0,0,0,9.1,8,8,8,12.6,,16.2,0,0,0,0,0,0,0,9.3,0,4,5.9,0,0,,223,223,223,254,254,270,270,270,270,270,207,318,366,366,0,,9478,0,0,2311,2032,3402,4374,0,0,0,1925,1272,2159,0,0,,26953,,39742,,Blank,Blank,Blank,Blank,
21-Jun-23,,Blank,Blank,,,Wednesday,WEEK 25,03_June,,,,10,10,0,0,0,0,9.5,9,9.8,11,10.2,97,19.6,,0,0,0,0,0,0,6.7,0,0,6.4,0,0,,220,220,220,251,251,267,267,267,267,267,204,314,361,361,0,,2200,0,0,2385,2460,2723,5233,0,0,0,1367,0,2310,0,0,,18678,,58420,,Blank,Blank,Blank,Blank,
22-Jun-23,,Blank,Blank,,,Thursday,WEEK 25,03_June,,,,20,20,0,0,0,0,9.9,10,9.4,10,7,64,16.9,0,0,0,0,0,0,0,0,0,4.5,6.6,0,0,,213,213,213,243,243,258,258,258,258,258,198,304,350,350,0,,4260,0,0,2406,2284,1806,4360,0,0,0,0,1368,2310,0,0,,18794,,77214,,Blank,Blank,Blank,Blank,
23-Jun-23,,Blank,Blank,,,Friday,WEEK 25,03_June,,,,25.3,28,0,0,0,0,33.2,28,9.3,12,18,164,0,0,0,0,0,0,0,0,0,0,8.5,9.8,0,0,,195,195,195,222,222,236,236,236,236,236,181,278,320,320,0,,4934,0,0,7370,2065,4248,0,0,0,0,0,2363,3136,0,0,,24116,,101330,,Blank,Blank,Blank,Blank,
24-Jun-23,,Blank,Blank,,,Saturday,WEEK 25,03_June,,,,20,20,0,0,0,0,13.1,10,0,0,17,158,0,0,0,0,0,0,0,0,0,0,5.9,9,0,0,,190,190,190,218,218,231,231,231,231,231,177,272,313,313,0,,3800,0,0,2856,0,3927,0,0,0,0,0,1605,2817,0,0,,15005,,116335,,Blank,Blank,Blank,Blank,
25-Jun-23,,Chicken,Syed Tavakkal Chicken Center,"134,471",,Sunday,WEEK 25,03_June,Yes,,,8,8,0,0,0,0,17,13,0,0,10,94,20.2,0,0,0,0,0,0,0,8.5,0,7.4,9.5,0,0,,185,185,185,211,211,224,224,224,224,224,172,264,304,304,0,,1480,0,0,3587,0,2240,4525,0,0,0,1462,1954,2888,0,0,,18136,134471,0,,25-Jun-23,Sunday,WEEK 25,03_June,
26-Jun-23,,Blank,Blank,,,Monday,WEEK 26,03_June,,,,0,0,0,0,0,0,14.2,13,0,0,8.3,78,14.7,0,0,0,0,0,0,0,3.5,0,0,6.4,0,0,,181,181,181,206,206,219,219,219,219,219,168,258,297,297,0,,0,0,0,2925,0,1818,3219,0,0,0,588,0,1901,0,0,,10451,,10451,,Blank,Blank,Blank,Blank,
27-Jun-23,,Blank,Blank,,,Tuesday,WEEK 26,03_June,,,,0,0,0,0,0,0,0,0,0,0,16.6,151,15,0,0,0,0,0,0,0,5.8,0,6,4.8,0,0,,183,183,183,210,210,223,223,223,223,223,170,262,301,301,0,,0,0,0,0,0,3702,3345,0,0,0,986,1572,1445,0,0,,11050,,21501,,Blank,Blank,Blank,Blank,
28-Jun-23,,Blank,Blank,,,Wednesday,WEEK 26,03_June,,,,0,0,0,0,0,0,12.3,11,0,0,16,0,0,0,0,0,0,0,0,0,7.8,0,6.1,10.8,0,0,,185,185,185,211,211,224,224,224,224,224,172,264,304,304,0,,0,0,0,2595,0,3584,0,0,0,0,1342,1610,3283,0,0,,12414,,33915,,Blank,Blank,Blank,Blank,
29-Jun-23,,Blank,Blank,,,Thursday,WEEK 26,03_June,,,,0,0,0,0,0,0,0,0,0,0,0,0,0,0,0,0,0,0,0,0,0,0,0,0,0,0,,185,185,185,211,211,224,224,224,224,224,172,264,304,304,0,,0,0,0,0,0,0,0,0,0,0,0,0,0,0,0,,0,,33915,,Blank,Blank,Blank,Blank,
30-Jun-23,,Chicken,Syed Tavakkal Chicken Center,"33,915",,Friday,WEEK 26,03_June,Yes,,,0,0,0,0,0,0,0,0,0,0,0,0,0,0,0,0,0,0,0,0,0,0,0,0,0,0,,182,182,182,208,208,221,221,221,221,221,169,260,299,299,0,,0,0,0,0,0,0,0,0,0,0,0,0,0,0,0,,0,33915,0,,30-Jun-23,Friday,WEEK 26,03_June,
01-Jul-23,,Blank,Blank,,,Saturday,WEEK 26,04_July,,,,0,0,0,0,0,0,0,0,0,0,0,0,0,0,0,0,0,0,0,0,0,0,0,0,0,0,,178,178,178,203,203,216,216,216,216,216,165,254,292,292,0,,0,0,0,0,0,0,0,0,0,0,0,0,0,0,0,,0,,0,,Blank,Blank,Blank,Blank,
02-Jul-23,,Chicken,Syed Tavakkal Chicken Center,"10,295",,Sunday,WEEK 26,04_July,Yes,,,22.9,24,0,0,0,0,0,0,0,0,11.6,107,0,0,0,0,0,0,0,0,4.8,0,5,7.1,0,0,,171,171,171,195,195,207,207,207,207,207,159,244,281,281,0,,3916,0,0,0,0,2401,0,0,0,0,763,1220,1995,0,0,,10295,10295,0,,02-Jul-23,Sunday,WEEK 26,04_July,
03-Jul-23,,Blank,Blank,,,Monday,WEEK 27,04_July,,,,0,0,0,0,0,0,0,0,0,0,9.7,86,0,0,0,0,0,0,0,0,3.7,0,5.3,6.1,0,0,,165,165,165,189,189,201,201,201,201,201,153,236,271,271,0,,0,0,0,0,0,1950,0,0,0,0,566,1251,1653,0,0,,5420,,5420,,Blank,Blank,Blank,Blank,
04-Jul-23,,Blank,Blank,,,Tuesday,WEEK 27,04_July,,,,0,0,0,0,0,0,15,12,0,0,10.3,98,0,0,0,0,0,0,0,0,3.6,0,5,6,0,0,,167,167,167,190,190,202,202,202,202,202,155,238,274,274,0,,0,0,0,2850,0,2081,0,0,0,0,558,1190,1644,0,0,,8323,,13743,,Blank,Blank,Blank,Blank,
05-Jul-23,,Blank,Blank,,,Wednesday,WEEK 27,04_July,,,,14.5,15,0,0,0,0,21.9,20,0,0,7.1,0,0,0,0,0,0,0,0,0,6.6,0,6,9.9,2.7,0,,165,165,165,189,189,201,201,201,201,201,153,236,271,271,0,,2393,0,0,4139,0,1427,0,0,0,0,1010,1416,2683,732,0,,13800,,27543,,Blank,Blank,Blank,Blank,
06-Jul-23,,Blank,Blank,,,Thursday,WEEK 27,04_July,,,,23.8,25,0,0,0,0,16.4,15,0,0,8.2,77,0,0,0,0,0,0,0,0,4.3,45,0,8.9,0,0,,157,157,157,179,179,190,190,190,190,190,146,224,258,258,0,,3737,0,0,2936,0,1558,0,0,0,0,628,0,2296,0,0,,11155,,38698,,Blank,Blank,Blank,Blank,
07-Jul-23,,Blank,Blank,,,Friday,WEEK 27,04_July,,,,0,0,0,0,0,0,0,0,0,0,0,0,0,0,0,0,0,0,0,0,0,0,0,0,0,0,,148,148,148,170,170,180,180,180,180,180,138,212,244,244,0,,0,0,0,0,0,0,0,0,0,0,0,0,0,0,0,,0,,38698,,Blank,Blank,Blank,Blank,
08-Jul-23,,Blank,Blank,,,Saturday,WEEK 27,04_July,,,,0,0,0,0,0,0,0,0,0,0,0,0,0,0,0,0,0,0,0,0,0,0,0,0,0,0,,141,141,141,162,162,172,172,172,172,172,131,202,232,232,0,,0,0,0,0,0,0,0,0,0,0,0,0,0,0,0,,0,,38698,,Blank,Blank,Blank,Blank,
09-Jul-23,,Chicken,Syed Tavakkal Chicken Center,"38,698",,Sunday,WEEK 27,04_July,Yes,,,0,0,0,0,0,0,0,0,0,0,0,0,0,0,0,0,0,0,0,0,0,0,0,0,0,0,,141,141,141,162,162,172,172,172,172,172,131,202,232,232,0,,0,0,0,0,0,0,0,0,0,0,0,0,0,0,0,,0,38698,0,,09-Jul-23,Sunday,WEEK 27,04_July,
10-Jul-23,,Blank,Blank,,,Monday,WEEK 28,04_July,,,,0,0,0,0,0,0,0,0,0,0,0,0,0,0,0,0,0,0,0,0,0,0,0,0,0,0,,137,137,137,157,157,167,167,167,167,167,127,196,225,225,0,,0,0,0,0,0,0,0,0,0,0,0,0,0,0,0,,0,,0,,Blank,Blank,Blank,Blank,
11-Jul-23,,Blank,Blank,,,Tuesday,WEEK 28,04_July,,,,0,0,0,0,0,0,0,0,0,0,0,0,0,0,0,0,0,0,0,0,0,0,0,0,0,0,,140,140,140,160,160,170,170,170,170,170,130,200,230,230,0,,0,0,0,0,0,0,0,0,0,0,0,0,0,0,0,,0,,0,,Blank,Blank,Blank,Blank,
12-Jul-23,,Blank,Blank,,,Wednesday,WEEK 28,04_July,,,,0,0,0,0,0,0,0,0,0,0,0,0,0,0,0,0,0,0,0,0,0,0,0,0,0,0,,144,144,144,165,165,175,175,175,175,175,134,206,237,237,0,,0,0,0,0,0,0,0,0,0,0,0,0,0,0,0,,0,,0,,Blank,Blank,Blank,Blank,
13-Jul-23,,Blank,Blank,,,Thursday,WEEK 28,04_July,,,,0,0,0,0,0,0,0,0,0,0,0,0,0,0,0,0,0,0,0,0,0,0,0,0,0,0,,150,150,150,171,171,182,182,182,182,182,139,214,246,246,0,,0,0,0,0,0,0,0,0,0,0,0,0,0,0,0,,0,,0,,Blank,Blank,Blank,Blank,
,,Blank,Blank,,,Blank,Blank,13_Blank,,,,0,0,0,0,0,0,0,0,0,0,0,0,0,0,0,0,0,0,0,0,0,0,0,0,0,0,,0,0,0,0,0,0,0,0,0,0,0,0,0,0,0,,0,0,0,0,0,0,0,0,0,0,0,0,0,0,0,,0,,0,,Blank,Blank,Blank,Blank,
,,Blank,Blank,,,Blank,Blank,13_Blank,,,,0,0,0,0,0,0,0,0,0,0,0,0,0,0,0,0,0,0,0,0,0,0,0,0,0,0,,0,0,0,0,0,0,0,0,0,0,0,0,0,0,0,,0,0,0,0,0,0,0,0,0,0,0,0,0,0,0,,0,,0,,Blank,Blank,Blank,Blank,
,,Blank,Blank,,,Blank,Blank,13_Blank,,,,0,0,0,0,0,0,0,0,0,0,0,0,0,0,0,0,0,0,0,0,0,0,0,0,0,0,,0,0,0,0,0,0,0,0,0,0,0,0,0,0,0,,0,0,0,0,0,0,0,0,0,0,0,0,0,0,0,,0,,0,,Blank,Blank,Blank,Blank,
,,Blank,Blank,,,Blank,Blank,13_Blank,,,,0,0,0,0,0,0,0,0,0,0,0,0,0,0,0,0,0,0,0,0,0,0,0,0,0,0,,0,0,0,0,0,0,0,0,0,0,0,0,0,0,0,,0,0,0,0,0,0,0,0,0,0,0,0,0,0,0,,0,,0,,Blank,Blank,Blank,Blank,
,,Blank,Blank,,,Blank,Blank,13_Blank,,,,0,0,0,0,0,0,0,0,0,0,0,0,0,0,0,0,0,0,0,0,0,0,0,0,0,0,,0,0,0,0,0,0,0,0,0,0,0,0,0,0,0,,0,0,0,0,0,0,0,0,0,0,0,0,0,0,0,,0,,0,,Blank,Blank,Blank,Blank,
,,Blank,Blank,,,Blank,Blank,13_Blank,,,,0,0,0,0,0,0,0,0,0,0,0,0,0,0,0,0,0,0,0,0,0,0,0,0,0,0,,0,0,0,0,0,0,0,0,0,0,0,0,0,0,0,,0,0,0,0,0,0,0,0,0,0,0,0,0,0,0,,0,,0,,Blank,Blank,Blank,Blank,
,,Blank,Blank,,,Blank,Blank,13_Blank,,,,0,0,0,0,0,0,0,0,0,0,0,0,0,0,0,0,0,0,0,0,0,0,0,0,0,0,,0,0,0,0,0,0,0,0,0,0,0,0,0,0,0,,0,0,0,0,0,0,0,0,0,0,0,0,0,0,0,,0,,0,,Blank,Blank,Blank,Blank,
,,Blank,Blank,,,Blank,Blank,13_Blank,,,,0,0,0,0,0,0,0,0,0,0,0,0,0,0,0,0,0,0,0,0,0,0,0,0,0,0,,0,0,0,0,0,0,0,0,0,0,0,0,0,0,0,,0,0,0,0,0,0,0,0,0,0,0,0,0,0,0,,0,,0,,Blank,Blank,Blank,Blank,
,,Blank,Blank,,,Blank,Blank,13_Blank,,,,0,0,0,0,0,0,0,0,0,0,0,0,0,0,0,0,0,0,0,0,0,0,0,0,0,0,,0,0,0,0,0,0,0,0,0,0,0,0,0,0,0,,0,0,0,0,0,0,0,0,0,0,0,0,0,0,0,,0,,0,,Blank,Blank,Blank,Blank,
,,Blank,Blank,,,Blank,Blank,13_Blank,,,,0,0,0,0,0,0,0,0,0,0,0,0,0,0,0,0,0,0,0,0,0,0,0,0,0,0,,0,0,0,0,0,0,0,0,0,0,0,0,0,0,0,,0,0,0,0,0,0,0,0,0,0,0,0,0,0,0,,0,,0,,Blank,Blank,Blank,Blank,
,,Blank,Blank,,,Blank,Blank,13_Blank,,,,0,0,0,0,0,0,0,0,0,0,0,0,0,0,0,0,0,0,0,0,0,0,0,0,0,0,,0,0,0,0,0,0,0,0,0,0,0,0,0,0,0,,0,0,0,0,0,0,0,0,0,0,0,0,0,0,0,,0,,0,,Blank,Blank,Blank,Blank,
,,Blank,Blank,,,Blank,Blank,13_Blank,,,,0,0,0,0,0,0,0,0,0,0,0,0,0,0,0,0,0,0,0,0,0,0,0,0,0,0,,0,0,0,0,0,0,0,0,0,0,0,0,0,0,0,,0,0,0,0,0,0,0,0,0,0,0,0,0,0,0,,0,,0,,Blank,Blank,Blank,Blank,
,,Blank,Blank,,,Blank,Blank,13_Blank,,,,0,0,0,0,0,0,0,0,0,0,0,0,0,0,0,0,0,0,0,0,0,0,0,0,0,0,,0,0,0,0,0,0,0,0,0,0,0,0,0,0,0,,0,0,0,0,0,0,0,0,0,0,0,0,0,0,0,,0,,0,,Blank,Blank,Blank,Blank,
,,Blank,Blank,,,Blank,Blank,13_Blank,,,,0,0,0,0,0,0,0,0,0,0,0,0,0,0,0,0,0,0,0,0,0,0,0,0,0,0,,0,0,0,0,0,0,0,0,0,0,0,0,0,0,0,,0,0,0,0,0,0,0,0,0,0,0,0,0,0,0,,0,,0,,Blank,Blank,Blank,Blank,
,,Blank,Blank,,,Blank,Blank,13_Blank,,,,0,0,0,0,0,0,0,0,0,0,0,0,0,0,0,0,0,0,0,0,0,0,0,0,0,0,,0,0,0,0,0,0,0,0,0,0,0,0,0,0,0,,0,0,0,0,0,0,0,0,0,0,0,0,0,0,0,,0,,0,,Blank,Blank,Blank,Blank,
,,Blank,Blank,,,Blank,Blank,13_Blank,,,,0,0,0,0,0,0,0,0,0,0,0,0,0,0,0,0,0,0,0,0,0,0,0,0,0,0,,0,0,0,0,0,0,0,0,0,0,0,0,0,0,0,,0,0,0,0,0,0,0,0,0,0,0,0,0,0,0,,0,,0,,Blank,Blank,Blank,Blank,
,,Blank,Blank,,,Blank,Blank,13_Blank,,,,0,0,0,0,0,0,0,0,0,0,0,0,0,0,0,0,0,0,0,0,0,0,0,0,0,0,,0,0,0,0,0,0,0,0,0,0,0,0,0,0,0,,0,0,0,0,0,0,0,0,0,0,0,0,0,0,0,,0,,0,,Blank,Blank,Blank,Blank,
,,Blank,Blank,,,Blank,Blank,13_Blank,,,,0,0,0,0,0,0,0,0,0,0,0,0,0,0,0,0,0,0,0,0,0,0,0,0,0,0,,0,0,0,0,0,0,0,0,0,0,0,0,0,0,0,,0,0,0,0,0,0,0,0,0,0,0,0,0,0,0,,0,,0,,Blank,Blank,Blank,Blank,
,,Blank,Blank,,,Blank,Blank,13_Blank,,,,0,0,0,0,0,0,0,0,0,0,0,0,0,0,0,0,0,0,0,0,0,0,0,0,0,0,,0,0,0,0,0,0,0,0,0,0,0,0,0,0,0,,0,0,0,0,0,0,0,0,0,0,0,0,0,0,0,,0,,0,,Blank,Blank,Blank,Blank,
,,Blank,Blank,,,Blank,Blank,13_Blank,,,,0,0,0,0,0,0,0,0,0,0,0,0,0,0,0,0,0,0,0,0,0,0,0,0,0,0,,0,0,0,0,0,0,0,0,0,0,0,0,0,0,0,,0,0,0,0,0,0,0,0,0,0,0,0,0,0,0,,0,,0,,Blank,Blank,Blank,Blank,
,,Blank,Blank,,,Blank,Blank,13_Blank,,,,0,0,0,0,0,0,0,0,0,0,0,0,0,0,0,0,0,0,0,0,0,0,0,0,0,0,,0,0,0,0,0,0,0,0,0,0,0,0,0,0,0,,0,0,0,0,0,0,0,0,0,0,0,0,0,0,0,,0,,0,,Blank,Blank,Blank,Blank,
,,Blank,Blank,,,Blank,Blank,13_Blank,,,,0,0,0,0,0,0,0,0,0,0,0,0,0,0,0,0,0,0,0,0,0,0,0,0,0,0,,0,0,0,0,0,0,0,0,0,0,0,0,0,0,0,,0,0,0,0,0,0,0,0,0,0,0,0,0,0,0,,0,,0,,Blank,Blank,Blank,Blank,
,,Blank,Blank,,,Blank,Blank,13_Blank,,,,0,0,0,0,0,0,0,0,0,0,0,0,0,0,0,0,0,0,0,0,0,0,0,0,0,0,,0,0,0,0,0,0,0,0,0,0,0,0,0,0,0,,0,0,0,0,0,0,0,0,0,0,0,0,0,0,0,,0,,0,,Blank,Blank,Blank,Blank,
,,Blank,Blank,,,Blank,Blank,13_Blank,,,,0,0,0,0,0,0,0,0,0,0,0,0,0,0,0,0,0,0,0,0,0,0,0,0,0,0,,0,0,0,0,0,0,0,0,0,0,0,0,0,0,0,,0,0,0,0,0,0,0,0,0,0,0,0,0,0,0,,0,,0,,Blank,Blank,Blank,Blank,
,,Blank,Blank,,,Blank,Blank,13_Blank,,,,0,0,0,0,0,0,0,0,0,0,0,0,0,0,0,0,0,0,0,0,0,0,0,0,0,0,,0,0,0,0,0,0,0,0,0,0,0,0,0,0,0,,0,0,0,0,0,0,0,0,0,0,0,0,0,0,0,,0,,0,,Blank,Blank,Blank,Blank,
,,Blank,Blank,,,Blank,Blank,13_Blank,,,,0,0,0,0,0,0,0,0,0,0,0,0,0,0,0,0,0,0,0,0,0,0,0,0,0,0,,0,0,0,0,0,0,0,0,0,0,0,0,0,0,0,,0,0,0,0,0,0,0,0,0,0,0,0,0,0,0,,0,,0,,Blank,Blank,Blank,Blank,
,,Blank,Blank,,,Blank,Blank,13_Blank,,,,0,0,0,0,0,0,0,0,0,0,0,0,0,0,0,0,0,0,0,0,0,0,0,0,0,0,,0,0,0,0,0,0,0,0,0,0,0,0,0,0,0,,0,0,0,0,0,0,0,0,0,0,0,0,0,0,0,,0,,0,,Blank,Blank,Blank,Blank,
,,Blank,Blank,,,Blank,Blank,13_Blank,,,,0,0,0,0,0,0,0,0,0,0,0,0,0,0,0,0,0,0,0,0,0,0,0,0,0,0,,0,0,0,0,0,0,0,0,0,0,0,0,0,0,0,,0,0,0,0,0,0,0,0,0,0,0,0,0,0,0,,0,,0,,Blank,Blank,Blank,Blank,
,,Blank,Blank,,,Blank,Blank,13_Blank,,,,0,0,0,0,0,0,0,0,0,0,0,0,0,0,0,0,0,0,0,0,0,0,0,0,0,0,,0,0,0,0,0,0,0,0,0,0,0,0,0,0,0,,0,0,0,0,0,0,0,0,0,0,0,0,0,0,0,,0,,0,,Blank,Blank,Blank,Blank,
,,Blank,Blank,,,Blank,Blank,13_Blank,,,,0,0,0,0,0,0,0,0,0,0,0,0,0,0,0,0,0,0,0,0,0,0,0,0,0,0,,0,0,0,0,0,0,0,0,0,0,0,0,0,0,0,,0,0,0,0,0,0,0,0,0,0,0,0,0,0,0,,0,,0,,Blank,Blank,Blank,Blank,
,,Blank,Blank,,,Blank,Blank,13_Blank,,,,0,0,0,0,0,0,0,0,0,0,0,0,0,0,0,0,0,0,0,0,0,0,0,0,0,0,,0,0,0,0,0,0,0,0,0,0,0,0,0,0,0,,0,0,0,0,0,0,0,0,0,0,0,0,0,0,0,,0,,0,,Blank,Blank,Blank,Blank,
,,Blank,Blank,,,Blank,Blank,13_Blank,,,,0,0,0,0,0,0,0,0,0,0,0,0,0,0,0,0,0,0,0,0,0,0,0,0,0,0,,0,0,0,0,0,0,0,0,0,0,0,0,0,0,0,,0,0,0,0,0,0,0,0,0,0,0,0,0,0,0,,0,,0,,Blank,Blank,Blank,Blank,
,,Blank,Blank,,,Blank,Blank,13_Blank,,,,0,0,0,0,0,0,0,0,0,0,0,0,0,0,0,0,0,0,0,0,0,0,0,0,0,0,,0,0,0,0,0,0,0,0,0,0,0,0,0,0,0,,0,0,0,0,0,0,0,0,0,0,0,0,0,0,0,,0,,0,,Blank,Blank,Blank,Blank,
,,Blank,Blank,,,Blank,Blank,13_Blank,,,,0,0,0,0,0,0,0,0,0,0,0,0,0,0,0,0,0,0,0,0,0,0,0,0,0,0,,0,0,0,0,0,0,0,0,0,0,0,0,0,0,0,,0,0,0,0,0,0,0,0,0,0,0,0,0,0,0,,0,,0,,Blank,Blank,Blank,Blank,
,,Blank,Blank,,,Blank,Blank,13_Blank,,,,0,0,0,0,0,0,0,0,0,0,0,0,0,0,0,0,0,0,0,0,0,0,0,0,0,0,,0,0,0,0,0,0,0,0,0,0,0,0,0,0,0,,0,0,0,0,0,0,0,0,0,0,0,0,0,0,0,,0,,0,,Blank,Blank,Blank,Blank,
,,Blank,Blank,,,Blank,Blank,13_Blank,,,,0,0,0,0,0,0,0,0,0,0,0,0,0,0,0,0,0,0,0,0,0,0,0,0,0,0,,0,0,0,0,0,0,0,0,0,0,0,0,0,0,0,,0,0,0,0,0,0,0,0,0,0,0,0,0,0,0,,0,,0,,Blank,Blank,Blank,Blank,
,,Blank,Blank,,,Blank,Blank,13_Blank,,,,0,0,0,0,0,0,0,0,0,0,0,0,0,0,0,0,0,0,0,0,0,0,0,0,0,0,,0,0,0,0,0,0,0,0,0,0,0,0,0,0,0,,0,0,0,0,0,0,0,0,0,0,0,0,0,0,0,,0,,0,,Blank,Blank,Blank,Blank,
,,Blank,Blank,,,Blank,Blank,13_Blank,,,,0,0,0,0,0,0,0,0,0,0,0,0,0,0,0,0,0,0,0,0,0,0,0,0,0,0,,0,0,0,0,0,0,0,0,0,0,0,0,0,0,0,,0,0,0,0,0,0,0,0,0,0,0,0,0,0,0,,0,,0,,Blank,Blank,Blank,Blank,
,,Blank,Blank,,,Blank,Blank,13_Blank,,,,0,0,0,0,0,0,0,0,0,0,0,0,0,0,0,0,0,0,0,0,0,0,0,0,0,0,,0,0,0,0,0,0,0,0,0,0,0,0,0,0,0,,0,0,0,0,0,0,0,0,0,0,0,0,0,0,0,,0,,0,,Blank,Blank,Blank,Blank,
,,Blank,Blank,,,Blank,Blank,13_Blank,,,,0,0,0,0,0,0,0,0,0,0,0,0,0,0,0,0,0,0,0,0,0,0,0,0,0,0,,0,0,0,0,0,0,0,0,0,0,0,0,0,0,0,,0,0,0,0,0,0,0,0,0,0,0,0,0,0,0,,0,,0,,Blank,Blank,Blank,Blank,
,,Blank,Blank,,,Blank,Blank,13_Blank,,,,0,0,0,0,0,0,0,0,0,0,0,0,0,0,0,0,0,0,0,0,0,0,0,0,0,0,,0,0,0,0,0,0,0,0,0,0,0,0,0,0,0,,0,0,0,0,0,0,0,0,0,0,0,0,0,0,0,,0,,0,,Blank,Blank,Blank,Blank,
,,Blank,Blank,,,Blank,Blank,13_Blank,,,,0,0,0,0,0,0,0,0,0,0,0,0,0,0,0,0,0,0,0,0,0,0,0,0,0,0,,0,0,0,0,0,0,0,0,0,0,0,0,0,0,0,,0,0,0,0,0,0,0,0,0,0,0,0,0,0,0,,0,,0,,Blank,Blank,Blank,Blank,
,,Blank,Blank,,,Blank,Blank,13_Blank,,,,0,0,0,0,0,0,0,0,0,0,0,0,0,0,0,0,0,0,0,0,0,0,0,0,0,0,,0,0,0,0,0,0,0,0,0,0,0,0,0,0,0,,0,0,0,0,0,0,0,0,0,0,0,0,0,0,0,,0,,0,,Blank,Blank,Blank,Blank,
,,Blank,Blank,,,Blank,Blank,13_Blank,,,,0,0,0,0,0,0,0,0,0,0,0,0,0,0,0,0,0,0,0,0,0,0,0,0,0,0,,0,0,0,0,0,0,0,0,0,0,0,0,0,0,0,,0,0,0,0,0,0,0,0,0,0,0,0,0,0,0,,0,,0,,Blank,Blank,Blank,Blank,
,,Blank,Blank,,,Blank,Blank,13_Blank,,,,0,0,0,0,0,0,0,0,0,0,0,0,0,0,0,0,0,0,0,0,0,0,0,0,0,0,,0,0,0,0,0,0,0,0,0,0,0,0,0,0,0,,0,0,0,0,0,0,0,0,0,0,0,0,0,0,0,,0,,0,,Blank,Blank,Blank,Blank,
,,Blank,Blank,,,Blank,Blank,13_Blank,,,,0,0,0,0,0,0,0,0,0,0,0,0,0,0,0,0,0,0,0,0,0,0,0,0,0,0,,0,0,0,0,0,0,0,0,0,0,0,0,0,0,0,,0,0,0,0,0,0,0,0,0,0,0,0,0,0,0,,0,,0,,Blank,Blank,Blank,Blank,
,,Blank,Blank,,,Blank,Blank,13_Blank,,,,0,0,0,0,0,0,0,0,0,0,0,0,0,0,0,0,0,0,0,0,0,0,0,0,0,0,,0,0,0,0,0,0,0,0,0,0,0,0,0,0,0,,0,0,0,0,0,0,0,0,0,0,0,0,0,0,0,,0,,0,,Blank,Blank,Blank,Blank,
,,Blank,Blank,,,Blank,Blank,13_Blank,,,,0,0,0,0,0,0,0,0,0,0,0,0,0,0,0,0,0,0,0,0,0,0,0,0,0,0,,0,0,0,0,0,0,0,0,0,0,0,0,0,0,0,,0,0,0,0,0,0,0,0,0,0,0,0,0,0,0,,0,,0,,Blank,Blank,Blank,Blank,
,,Blank,Blank,,,Blank,Blank,13_Blank,,,,0,0,0,0,0,0,0,0,0,0,0,0,0,0,0,0,0,0,0,0,0,0,0,0,0,0,,0,0,0,0,0,0,0,0,0,0,0,0,0,0,0,,0,0,0,0,0,0,0,0,0,0,0,0,0,0,0,,0,,0,,Blank,Blank,Blank,Blank,
,,Blank,Blank,,,Blank,Blank,13_Blank,,,,0,0,0,0,0,0,0,0,0,0,0,0,0,0,0,0,0,0,0,0,0,0,0,0,0,0,,0,0,0,0,0,0,0,0,0,0,0,0,0,0,0,,0,0,0,0,0,0,0,0,0,0,0,0,0,0,0,,0,,0,,Blank,Blank,Blank,Blank,
,,Blank,Blank,,,Blank,Blank,13_Blank,,,,0,0,0,0,0,0,0,0,0,0,0,0,0,0,0,0,0,0,0,0,0,0,0,0,0,0,,0,0,0,0,0,0,0,0,0,0,0,0,0,0,0,,0,0,0,0,0,0,0,0,0,0,0,0,0,0,0,,0,,0,,Blank,Blank,Blank,Blank,
,,Blank,Blank,,,Blank,Blank,13_Blank,,,,0,0,0,0,0,0,0,0,0,0,0,0,0,0,0,0,0,0,0,0,0,0,0,0,0,0,,0,0,0,0,0,0,0,0,0,0,0,0,0,0,0,,0,0,0,0,0,0,0,0,0,0,0,0,0,0,0,,0,,0,,Blank,Blank,Blank,Blank,
,,Blank,Blank,,,Blank,Blank,13_Blank,,,,0,0,0,0,0,0,0,0,0,0,0,0,0,0,0,0,0,0,0,0,0,0,0,0,0,0,,0,0,0,0,0,0,0,0,0,0,0,0,0,0,0,,0,0,0,0,0,0,0,0,0,0,0,0,0,0,0,,0,,0,,Blank,Blank,Blank,Blank,
,,Blank,Blank,,,Blank,Blank,13_Blank,,,,0,0,0,0,0,0,0,0,0,0,0,0,0,0,0,0,0,0,0,0,0,0,0,0,0,0,,0,0,0,0,0,0,0,0,0,0,0,0,0,0,0,,0,0,0,0,0,0,0,0,0,0,0,0,0,0,0,,0,,0,,Blank,Blank,Blank,Blank,
,,Blank,Blank,,,Blank,Blank,13_Blank,,,,0,0,0,0,0,0,0,0,0,0,0,0,0,0,0,0,0,0,0,0,0,0,0,0,0,0,,0,0,0,0,0,0,0,0,0,0,0,0,0,0,0,,0,0,0,0,0,0,0,0,0,0,0,0,0,0,0,,0,,0,,Blank,Blank,Blank,Blank,
,,Blank,Blank,,,Blank,Blank,13_Blank,,,,0,0,0,0,0,0,0,0,0,0,0,0,0,0,0,0,0,0,0,0,0,0,0,0,0,0,,0,0,0,0,0,0,0,0,0,0,0,0,0,0,0,,0,0,0,0,0,0,0,0,0,0,0,0,0,0,0,,0,,0,,Blank,Blank,Blank,Blank,
,,Blank,Blank,,,Blank,Blank,13_Blank,,,,0,0,0,0,0,0,0,0,0,0,0,0,0,0,0,0,0,0,0,0,0,0,0,0,0,0,,0,0,0,0,0,0,0,0,0,0,0,0,0,0,0,,0,0,0,0,0,0,0,0,0,0,0,0,0,0,0,,0,,0,,Blank,Blank,Blank,Blank,
,,Blank,Blank,,,Blank,Blank,13_Blank,,,,0,0,0,0,0,0,0,0,0,0,0,0,0,0,0,0,0,0,0,0,0,0,0,0,0,0,,0,0,0,0,0,0,0,0,0,0,0,0,0,0,0,,0,0,0,0,0,0,0,0,0,0,0,0,0,0,0,,0,,0,,Blank,Blank,Blank,Blank,
,,Blank,Blank,,,Blank,Blank,13_Blank,,,,0,0,0,0,0,0,0,0,0,0,0,0,0,0,0,0,0,0,0,0,0,0,0,0,0,0,,0,0,0,0,0,0,0,0,0,0,0,0,0,0,0,,0,0,0,0,0,0,0,0,0,0,0,0,0,0,0,,0,,0,,Blank,Blank,Blank,Blank,
,,Blank,Blank,,,Blank,Blank,13_Blank,,,,0,0,0,0,0,0,0,0,0,0,0,0,0,0,0,0,0,0,0,0,0,0,0,0,0,0,,0,0,0,0,0,0,0,0,0,0,0,0,0,0,0,,0,0,0,0,0,0,0,0,0,0,0,0,0,0,0,,0,,0,,Blank,Blank,Blank,Blank,
,,Blank,Blank,,,Blank,Blank,13_Blank,,,,0,0,0,0,0,0,0,0,0,0,0,0,0,0,0,0,0,0,0,0,0,0,0,0,0,0,,0,0,0,0,0,0,0,0,0,0,0,0,0,0,0,,0,0,0,0,0,0,0,0,0,0,0,0,0,0,0,,0,,0,,Blank,Blank,Blank,Blank,
,,Blank,Blank,,,Blank,Blank,13_Blank,,,,0,0,0,0,0,0,0,0,0,0,0,0,0,0,0,0,0,0,0,0,0,0,0,0,0,0,,0,0,0,0,0,0,0,0,0,0,0,0,0,0,0,,0,0,0,0,0,0,0,0,0,0,0,0,0,0,0,,0,,0,,Blank,Blank,Blank,Blank,
,,Blank,Blank,,,Blank,Blank,13_Blank,,,,0,0,0,0,0,0,0,0,0,0,0,0,0,0,0,0,0,0,0,0,0,0,0,0,0,0,,0,0,0,0,0,0,0,0,0,0,0,0,0,0,0,,0,0,0,0,0,0,0,0,0,0,0,0,0,0,0,,0,,0,,Blank,Blank,Blank,Blank,
,,Blank,Blank,,,Blank,Blank,13_Blank,,,,0,0,0,0,0,0,0,0,0,0,0,0,0,0,0,0,0,0,0,0,0,0,0,0,0,0,,0,0,0,0,0,0,0,0,0,0,0,0,0,0,0,,0,0,0,0,0,0,0,0,0,0,0,0,0,0,0,,0,,0,,Blank,Blank,Blank,Blank,
,,Blank,Blank,,,Blank,Blank,13_Blank,,,,0,0,0,0,0,0,0,0,0,0,0,0,0,0,0,0,0,0,0,0,0,0,0,0,0,0,,0,0,0,0,0,0,0,0,0,0,0,0,0,0,0,,0,0,0,0,0,0,0,0,0,0,0,0,0,0,0,,0,,0,,Blank,Blank,Blank,Blank,
,,Blank,Blank,,,Blank,Blank,13_Blank,,,,0,0,0,0,0,0,0,0,0,0,0,0,0,0,0,0,0,0,0,0,0,0,0,0,0,0,,0,0,0,0,0,0,0,0,0,0,0,0,0,0,0,,0,0,0,0,0,0,0,0,0,0,0,0,0,0,0,,0,,0,,Blank,Blank,Blank,Blank,
,,Blank,Blank,,,Blank,Blank,13_Blank,,,,0,0,0,0,0,0,0,0,0,0,0,0,0,0,0,0,0,0,0,0,0,0,0,0,0,0,,0,0,0,0,0,0,0,0,0,0,0,0,0,0,0,,0,0,0,0,0,0,0,0,0,0,0,0,0,0,0,,0,,0,,Blank,Blank,Blank,Blank,
,,Blank,Blank,,,Blank,Blank,13_Blank,,,,0,0,0,0,0,0,0,0,0,0,0,0,0,0,0,0,0,0,0,0,0,0,0,0,0,0,,0,0,0,0,0,0,0,0,0,0,0,0,0,0,0,,0,0,0,0,0,0,0,0,0,0,0,0,0,0,0,,0,,0,,Blank,Blank,Blank,Blank,
,,Blank,Blank,,,Blank,Blank,13_Blank,,,,0,0,0,0,0,0,0,0,0,0,0,0,0,0,0,0,0,0,0,0,0,0,0,0,0,0,,0,0,0,0,0,0,0,0,0,0,0,0,0,0,0,,0,0,0,0,0,0,0,0,0,0,0,0,0,0,0,,0,,0,,Blank,Blank,Blank,Blank,
,,Blank,Blank,,,Blank,Blank,13_Blank,,,,0,0,0,0,0,0,0,0,0,0,0,0,0,0,0,0,0,0,0,0,0,0,0,0,0,0,,0,0,0,0,0,0,0,0,0,0,0,0,0,0,0,,0,0,0,0,0,0,0,0,0,0,0,0,0,0,0,,0,,0,,Blank,Blank,Blank,Blank,
,,Blank,Blank,,,Blank,Blank,13_Blank,,,,0,0,0,0,0,0,0,0,0,0,0,0,0,0,0,0,0,0,0,0,0,0,0,0,0,0,,0,0,0,0,0,0,0,0,0,0,0,0,0,0,0,,0,0,0,0,0,0,0,0,0,0,0,0,0,0,0,,0,,0,,Blank,Blank,Blank,Blank,
,,Blank,Blank,,,Blank,Blank,13_Blank,,,,0,0,0,0,0,0,0,0,0,0,0,0,0,0,0,0,0,0,0,0,0,0,0,0,0,0,,0,0,0,0,0,0,0,0,0,0,0,0,0,0,0,,0,0,0,0,0,0,0,0,0,0,0,0,0,0,0,,0,,0,,Blank,Blank,Blank,Blank,
,,Blank,Blank,,,Blank,Blank,13_Blank,,,,0,0,0,0,0,0,0,0,0,0,0,0,0,0,0,0,0,0,0,0,0,0,0,0,0,0,,0,0,0,0,0,0,0,0,0,0,0,0,0,0,0,,0,0,0,0,0,0,0,0,0,0,0,0,0,0,0,,0,,0,,Blank,Blank,Blank,Blank,
,,Blank,Blank,,,Blank,Blank,13_Blank,,,,0,0,0,0,0,0,0,0,0,0,0,0,0,0,0,0,0,0,0,0,0,0,0,0,0,0,,0,0,0,0,0,0,0,0,0,0,0,0,0,0,0,,0,0,0,0,0,0,0,0,0,0,0,0,0,0,0,,0,,0,,Blank,Blank,Blank,Blank,
,,Blank,Blank,,,Blank,Blank,13_Blank,,,,0,0,0,0,0,0,0,0,0,0,0,0,0,0,0,0,0,0,0,0,0,0,0,0,0,0,,0,0,0,0,0,0,0,0,0,0,0,0,0,0,0,,0,0,0,0,0,0,0,0,0,0,0,0,0,0,0,,0,,0,,Blank,Blank,Blank,Blank,
,,Blank,Blank,,,Blank,Blank,13_Blank,,,,0,0,0,0,0,0,0,0,0,0,0,0,0,0,0,0,0,0,0,0,0,0,0,0,0,0,,0,0,0,0,0,0,0,0,0,0,0,0,0,0,0,,0,0,0,0,0,0,0,0,0,0,0,0,0,0,0,,0,,0,,Blank,Blank,Blank,Blank,
,,Blank,Blank,,,Blank,Blank,13_Blank,,,,0,0,0,0,0,0,0,0,0,0,0,0,0,0,0,0,0,0,0,0,0,0,0,0,0,0,,0,0,0,0,0,0,0,0,0,0,0,0,0,0,0,,0,0,0,0,0,0,0,0,0,0,0,0,0,0,0,,0,,0,,Blank,Blank,Blank,Blank,
,,Blank,Blank,,,Blank,Blank,13_Blank,,,,0,0,0,0,0,0,0,0,0,0,0,0,0,0,0,0,0,0,0,0,0,0,0,0,0,0,,0,0,0,0,0,0,0,0,0,0,0,0,0,0,0,,0,0,0,0,0,0,0,0,0,0,0,0,0,0,0,,0,,0,,Blank,Blank,Blank,Blank,
,,Blank,Blank,,,Blank,Blank,13_Blank,,,,0,0,0,0,0,0,0,0,0,0,0,0,0,0,0,0,0,0,0,0,0,0,0,0,0,0,,0,0,0,0,0,0,0,0,0,0,0,0,0,0,0,,0,0,0,0,0,0,0,0,0,0,0,0,0,0,0,,0,,0,,Blank,Blank,Blank,Blank,
,,Blank,Blank,,,Blank,Blank,13_Blank,,,,0,0,0,0,0,0,0,0,0,0,0,0,0,0,0,0,0,0,0,0,0,0,0,0,0,0,,0,0,0,0,0,0,0,0,0,0,0,0,0,0,0,,0,0,0,0,0,0,0,0,0,0,0,0,0,0,0,,0,,0,,Blank,Blank,Blank,Blank,
,,Blank,Blank,,,Blank,Blank,13_Blank,,,,0,0,0,0,0,0,0,0,0,0,0,0,0,0,0,0,0,0,0,0,0,0,0,0,0,0,,0,0,0,0,0,0,0,0,0,0,0,0,0,0,0,,0,0,0,0,0,0,0,0,0,0,0,0,0,0,0,,0,,0,,Blank,Blank,Blank,Blank,
,,Blank,Blank,,,Blank,Blank,13_Blank,,,,0,0,0,0,0,0,0,0,0,0,0,0,0,0,0,0,0,0,0,0,0,0,0,0,0,0,,0,0,0,0,0,0,0,0,0,0,0,0,0,0,0,,0,0,0,0,0,0,0,0,0,0,0,0,0,0,0,,0,,0,,Blank,Blank,Blank,Blank,
,,Blank,Blank,,,Blank,Blank,13_Blank,,,,0,0,0,0,0,0,0,0,0,0,0,0,0,0,0,0,0,0,0,0,0,0,0,0,0,0,,0,0,0,0,0,0,0,0,0,0,0,0,0,0,0,,0,0,0,0,0,0,0,0,0,0,0,0,0,0,0,,0,,0,,Blank,Blank,Blank,Blank,
,,Blank,Blank,,,Blank,Blank,13_Blank,,,,0,0,0,0,0,0,0,0,0,0,0,0,0,0,0,0,0,0,0,0,0,0,0,0,0,0,,0,0,0,0,0,0,0,0,0,0,0,0,0,0,0,,0,0,0,0,0,0,0,0,0,0,0,0,0,0,0,,0,,0,,Blank,Blank,Blank,Blank,
,,Blank,Blank,,,Blank,Blank,13_Blank,,,,0,0,0,0,0,0,0,0,0,0,0,0,0,0,0,0,0,0,0,0,0,0,0,0,0,0,,0,0,0,0,0,0,0,0,0,0,0,0,0,0,0,,0,0,0,0,0,0,0,0,0,0,0,0,0,0,0,,0,,0,,Blank,Blank,Blank,Blank,
,,Blank,Blank,,,Blank,Blank,13_Blank,,,,0,0,0,0,0,0,0,0,0,0,0,0,0,0,0,0,0,0,0,0,0,0,0,0,0,0,,0,0,0,0,0,0,0,0,0,0,0,0,0,0,0,,0,0,0,0,0,0,0,0,0,0,0,0,0,0,0,,0,,0,,Blank,Blank,Blank,Blank,
,,Blank,Blank,,,Blank,Blank,13_Blank,,,,0,0,0,0,0,0,0,0,0,0,0,0,0,0,0,0,0,0,0,0,0,0,0,0,0,0,,0,0,0,0,0,0,0,0,0,0,0,0,0,0,0,,0,0,0,0,0,0,0,0,0,0,0,0,0,0,0,,0,,0,,Blank,Blank,Blank,Blank,
,,Blank,Blank,,,Blank,Blank,13_Blank,,,,0,0,0,0,0,0,0,0,0,0,0,0,0,0,0,0,0,0,0,0,0,0,0,0,0,0,,0,0,0,0,0,0,0,0,0,0,0,0,0,0,0,,0,0,0,0,0,0,0,0,0,0,0,0,0,0,0,,0,,0,,Blank,Blank,Blank,Blank,
,,Blank,Blank,,,Blank,Blank,13_Blank,,,,0,0,0,0,0,0,0,0,0,0,0,0,0,0,0,0,0,0,0,0,0,0,0,0,0,0,,0,0,0,0,0,0,0,0,0,0,0,0,0,0,0,,0,0,0,0,0,0,0,0,0,0,0,0,0,0,0,,0,,0,,Blank,Blank,Blank,Blank,
,,Blank,Blank,,,Blank,Blank,13_Blank,,,,0,0,0,0,0,0,0,0,0,0,0,0,0,0,0,0,0,0,0,0,0,0,0,0,0,0,,0,0,0,0,0,0,0,0,0,0,0,0,0,0,0,,0,0,0,0,0,0,0,0,0,0,0,0,0,0,0,,0,,0,,Blank,Blank,Blank,Blank,
,,Blank,Blank,,,Blank,Blank,13_Blank,,,,0,0,0,0,0,0,0,0,0,0,0,0,0,0,0,0,0,0,0,0,0,0,0,0,0,0,,0,0,0,0,0,0,0,0,0,0,0,0,0,0,0,,0,0,0,0,0,0,0,0,0,0,0,0,0,0,0,,0,,0,,Blank,Blank,Blank,Blank,
,,Blank,Blank,,,Blank,Blank,13_Blank,,,,0,0,0,0,0,0,0,0,0,0,0,0,0,0,0,0,0,0,0,0,0,0,0,0,0,0,,0,0,0,0,0,0,0,0,0,0,0,0,0,0,0,,0,0,0,0,0,0,0,0,0,0,0,0,0,0,0,,0,,0,,Blank,Blank,Blank,Blank,
,,Blank,Blank,,,Blank,Blank,13_Blank,,,,0,0,0,0,0,0,0,0,0,0,0,0,0,0,0,0,0,0,0,0,0,0,0,0,0,0,,0,0,0,0,0,0,0,0,0,0,0,0,0,0,0,,0,0,0,0,0,0,0,0,0,0,0,0,0,0,0,,0,,0,,Blank,Blank,Blank,Blank,
,,Blank,Blank,,,Blank,Blank,13_Blank,,,,0,0,0,0,0,0,0,0,0,0,0,0,0,0,0,0,0,0,0,0,0,0,0,0,0,0,,0,0,0,0,0,0,0,0,0,0,0,0,0,0,0,,0,0,0,0,0,0,0,0,0,0,0,0,0,0,0,,0,,0,,Blank,Blank,Blank,Blank,
,,Blank,Blank,,,Blank,Blank,13_Blank,,,,0,0,0,0,0,0,0,0,0,0,0,0,0,0,0,0,0,0,0,0,0,0,0,0,0,0,,0,0,0,0,0,0,0,0,0,0,0,0,0,0,0,,0,0,0,0,0,0,0,0,0,0,0,0,0,0,0,,0,,0,,Blank,Blank,Blank,Blank,
,,Blank,Blank,,,Blank,Blank,13_Blank,,,,0,0,0,0,0,0,0,0,0,0,0,0,0,0,0,0,0,0,0,0,0,0,0,0,0,0,,0,0,0,0,0,0,0,0,0,0,0,0,0,0,0,,0,0,0,0,0,0,0,0,0,0,0,0,0,0,0,,0,,0,,Blank,Blank,Blank,Blank,
,,Blank,Blank,,,Blank,Blank,13_Blank,,,,0,0,0,0,0,0,0,0,0,0,0,0,0,0,0,0,0,0,0,0,0,0,0,0,0,0,,0,0,0,0,0,0,0,0,0,0,0,0,0,0,0,,0,0,0,0,0,0,0,0,0,0,0,0,0,0,0,,0,,0,,Blank,Blank,Blank,Blank,
,,Blank,Blank,,,Blank,Blank,13_Blank,,,,0,0,0,0,0,0,0,0,0,0,0,0,0,0,0,0,0,0,0,0,0,0,0,0,0,0,,0,0,0,0,0,0,0,0,0,0,0,0,0,0,0,,0,0,0,0,0,0,0,0,0,0,0,0,0,0,0,,0,,0,,Blank,Blank,Blank,Blank,
,,Blank,Blank,,,Blank,Blank,13_Blank,,,,0,0,0,0,0,0,0,0,0,0,0,0,0,0,0,0,0,0,0,0,0,0,0,0,0,0,,0,0,0,0,0,0,0,0,0,0,0,0,0,0,0,,0,0,0,0,0,0,0,0,0,0,0,0,0,0,0,,0,,0,,Blank,Blank,Blank,Blank,
,,Blank,Blank,,,Blank,Blank,13_Blank,,,,0,0,0,0,0,0,0,0,0,0,0,0,0,0,0,0,0,0,0,0,0,0,0,0,0,0,,0,0,0,0,0,0,0,0,0,0,0,0,0,0,0,,0,0,0,0,0,0,0,0,0,0,0,0,0,0,0,,0,,0,,Blank,Blank,Blank,Blank,
,,Blank,Blank,,,Blank,Blank,13_Blank,,,,0,0,0,0,0,0,0,0,0,0,0,0,0,0,0,0,0,0,0,0,0,0,0,0,0,0,,0,0,0,0,0,0,0,0,0,0,0,0,0,0,0,,0,0,0,0,0,0,0,0,0,0,0,0,0,0,0,,0,,0,,Blank,Blank,Blank,Blank,
,,Blank,Blank,,,Blank,Blank,13_Blank,,,,0,0,0,0,0,0,0,0,0,0,0,0,0,0,0,0,0,0,0,0,0,0,0,0,0,0,,0,0,0,0,0,0,0,0,0,0,0,0,0,0,0,,0,0,0,0,0,0,0,0,0,0,0,0,0,0,0,,0,,0,,Blank,Blank,Blank,Blank,
,,Blank,Blank,,,Blank,Blank,13_Blank,,,,0,0,0,0,0,0,0,0,0,0,0,0,0,0,0,0,0,0,0,0,0,0,0,0,0,0,,0,0,0,0,0,0,0,0,0,0,0,0,0,0,0,,0,0,0,0,0,0,0,0,0,0,0,0,0,0,0,,0,,0,,Blank,Blank,Blank,Blank,
,,Blank,Blank,,,Blank,Blank,13_Blank,,,,0,0,0,0,0,0,0,0,0,0,0,0,0,0,0,0,0,0,0,0,0,0,0,0,0,0,,0,0,0,0,0,0,0,0,0,0,0,0,0,0,0,,0,0,0,0,0,0,0,0,0,0,0,0,0,0,0,,0,,0,,Blank,Blank,Blank,Blank,
,,Blank,Blank,,,Blank,Blank,13_Blank,,,,0,0,0,0,0,0,0,0,0,0,0,0,0,0,0,0,0,0,0,0,0,0,0,0,0,0,,0,0,0,0,0,0,0,0,0,0,0,0,0,0,0,,0,0,0,0,0,0,0,0,0,0,0,0,0,0,0,,0,,0,,Blank,Blank,Blank,Blank,
,,Blank,Blank,,,Blank,Blank,13_Blank,,,,0,0,0,0,0,0,0,0,0,0,0,0,0,0,0,0,0,0,0,0,0,0,0,0,0,0,,0,0,0,0,0,0,0,0,0,0,0,0,0,0,0,,0,0,0,0,0,0,0,0,0,0,0,0,0,0,0,,0,,0,,Blank,Blank,Blank,Blank,
,,Blank,Blank,,,Blank,Blank,13_Blank,,,,0,0,0,0,0,0,0,0,0,0,0,0,0,0,0,0,0,0,0,0,0,0,0,0,0,0,,0,0,0,0,0,0,0,0,0,0,0,0,0,0,0,,0,0,0,0,0,0,0,0,0,0,0,0,0,0,0,,0,,0,,Blank,Blank,Blank,Blank,
,,Blank,Blank,,,Blank,Blank,13_Blank,,,,0,0,0,0,0,0,0,0,0,0,0,0,0,0,0,0,0,0,0,0,0,0,0,0,0,0,,0,0,0,0,0,0,0,0,0,0,0,0,0,0,0,,0,0,0,0,0,0,0,0,0,0,0,0,0,0,0,,0,,0,,Blank,Blank,Blank,Blank,
,,Blank,Blank,,,Blank,Blank,13_Blank,,,,0,0,0,0,0,0,0,0,0,0,0,0,0,0,0,0,0,0,0,0,0,0,0,0,0,0,,0,0,0,0,0,0,0,0,0,0,0,0,0,0,0,,0,0,0,0,0,0,0,0,0,0,0,0,0,0,0,,0,,0,,Blank,Blank,Blank,Blank,
,,Blank,Blank,,,Blank,Blank,13_Blank,,,,0,0,0,0,0,0,0,0,0,0,0,0,0,0,0,0,0,0,0,0,0,0,0,0,0,0,,0,0,0,0,0,0,0,0,0,0,0,0,0,0,0,,0,0,0,0,0,0,0,0,0,0,0,0,0,0,0,,0,,0,,Blank,Blank,Blank,Blank,
,,Blank,Blank,,,Blank,Blank,13_Blank,,,,0,0,0,0,0,0,0,0,0,0,0,0,0,0,0,0,0,0,0,0,0,0,0,0,0,0,,0,0,0,0,0,0,0,0,0,0,0,0,0,0,0,,0,0,0,0,0,0,0,0,0,0,0,0,0,0,0,,0,,0,,Blank,Blank,Blank,Blank,
,,Blank,Blank,,,Blank,Blank,13_Blank,,,,0,0,0,0,0,0,0,0,0,0,0,0,0,0,0,0,0,0,0,0,0,0,0,0,0,0,,0,0,0,0,0,0,0,0,0,0,0,0,0,0,0,,0,0,0,0,0,0,0,0,0,0,0,0,0,0,0,,0,,0,,Blank,Blank,Blank,Blank,
,,Blank,Blank,,,Blank,Blank,13_Blank,,,,0,0,0,0,0,0,0,0,0,0,0,0,0,0,0,0,0,0,0,0,0,0,0,0,0,0,,0,0,0,0,0,0,0,0,0,0,0,0,0,0,0,,0,0,0,0,0,0,0,0,0,0,0,0,0,0,0,,0,,0,,Blank,Blank,Blank,Blank,
,,Blank,Blank,,,Blank,Blank,13_Blank,,,,0,0,0,0,0,0,0,0,0,0,0,0,0,0,0,0,0,0,0,0,0,0,0,0,0,0,,0,0,0,0,0,0,0,0,0,0,0,0,0,0,0,,0,0,0,0,0,0,0,0,0,0,0,0,0,0,0,,0,,0,,Blank,Blank,Blank,Blank,
,,Blank,Blank,,,Blank,Blank,13_Blank,,,,0,0,0,0,0,0,0,0,0,0,0,0,0,0,0,0,0,0,0,0,0,0,0,0,0,0,,0,0,0,0,0,0,0,0,0,0,0,0,0,0,0,,0,0,0,0,0,0,0,0,0,0,0,0,0,0,0,,0,,0,,Blank,Blank,Blank,Blank,
,,Blank,Blank,,,Blank,Blank,13_Blank,,,,0,0,0,0,0,0,0,0,0,0,0,0,0,0,0,0,0,0,0,0,0,0,0,0,0,0,,0,0,0,0,0,0,0,0,0,0,0,0,0,0,0,,0,0,0,0,0,0,0,0,0,0,0,0,0,0,0,,0,,0,,Blank,Blank,Blank,Blank,
,,Blank,Blank,,,Blank,Blank,13_Blank,,,,0,0,0,0,0,0,0,0,0,0,0,0,0,0,0,0,0,0,0,0,0,0,0,0,0,0,,0,0,0,0,0,0,0,0,0,0,0,0,0,0,0,,0,0,0,0,0,0,0,0,0,0,0,0,0,0,0,,0,,0,,Blank,Blank,Blank,Blank,
,,Blank,Blank,,,Blank,Blank,13_Blank,,,,0,0,0,0,0,0,0,0,0,0,0,0,0,0,0,0,0,0,0,0,0,0,0,0,0,0,,0,0,0,0,0,0,0,0,0,0,0,0,0,0,0,,0,0,0,0,0,0,0,0,0,0,0,0,0,0,0,,0,,0,,Blank,Blank,Blank,Blank,
,,Blank,Blank,,,Blank,Blank,13_Blank,,,,0,0,0,0,0,0,0,0,0,0,0,0,0,0,0,0,0,0,0,0,0,0,0,0,0,0,,0,0,0,0,0,0,0,0,0,0,0,0,0,0,0,,0,0,0,0,0,0,0,0,0,0,0,0,0,0,0,,0,,0,,Blank,Blank,Blank,Blank,
,,Blank,Blank,,,Blank,Blank,13_Blank,,,,0,0,0,0,0,0,0,0,0,0,0,0,0,0,0,0,0,0,0,0,0,0,0,0,0,0,,0,0,0,0,0,0,0,0,0,0,0,0,0,0,0,,0,0,0,0,0,0,0,0,0,0,0,0,0,0,0,,0,,0,,Blank,Blank,Blank,Blank,
,,Blank,Blank,,,Blank,Blank,13_Blank,,,,0,0,0,0,0,0,0,0,0,0,0,0,0,0,0,0,0,0,0,0,0,0,0,0,0,0,,0,0,0,0,0,0,0,0,0,0,0,0,0,0,0,,0,0,0,0,0,0,0,0,0,0,0,0,0,0,0,,0,,0,,Blank,Blank,Blank,Blank,
,,Blank,Blank,,,Blank,Blank,13_Blank,,,,0,0,0,0,0,0,0,0,0,0,0,0,0,0,0,0,0,0,0,0,0,0,0,0,0,0,,0,0,0,0,0,0,0,0,0,0,0,0,0,0,0,,0,0,0,0,0,0,0,0,0,0,0,0,0,0,0,,0,,0,,Blank,Blank,Blank,Blank,
,,Blank,Blank,,,Blank,Blank,13_Blank,,,,0,0,0,0,0,0,0,0,0,0,0,0,0,0,0,0,0,0,0,0,0,0,0,0,0,0,,0,0,0,0,0,0,0,0,0,0,0,0,0,0,0,,0,0,0,0,0,0,0,0,0,0,0,0,0,0,0,,0,,0,,Blank,Blank,Blank,Blank,
,,Blank,Blank,,,Blank,Blank,13_Blank,,,,0,0,0,0,0,0,0,0,0,0,0,0,0,0,0,0,0,0,0,0,0,0,0,0,0,0,,0,0,0,0,0,0,0,0,0,0,0,0,0,0,0,,0,0,0,0,0,0,0,0,0,0,0,0,0,0,0,,0,,0,,Blank,Blank,Blank,Blank,
,,Blank,Blank,,,Blank,Blank,13_Blank,,,,0,0,0,0,0,0,0,0,0,0,0,0,0,0,0,0,0,0,0,0,0,0,0,0,0,0,,0,0,0,0,0,0,0,0,0,0,0,0,0,0,0,,0,0,0,0,0,0,0,0,0,0,0,0,0,0,0,,0,,0,,Blank,Blank,Blank,Blank,
,,Blank,Blank,,,Blank,Blank,13_Blank,,,,0,0,0,0,0,0,0,0,0,0,0,0,0,0,0,0,0,0,0,0,0,0,0,0,0,0,,0,0,0,0,0,0,0,0,0,0,0,0,0,0,0,,0,0,0,0,0,0,0,0,0,0,0,0,0,0,0,,0,,0,,Blank,Blank,Blank,Blank,
,,Blank,Blank,,,Blank,Blank,13_Blank,,,,0,0,0,0,0,0,0,0,0,0,0,0,0,0,0,0,0,0,0,0,0,0,0,0,0,0,,0,0,0,0,0,0,0,0,0,0,0,0,0,0,0,,0,0,0,0,0,0,0,0,0,0,0,0,0,0,0,,0,,0,,Blank,Blank,Blank,Blank,
,,Blank,Blank,,,Blank,Blank,13_Blank,,,,0,0,0,0,0,0,0,0,0,0,0,0,0,0,0,0,0,0,0,0,0,0,0,0,0,0,,0,0,0,0,0,0,0,0,0,0,0,0,0,0,0,,0,0,0,0,0,0,0,0,0,0,0,0,0,0,0,,0,,0,,Blank,Blank,Blank,Blank,
,,Blank,Blank,,,Blank,Blank,13_Blank,,,,0,0,0,0,0,0,0,0,0,0,0,0,0,0,0,0,0,0,0,0,0,0,0,0,0,0,,0,0,0,0,0,0,0,0,0,0,0,0,0,0,0,,0,0,0,0,0,0,0,0,0,0,0,0,0,0,0,,0,,0,,Blank,Blank,Blank,Blank,
,,Blank,Blank,,,Blank,Blank,13_Blank,,,,0,0,0,0,0,0,0,0,0,0,0,0,0,0,0,0,0,0,0,0,0,0,0,0,0,0,,0,0,0,0,0,0,0,0,0,0,0,0,0,0,0,,0,0,0,0,0,0,0,0,0,0,0,0,0,0,0,,0,,0,,Blank,Blank,Blank,Blank,
,,Blank,Blank,,,Blank,Blank,13_Blank,,,,0,0,0,0,0,0,0,0,0,0,0,0,0,0,0,0,0,0,0,0,0,0,0,0,0,0,,0,0,0,0,0,0,0,0,0,0,0,0,0,0,0,,0,0,0,0,0,0,0,0,0,0,0,0,0,0,0,,0,,0,,Blank,Blank,Blank,Blank,
,,Blank,Blank,,,Blank,Blank,13_Blank,,,,0,0,0,0,0,0,0,0,0,0,0,0,0,0,0,0,0,0,0,0,0,0,0,0,0,0,,0,0,0,0,0,0,0,0,0,0,0,0,0,0,0,,0,0,0,0,0,0,0,0,0,0,0,0,0,0,0,,0,,0,,Blank,Blank,Blank,Blank,
,,Blank,Blank,,,Blank,Blank,13_Blank,,,,0,0,0,0,0,0,0,0,0,0,0,0,0,0,0,0,0,0,0,0,0,0,0,0,0,0,,0,0,0,0,0,0,0,0,0,0,0,0,0,0,0,,0,0,0,0,0,0,0,0,0,0,0,0,0,0,0,,0,,0,,Blank,Blank,Blank,Blank,
,,Blank,Blank,,,Blank,Blank,13_Blank,,,,0,0,0,0,0,0,0,0,0,0,0,0,0,0,0,0,0,0,0,0,0,0,0,0,0,0,,0,0,0,0,0,0,0,0,0,0,0,0,0,0,0,,0,0,0,0,0,0,0,0,0,0,0,0,0,0,0,,0,,0,,Blank,Blank,Blank,Blank,
,,Blank,Blank,,,Blank,Blank,13_Blank,,,,0,0,0,0,0,0,0,0,0,0,0,0,0,0,0,0,0,0,0,0,0,0,0,0,0,0,,0,0,0,0,0,0,0,0,0,0,0,0,0,0,0,,0,0,0,0,0,0,0,0,0,0,0,0,0,0,0,,0,,0,,Blank,Blank,Blank,Blank,
,,Blank,Blank,,,Blank,Blank,13_Blank,,,,0,0,0,0,0,0,0,0,0,0,0,0,0,0,0,0,0,0,0,0,0,0,0,0,0,0,,0,0,0,0,0,0,0,0,0,0,0,0,0,0,0,,0,0,0,0,0,0,0,0,0,0,0,0,0,0,0,,0,,0,,Blank,Blank,Blank,Blank,
,,Blank,Blank,,,Blank,Blank,13_Blank,,,,0,0,0,0,0,0,0,0,0,0,0,0,0,0,0,0,0,0,0,0,0,0,0,0,0,0,,0,0,0,0,0,0,0,0,0,0,0,0,0,0,0,,0,0,0,0,0,0,0,0,0,0,0,0,0,0,0,,0,,0,,Blank,Blank,Blank,Blank,
,,Blank,Blank,,,Blank,Blank,13_Blank,,,,0,0,0,0,0,0,0,0,0,0,0,0,0,0,0,0,0,0,0,0,0,0,0,0,0,0,,0,0,0,0,0,0,0,0,0,0,0,0,0,0,0,,0,0,0,0,0,0,0,0,0,0,0,0,0,0,0,,0,,0,,Blank,Blank,Blank,Blank,
,,Blank,Blank,,,Blank,Blank,13_Blank,,,,0,0,0,0,0,0,0,0,0,0,0,0,0,0,0,0,0,0,0,0,0,0,0,0,0,0,,0,0,0,0,0,0,0,0,0,0,0,0,0,0,0,,0,0,0,0,0,0,0,0,0,0,0,0,0,0,0,,0,,0,,Blank,Blank,Blank,Blank,
,,Blank,Blank,,,Blank,Blank,13_Blank,,,,0,0,0,0,0,0,0,0,0,0,0,0,0,0,0,0,0,0,0,0,0,0,0,0,0,0,,0,0,0,0,0,0,0,0,0,0,0,0,0,0,0,,0,0,0,0,0,0,0,0,0,0,0,0,0,0,0,,0,,0,,Blank,Blank,Blank,Blank,
,,Blank,Blank,,,Blank,Blank,13_Blank,,,,0,0,0,0,0,0,0,0,0,0,0,0,0,0,0,0,0,0,0,0,0,0,0,0,0,0,,0,0,0,0,0,0,0,0,0,0,0,0,0,0,0,,0,0,0,0,0,0,0,0,0,0,0,0,0,0,0,,0,,0,,Blank,Blank,Blank,Blank,
,,Blank,Blank,,,Blank,Blank,13_Blank,,,,0,0,0,0,0,0,0,0,0,0,0,0,0,0,0,0,0,0,0,0,0,0,0,0,0,0,,0,0,0,0,0,0,0,0,0,0,0,0,0,0,0,,0,0,0,0,0,0,0,0,0,0,0,0,0,0,0,,0,,0,,Blank,Blank,Blank,Blank,
,,Blank,Blank,,,Blank,Blank,13_Blank,,,,0,0,0,0,0,0,0,0,0,0,0,0,0,0,0,0,0,0,0,0,0,0,0,0,0,0,,0,0,0,0,0,0,0,0,0,0,0,0,0,0,0,,0,0,0,0,0,0,0,0,0,0,0,0,0,0,0,,0,,0,,Blank,Blank,Blank,Blank,
,,Blank,Blank,,,Blank,Blank,13_Blank,,,,0,0,0,0,0,0,0,0,0,0,0,0,0,0,0,0,0,0,0,0,0,0,0,0,0,0,,0,0,0,0,0,0,0,0,0,0,0,0,0,0,0,,0,0,0,0,0,0,0,0,0,0,0,0,0,0,0,,0,,0,,Blank,Blank,Blank,Blank,
,,Blank,Blank,,,Blank,Blank,13_Blank,,,,0,0,0,0,0,0,0,0,0,0,0,0,0,0,0,0,0,0,0,0,0,0,0,0,0,0,,0,0,0,0,0,0,0,0,0,0,0,0,0,0,0,,0,0,0,0,0,0,0,0,0,0,0,0,0,0,0,,0,,0,,Blank,Blank,Blank,Blank,
,,Blank,Blank,,,Blank,Blank,13_Blank,,,,0,0,0,0,0,0,0,0,0,0,0,0,0,0,0,0,0,0,0,0,0,0,0,0,0,0,,0,0,0,0,0,0,0,0,0,0,0,0,0,0,0,,0,0,0,0,0,0,0,0,0,0,0,0,0,0,0,,0,,0,,Blank,Blank,Blank,Blank,
,,Blank,Blank,,,Blank,Blank,13_Blank,,,,0,0,0,0,0,0,0,0,0,0,0,0,0,0,0,0,0,0,0,0,0,0,0,0,0,0,,0,0,0,0,0,0,0,0,0,0,0,0,0,0,0,,0,0,0,0,0,0,0,0,0,0,0,0,0,0,0,,0,,0,,Blank,Blank,Blank,Blank,
,,Blank,Blank,,,Blank,Blank,13_Blank,,,,0,0,0,0,0,0,0,0,0,0,0,0,0,0,0,0,0,0,0,0,0,0,0,0,0,0,,0,0,0,0,0,0,0,0,0,0,0,0,0,0,0,,0,0,0,0,0,0,0,0,0,0,0,0,0,0,0,,0,,0,,Blank,Blank,Blank,Blank,
,,Blank,Blank,,,Blank,Blank,13_Blank,,,,0,0,0,0,0,0,0,0,0,0,0,0,0,0,0,0,0,0,0,0,0,0,0,0,0,0,,0,0,0,0,0,0,0,0,0,0,0,0,0,0,0,,0,0,0,0,0,0,0,0,0,0,0,0,0,0,0,,0,,0,,Blank,Blank,Blank,Blank,
,,Blank,Blank,,,Blank,Blank,13_Blank,,,,0,0,0,0,0,0,0,0,0,0,0,0,0,0,0,0,0,0,0,0,0,0,0,0,0,0,,0,0,0,0,0,0,0,0,0,0,0,0,0,0,0,,0,0,0,0,0,0,0,0,0,0,0,0,0,0,0,,0,,0,,Blank,Blank,Blank,Blank,
,,Blank,Blank,,,Blank,Blank,13_Blank,,,,0,0,0,0,0,0,0,0,0,0,0,0,0,0,0,0,0,0,0,0,0,0,0,0,0,0,,0,0,0,0,0,0,0,0,0,0,0,0,0,0,0,,0,0,0,0,0,0,0,0,0,0,0,0,0,0,0,,0,,0,,Blank,Blank,Blank,Blank,
,,Blank,Blank,,,Blank,Blank,13_Blank,,,,0,0,0,0,0,0,0,0,0,0,0,0,0,0,0,0,0,0,0,0,0,0,0,0,0,0,,0,0,0,0,0,0,0,0,0,0,0,0,0,0,0,,0,0,0,0,0,0,0,0,0,0,0,0,0,0,0,,0,,0,,Blank,Blank,Blank,Blank,
,,Blank,Blank,,,Blank,Blank,13_Blank,,,,0,0,0,0,0,0,0,0,0,0,0,0,0,0,0,0,0,0,0,0,0,0,0,0,0,0,,0,0,0,0,0,0,0,0,0,0,0,0,0,0,0,,0,0,0,0,0,0,0,0,0,0,0,0,0,0,0,,0,,0,,Blank,Blank,Blank,Blank,
,,Blank,Blank,,,Blank,Blank,13_Blank,,,,0,0,0,0,0,0,0,0,0,0,0,0,0,0,0,0,0,0,0,0,0,0,0,0,0,0,,0,0,0,0,0,0,0,0,0,0,0,0,0,0,0,,0,0,0,0,0,0,0,0,0,0,0,0,0,0,0,,0,,0,,Blank,Blank,Blank,Blank,
,,Blank,Blank,,,Blank,Blank,13_Blank,,,,0,0,0,0,0,0,0,0,0,0,0,0,0,0,0,0,0,0,0,0,0,0,0,0,0,0,,0,0,0,0,0,0,0,0,0,0,0,0,0,0,0,,0,0,0,0,0,0,0,0,0,0,0,0,0,0,0,,0,,0,,Blank,Blank,Blank,Blank,
,,Blank,Blank,,,Blank,Blank,13_Blank,,,,0,0,0,0,0,0,0,0,0,0,0,0,0,0,0,0,0,0,0,0,0,0,0,0,0,0,,0,0,0,0,0,0,0,0,0,0,0,0,0,0,0,,0,0,0,0,0,0,0,0,0,0,0,0,0,0,0,,0,,0,,Blank,Blank,Blank,Blank,
,,Blank,Blank,,,Blank,Blank,13_Blank,,,,0,0,0,0,0,0,0,0,0,0,0,0,0,0,0,0,0,0,0,0,0,0,0,0,0,0,,0,0,0,0,0,0,0,0,0,0,0,0,0,0,0,,0,0,0,0,0,0,0,0,0,0,0,0,0,0,0,,0,,0,,Blank,Blank,Blank,Blank,
,,Blank,Blank,,,Blank,Blank,13_Blank,,,,0,0,0,0,0,0,0,0,0,0,0,0,0,0,0,0,0,0,0,0,0,0,0,0,0,0,,0,0,0,0,0,0,0,0,0,0,0,0,0,0,0,,0,0,0,0,0,0,0,0,0,0,0,0,0,0,0,,0,,0,,Blank,Blank,Blank,Blank,
,,Blank,Blank,,,Blank,Blank,13_Blank,,,,0,0,0,0,0,0,0,0,0,0,0,0,0,0,0,0,0,0,0,0,0,0,0,0,0,0,,0,0,0,0,0,0,0,0,0,0,0,0,0,0,0,,0,0,0,0,0,0,0,0,0,0,0,0,0,0,0,,0,,0,,Blank,Blank,Blank,Blank,
,,Blank,Blank,,,Blank,Blank,13_Blank,,,,0,0,0,0,0,0,0,0,0,0,0,0,0,0,0,0,0,0,0,0,0,0,0,0,0,0,,0,0,0,0,0,0,0,0,0,0,0,0,0,0,0,,0,0,0,0,0,0,0,0,0,0,0,0,0,0,0,,0,,0,,Blank,Blank,Blank,Blank,
,,Blank,Blank,,,Blank,Blank,13_Blank,,,,0,0,0,0,0,0,0,0,0,0,0,0,0,0,0,0,0,0,0,0,0,0,0,0,0,0,,0,0,0,0,0,0,0,0,0,0,0,0,0,0,0,,0,0,0,0,0,0,0,0,0,0,0,0,0,0,0,,0,,0,,Blank,Blank,Blank,Blank,
,,Blank,Blank,,,Blank,Blank,13_Blank,,,,0,0,0,0,0,0,0,0,0,0,0,0,0,0,0,0,0,0,0,0,0,0,0,0,0,0,,0,0,0,0,0,0,0,0,0,0,0,0,0,0,0,,0,0,0,0,0,0,0,0,0,0,0,0,0,0,0,,0,,0,,Blank,Blank,Blank,Blank,
,,Blank,Blank,,,Blank,Blank,13_Blank,,,,0,0,0,0,0,0,0,0,0,0,0,0,0,0,0,0,0,0,0,0,0,0,0,0,0,0,,0,0,0,0,0,0,0,0,0,0,0,0,0,0,0,,0,0,0,0,0,0,0,0,0,0,0,0,0,0,0,,0,,0,,Blank,Blank,Blank,Blank,
,,Blank,Blank,,,Blank,Blank,13_Blank,,,,0,0,0,0,0,0,0,0,0,0,0,0,0,0,0,0,0,0,0,0,0,0,0,0,0,0,,0,0,0,0,0,0,0,0,0,0,0,0,0,0,0,,0,0,0,0,0,0,0,0,0,0,0,0,0,0,0,,0,,0,,Blank,Blank,Blank,Blank,
,,Blank,Blank,,,Blank,Blank,13_Blank,,,,0,0,0,0,0,0,0,0,0,0,0,0,0,0,0,0,0,0,0,0,0,0,0,0,0,0,,0,0,0,0,0,0,0,0,0,0,0,0,0,0,0,,0,0,0,0,0,0,0,0,0,0,0,0,0,0,0,,0,,0,,Blank,Blank,Blank,Blank,
,,Blank,Blank,,,Blank,Blank,13_Blank,,,,0,0,0,0,0,0,0,0,0,0,0,0,0,0,0,0,0,0,0,0,0,0,0,0,0,0,,0,0,0,0,0,0,0,0,0,0,0,0,0,0,0,,0,0,0,0,0,0,0,0,0,0,0,0,0,0,0,,0,,0,,Blank,Blank,Blank,Blank,
,,Blank,Blank,,,Blank,Blank,13_Blank,,,,0,0,0,0,0,0,0,0,0,0,0,0,0,0,0,0,0,0,0,0,0,0,0,0,0,0,,0,0,0,0,0,0,0,0,0,0,0,0,0,0,0,,0,0,0,0,0,0,0,0,0,0,0,0,0,0,0,,0,,0,,Blank,Blank,Blank,Blank,
,,Blank,Blank,,,Blank,Blank,13_Blank,,,,0,0,0,0,0,0,0,0,0,0,0,0,0,0,0,0,0,0,0,0,0,0,0,0,0,0,,0,0,0,0,0,0,0,0,0,0,0,0,0,0,0,,0,0,0,0,0,0,0,0,0,0,0,0,0,0,0,,0,,0,,Blank,Blank,Blank,Blank,
,,Blank,Blank,,,Blank,Blank,13_Blank,,,,0,0,0,0,0,0,0,0,0,0,0,0,0,0,0,0,0,0,0,0,0,0,0,0,0,0,,0,0,0,0,0,0,0,0,0,0,0,0,0,0,0,,0,0,0,0,0,0,0,0,0,0,0,0,0,0,0,,0,,0,,Blank,Blank,Blank,Blank,
,,Blank,Blank,,,Blank,Blank,13_Blank,,,,0,0,0,0,0,0,0,0,0,0,0,0,0,0,0,0,0,0,0,0,0,0,0,0,0,0,,0,0,0,0,0,0,0,0,0,0,0,0,0,0,0,,0,0,0,0,0,0,0,0,0,0,0,0,0,0,0,,0,,0,,Blank,Blank,Blank,Blank,
,,Blank,Blank,,,Blank,Blank,13_Blank,,,,0,0,0,0,0,0,0,0,0,0,0,0,0,0,0,0,0,0,0,0,0,0,0,0,0,0,,0,0,0,0,0,0,0,0,0,0,0,0,0,0,0,,0,0,0,0,0,0,0,0,0,0,0,0,0,0,0,,0,,0,,Blank,Blank,Blank,Blank,
,,Blank,Blank,,,Blank,Blank,13_Blank,,,,0,0,0,0,0,0,0,0,0,0,0,0,0,0,0,0,0,0,0,0,0,0,0,0,0,0,,0,0,0,0,0,0,0,0,0,0,0,0,0,0,0,,0,0,0,0,0,0,0,0,0,0,0,0,0,0,0,,0,,0,,Blank,Blank,Blank,Blank,
,,Blank,Blank,,,Blank,Blank,13_Blank,,,,0,0,0,0,0,0,0,0,0,0,0,0,0,0,0,0,0,0,0,0,0,0,0,0,0,0,,0,0,0,0,0,0,0,0,0,0,0,0,0,0,0,,0,0,0,0,0,0,0,0,0,0,0,0,0,0,0,,0,,0,,Blank,Blank,Blank,Blank,
,,Blank,Blank,,,Blank,Blank,13_Blank,,,,0,0,0,0,0,0,0,0,0,0,0,0,0,0,0,0,0,0,0,0,0,0,0,0,0,0,,0,0,0,0,0,0,0,0,0,0,0,0,0,0,0,,0,0,0,0,0,0,0,0,0,0,0,0,0,0,0,,0,,0,,Blank,Blank,Blank,Blank,
,,Blank,Blank,,,Blank,Blank,13_Blank,,,,0,0,0,0,0,0,0,0,0,0,0,0,0,0,0,0,0,0,0,0,0,0,0,0,0,0,,0,0,0,0,0,0,0,0,0,0,0,0,0,0,0,,0,0,0,0,0,0,0,0,0,0,0,0,0,0,0,,0,,0,,Blank,Blank,Blank,Blank,
,,Blank,Blank,,,Blank,Blank,13_Blank,,,,0,0,0,0,0,0,0,0,0,0,0,0,0,0,0,0,0,0,0,0,0,0,0,0,0,0,,0,0,0,0,0,0,0,0,0,0,0,0,0,0,0,,0,0,0,0,0,0,0,0,0,0,0,0,0,0,0,,0,,0,,Blank,Blank,Blank,Blank,
,,Blank,Blank,,,Blank,Blank,13_Blank,,,,0,0,0,0,0,0,0,0,0,0,0,0,0,0,0,0,0,0,0,0,0,0,0,0,0,0,,0,0,0,0,0,0,0,0,0,0,0,0,0,0,0,,0,0,0,0,0,0,0,0,0,0,0,0,0,0,0,,0,,0,,Blank,Blank,Blank,Blank,
,,Blank,Blank,,,Blank,Blank,13_Blank,,,,0,0,0,0,0,0,0,0,0,0,0,0,0,0,0,0,0,0,0,0,0,0,0,0,0,0,,0,0,0,0,0,0,0,0,0,0,0,0,0,0,0,,0,0,0,0,0,0,0,0,0,0,0,0,0,0,0,,0,,0,,Blank,Blank,Blank,Blank,
,,Blank,Blank,,,Blank,Blank,13_Blank,,,,0,0,0,0,0,0,0,0,0,0,0,0,0,0,0,0,0,0,0,0,0,0,0,0,0,0,,0,0,0,0,0,0,0,0,0,0,0,0,0,0,0,,0,0,0,0,0,0,0,0,0,0,0,0,0,0,0,,0,,0,,Blank,Blank,Blank,Blank,
,,Blank,Blank,,,Blank,Blank,13_Blank,,,,0,0,0,0,0,0,0,0,0,0,0,0,0,0,0,0,0,0,0,0,0,0,0,0,0,0,,0,0,0,0,0,0,0,0,0,0,0,0,0,0,0,,0,0,0,0,0,0,0,0,0,0,0,0,0,0,0,,0,,0,,Blank,Blank,Blank,Blank,
,,Blank,Blank,,,Blank,Blank,13_Blank,,,,0,0,0,0,0,0,0,0,0,0,0,0,0,0,0,0,0,0,0,0,0,0,0,0,0,0,,0,0,0,0,0,0,0,0,0,0,0,0,0,0,0,,0,0,0,0,0,0,0,0,0,0,0,0,0,0,0,,0,,0,,Blank,Blank,Blank,Blank,
,,Blank,Blank,,,Blank,Blank,13_Blank,,,,0,0,0,0,0,0,0,0,0,0,0,0,0,0,0,0,0,0,0,0,0,0,0,0,0,0,,0,0,0,0,0,0,0,0,0,0,0,0,0,0,0,,0,0,0,0,0,0,0,0,0,0,0,0,0,0,0,,0,,0,,Blank,Blank,Blank,Blank,
,,Blank,Blank,,,Blank,Blank,13_Blank,,,,0,0,0,0,0,0,0,0,0,0,0,0,0,0,0,0,0,0,0,0,0,0,0,0,0,0,,0,0,0,0,0,0,0,0,0,0,0,0,0,0,0,,0,0,0,0,0,0,0,0,0,0,0,0,0,0,0,,0,,0,,Blank,Blank,Blank,Blank,
,,Blank,Blank,,,Blank,Blank,13_Blank,,,,0,0,0,0,0,0,0,0,0,0,0,0,0,0,0,0,0,0,0,0,0,0,0,0,0,0,,0,0,0,0,0,0,0,0,0,0,0,0,0,0,0,,0,0,0,0,0,0,0,0,0,0,0,0,0,0,0,,0,,0,,Blank,Blank,Blank,Blank,
,,Blank,Blank,,,Blank,Blank,13_Blank,,,,0,0,0,0,0,0,0,0,0,0,0,0,0,0,0,0,0,0,0,0,0,0,0,0,0,0,,0,0,0,0,0,0,0,0,0,0,0,0,0,0,0,,0,0,0,0,0,0,0,0,0,0,0,0,0,0,0,,0,,0,,Blank,Blank,Blank,Blank,
,,Blank,Blank,,,Blank,Blank,13_Blank,,,,0,0,0,0,0,0,0,0,0,0,0,0,0,0,0,0,0,0,0,0,0,0,0,0,0,0,,0,0,0,0,0,0,0,0,0,0,0,0,0,0,0,,0,0,0,0,0,0,0,0,0,0,0,0,0,0,0,,0,,0,,Blank,Blank,Blank,Blank,
,,Blank,Blank,,,Blank,Blank,13_Blank,,,,0,0,0,0,0,0,0,0,0,0,0,0,0,0,0,0,0,0,0,0,0,0,0,0,0,0,,0,0,0,0,0,0,0,0,0,0,0,0,0,0,0,,0,0,0,0,0,0,0,0,0,0,0,0,0,0,0,,0,,0,,Blank,Blank,Blank,Blank,
,,Blank,Blank,,,Blank,Blank,13_Blank,,,,0,0,0,0,0,0,0,0,0,0,0,0,0,0,0,0,0,0,0,0,0,0,0,0,0,0,,0,0,0,0,0,0,0,0,0,0,0,0,0,0,0,,0,0,0,0,0,0,0,0,0,0,0,0,0,0,0,,0,,0,,Blank,Blank,Blank,Blank,
,,Blank,Blank,,,Blank,Blank,13_Blank,,,,0,0,0,0,0,0,0,0,0,0,0,0,0,0,0,0,0,0,0,0,0,0,0,0,0,0,,0,0,0,0,0,0,0,0,0,0,0,0,0,0,0,,0,0,0,0,0,0,0,0,0,0,0,0,0,0,0,,0,,0,,Blank,Blank,Blank,Blank,
,,Blank,Blank,,,Blank,Blank,13_Blank,,,,0,0,0,0,0,0,0,0,0,0,0,0,0,0,0,0,0,0,0,0,0,0,0,0,0,0,,0,0,0,0,0,0,0,0,0,0,0,0,0,0,0,,0,0,0,0,0,0,0,0,0,0,0,0,0,0,0,,0,,0,,Blank,Blank,Blank,Blank,
,,Blank,Blank,,,Blank,Blank,13_Blank,,,,0,0,0,0,0,0,0,0,0,0,0,0,0,0,0,0,0,0,0,0,0,0,0,0,0,0,,0,0,0,0,0,0,0,0,0,0,0,0,0,0,0,,0,0,0,0,0,0,0,0,0,0,0,0,0,0,0,,0,,0,,Blank,Blank,Blank,Blank,
,,Blank,Blank,,,Blank,Blank,13_Blank,,,,0,0,0,0,0,0,0,0,0,0,0,0,0,0,0,0,0,0,0,0,0,0,0,0,0,0,,0,0,0,0,0,0,0,0,0,0,0,0,0,0,0,,0,0,0,0,0,0,0,0,0,0,0,0,0,0,0,,0,,0,,Blank,Blank,Blank,Blank,
,,Blank,Blank,,,Blank,Blank,13_Blank,,,,0,0,0,0,0,0,0,0,0,0,0,0,0,0,0,0,0,0,0,0,0,0,0,0,0,0,,0,0,0,0,0,0,0,0,0,0,0,0,0,0,0,,0,0,0,0,0,0,0,0,0,0,0,0,0,0,0,,0,,0,,Blank,Blank,Blank,Blank,
,,Blank,Blank,,,Blank,Blank,13_Blank,,,,0,0,0,0,0,0,0,0,0,0,0,0,0,0,0,0,0,0,0,0,0,0,0,0,0,0,,0,0,0,0,0,0,0,0,0,0,0,0,0,0,0,,0,0,0,0,0,0,0,0,0,0,0,0,0,0,0,,0,,0,,Blank,Blank,Blank,Blank,
,,Blank,Blank,,,Blank,Blank,13_Blank,,,,0,0,0,0,0,0,0,0,0,0,0,0,0,0,0,0,0,0,0,0,0,0,0,0,0,0,,0,0,0,0,0,0,0,0,0,0,0,0,0,0,0,,0,0,0,0,0,0,0,0,0,0,0,0,0,0,0,,0,,0,,Blank,Blank,Blank,Blank,
,,Blank,Blank,,,Blank,Blank,13_Blank,,,,0,0,0,0,0,0,0,0,0,0,0,0,0,0,0,0,0,0,0,0,0,0,0,0,0,0,,0,0,0,0,0,0,0,0,0,0,0,0,0,0,0,,0,0,0,0,0,0,0,0,0,0,0,0,0,0,0,,0,,0,,Blank,Blank,Blank,Blank,
,,,,,,Blank,Blank,13_Blank,,,,,,,,,,,,,,,,,,,,,,,,,,,,,,,,,,,,,,,,,,,,,,,,,,,,,,,,,,,,,,,,,,,,,,,