1,2,3,4,5,6,7,8,9,10,11,12,13,14,15,16,17,18,19,20,21,22,23,24,25,26,27,28,29,30,31,32,33,34,35,36,37,38,39,40,41,42,43,44,45,46,47,48,49,50,51,52,53,54,55,56,57,58,59,60,61,62,63,64,65,66,67,68,69,70,71,72,73,74,75,76,77,78,79,80
Total >>>,,,,,,,,,,,,532,539,0,0,0,0,284,208,327,347,32,306,21,418,0,0,90,854,0,0,109,"1,157",242,322,238,0,,,,,,,,,,,,,,,,,,"88,256",0,0,"55,956","61,713","5,736","3,452",0,"18,687",0,"20,619","63,081","87,314","72,669",0,,"477,483","477,483",0,,,,,,
Average >>,,,,,,,,,,,,,,,,,,,,,,,,,,,,,,,,,,,,,,,,,,,,,,,,,,,,,,,,,,,,,,,,,,,,,,,,,,,,,,,
Vendor >>,SK,SK,SK,SK,SK,SK,SK,SK,SK,SK,SK,SK,SK,SK,SK,SK,SK,SK,SK,SK,SK,SK,SK,SK,SK,SK,SK,SK,SK,SK,SK,SK,SK,SK,SK,SK,SK,SK,SK,SK,SK,SK,SK,SK,SK,SK,SK,SK,SK,SK,SK,SK,SK,SK,SK,SK,SK,SK,SK,SK,SK,SK,SK,SK,SK,SK,SK,SK,SK,SK,SK,SK,SK,SK,SK,SK,SK,SK,SK
Lookup>>,,,,,,,,,,,,87,88,89,90,91,92,93,94,95,96,97,98,99,100,101,102,103,104,105,106,107,108,109,110,111,112,,154,155,156,157,158,159,160,161,162,163,164,165,166,167,168,,,,,,,,,,,,,,,,,,,,,,,,,,
Qty >>,,Chicken,SK CKN Center,,,,,,,,,Kg,Pcs,Kg,Pcs,Kg,Pcs,Kg,Pcs,Kg,Pcs,Kg,Pcs,Kg,Pcs,Kg,Pcs,Kg,Pcs,Kg,Pcs,Kg,Pcs,Kg,Kg,Kg,,,,,,,,,,,,,,,,,,,,,,,,,,,,,,,,,,,,,,,,,,,
Header >>,,Blank,Blank,,,,,,,,,Qty,Qty,Qty,Qty,Qty,Qty,Qty,Qty,Qty,Qty,Qty,Qty,Qty,Qty,Qty,Qty,Qty,Qty,Qty,Qty,Qty,Qty,Qty,Qty,Qty,Qty,,Rate,Rate,Rate,Rate,Rate,Rate,Rate,Rate,Rate,Rate,Rate,Rate,Rate,Rate,Rate,,Amount,Amount,Amount,Amount,Amount,Amount,Amount,Amount,Amount,Amount,Amount,Amount,Amount,Amount,Amount,,,,,,Blank,Blank,Blank,Blank,
Bill Date,Description,Item Name,Vendor Name,Bill Amount,Border,Day,Week,Month,Bill Generated,Month Start,Border,FF OUT,FF OUT,GLL,GLL,AFF,AFF,SKIN OUT,SKIN OUT,TDR,TDR,BRR,BRR,CRR,CRR,KBB,KBB,KLL,KLL,LPP,LPP,WNG,WNG,SWW,CBL,TBL,OTH,Border,FF OUT,GLL,AFF,SKIN OUT,TDR,BRR,CRR,KBB,KLL,LPP,WNG,SWW,CBL,TBL,OTH,Border,FF OUT,GLL,AFF,SKIN OUT,TDR,BRR,CRR,KBB,KLL,LPP,WNG,SWW,CBL,TBL,OTH,Border,Total,Weekly Bill,Balance,Border,Date,Day,Week,Month,Border
Bill Date,Description,Item Name,Vendor Name,Bill Amount,,Day,Week,Month,Bill Generated,Month Start,Border,FF OUT_Kg_Qty,FF OUT_Pcs_Qty,GLL_Kg_Qty,GLL_Pcs_Qty,AFF_Kg_Qty,AFF_Pcs_Qty,SKIN OUT_Kg_Qty,SKIN OUT_Pcs_Qty,TDR_Kg_Qty,TDR_Pcs_Qty,BRR_Kg_Qty,BRR_Pcs_Qty,CRR_Kg_Qty,CRR_Pcs_Qty,KBB_Kg_Qty,KBB_Pcs_Qty,KLL_Kg_Qty,KLL_Pcs_Qty,LPP_Kg_Qty,LPP_Pcs_Qty,WNG_Kg_Qty,WNG_Pcs_Qty,SWW_Kg_Qty,CBL_Kg_Qty,TBL_Kg_Qty,OTH__Qty,Border,_FF OUT_Rate,_GLL_Rate,_AFF_Rate,_SKIN OUT_Rate,_TDR_Rate,_BRR_Rate,_CRR_Rate,_KBB_Rate,_KLL_Rate,_LPP_Rate,_WNG_Rate,_SWW_Rate,_CBL_Rate,_TBL_Rate,_OTH_Rate,Border,_FF OUT_Amount,_GLL_Amount,_AFF_Amount,_SKIN OUT_Amount,_TDR_Amount,_BRR_Amount,_CRR_Amount,_KBB_Amount,_KLL_Amount,_LPP_Amount,_WNG_Amount,_SWW_Amount,_CBL_Amount,_TBL_Amount,_OTH_Amount,Border,Total,Weekly Bill,Balance,Border,Date,,,,Border
21-Apr-23,,Blank,Blank,,,Friday,WEEK 16,01_April,,Yes,,25.8,28,0,0,0,0,0,0,7.9,10,0,0,0,0,0,0,4,36,0,0,4,46,0,7.99,5.1,0,,150,150,150,173,173,173,173,173,173,173,161,230,242,265,0,,3870,0,0,0,1367,0,0,0,692,0,644,0,1934,1352,0,,9859,,9859,,Blank,Blank,Blank,Blank,
22-Apr-23,,Blank,Blank,,,Saturday,WEEK 16,01_April,,,,23.9,25,0,0,0,0,0,0,20.7,25,4,39,3.8,69,0,0,5,50,0,0,4.9,59,4,10.1,8.1,0,,152,152,152,176,176,176,176,176,176,176,164,234,246,269,0,,3633,0,0,0,3643,704,669,0,880,0,804,936,2485,2179,0,,15933,,25792,,Blank,Blank,Blank,Blank,
23-Apr-23,,Chicken,SK CKN Center,,,Sunday,WEEK 16,01_April,Yes,,,0,0,0,0,0,0,0,0,18,20,8.6,89,5.4,92,0,0,5,48,0,0,4,0,4.99,10.1,5.1,0,,143,143,143,165,165,165,165,165,165,165,154,220,231,253,0,,0,0,0,0,2970,1419,891,0,825,0,616,1098,2333,1290,0,,11442,37234,0,,23-Apr-23,Sunday,WEEK 16,01_April,
24-Apr-23,,Blank,Blank,,,Monday,WEEK 17,01_April,,,,9.4,10,0,0,0,0,0,0,10.4,12,0,0,11.9,257,0,0,0,0,0,0,3.1,43,4.1,10.1,5.1,0,,138,138,138,159,159,159,159,159,159,159,148,212,223,244,0,,1297,0,0,0,1654,0,1892,0,0,0,459,869,2252,1244,0,,9667,,9667,,Blank,Blank,Blank,Blank,
25-Apr-23,,Blank,Blank,,,Tuesday,WEEK 17,01_April,,,,10,10,0,0,0,0,0,0,8.7,10,0,0,0,0,0,0,0,0,0,0,0,0,4.9,4.9,0,0,,140,140,140,162,162,162,162,162,162,162,151,216,227,248,0,,1400,0,0,0,1409,0,0,0,0,0,0,1058,1112,0,0,,4979,,14646,,Blank,Blank,Blank,Blank,
26-Apr-23,,Blank,Blank,,,Wednesday,WEEK 17,01_April,,,,19.3,20,0,0,0,0,0,0,12.4,15,0,0,0,0,0,0,0,0,0,0,0,0,5.1,5.5,0,0,,140,140,140,162,162,162,162,162,162,162,151,216,227,248,0,,2702,0,0,0,2009,0,0,0,0,0,0,1102,1249,0,0,,7062,,21708,,Blank,Blank,Blank,Blank,
27-Apr-23,,Blank,Blank,,,Thursday,WEEK 17,01_April,,,,18.6,20,0,0,0,0,0,0,13.7,15,0,0,0,0,0,0,0,0,0,0,3.1,37,4.1,4.9,0,0,,140,140,140,162,162,162,162,162,162,162,151,216,227,248,0,,2604,0,0,0,2219,0,0,0,0,0,468,886,1112,0,0,,7289,,28997,,Blank,Blank,Blank,Blank,
28-Apr-23,,Blank,Blank,,,Friday,WEEK 17,01_April,,,,17,17,0,0,0,0,0,0,15,15,0,0,0,0,,,3,28,0,0,3,34,5,5,0,0,,142,142,142,164,164,164,164,164,164,164,153,218,229,251,0,,2414,0,0,0,2460,0,0,0,492,0,459,1090,1145,0,0,,8060,,37057,,Blank,Blank,Blank,Blank,
29-Apr-23,,Blank,Blank,,,Saturday,WEEK 17,01_April,,,,10,10,0,0,0,0,9.4,7,8.4,10,0,0,0,0,0,0,2,27,0,0,2.8,31,4.9,4.8,0,0,,150,150,150,173,173,173,173,173,173,173,161,230,242,265,0,,1500,0,0,1626,1453,0,0,0,346,0,451,1127,1162,0,0,,7665,,44722,,Blank,Blank,Blank,Blank,
30-Apr-23,,Chicken,SK CKN Center,,,Sunday,WEEK 17,01_April,Yes,,,9,9,0,0,0,0,8.5,7,8,8,0,0,0,0,0,0,3,23,0,0,3,32,4.9,4.6,4.7,0,,150,150,150,173,173,173,173,173,173,173,161,230,242,265,0,,1350,0,0,1471,1384,0,0,0,519,0,483,1127,1113,1246,0,,8693,53415,0,,30-Apr-23,Sunday,WEEK 17,01_April,
01-May-23,,Blank,Blank,,,Monday,WEEK 18,02_May,,,,15,15,0,0,0,0,9.6,7,14,14,0,0,0,0,0,0,0,0,0,0,2.9,29,5,4.5,3.6,0,,144,144,144,167,167,167,167,167,167,167,155,222,233,255,0,,2160,0,0,1603,2338,0,0,0,0,0,450,1110,1049,918,0,,9628,,9628,,Blank,Blank,Blank,Blank,
02-May-23,,Blank,Blank,,,Tuesday,WEEK 18,02_May,,,,7,7,0,0,0,0,9.8,7,0,0,0,0,0,0,0,0,0,0,0,0,0,0,0,6.9,4.1,0,,144,144,144,167,167,167,167,167,167,167,155,222,233,255,0,,1008,0,0,1637,0,0,0,0,0,0,0,0,1608,1046,0,,5299,,14927,,Blank,Blank,Blank,Blank,
03-May-23,,Blank,Blank,,,Wednesday,WEEK 18,02_May,,,,20,20,0,0,0,0,10,8,13.6,14,0,0,0,0,0,0,0,0,0,0,0,0,5,5,3.1,0,,144,144,144,167,167,167,167,167,167,167,155,222,233,255,0,,2880,0,0,1670,2271,0,0,0,0,0,0,1110,1165,791,0,,9887,,24814,,Blank,Blank,Blank,Blank,
04-May-23,,Blank,Blank,,,Thursday,WEEK 18,02_May,,,,10,10,0,0,0,0,,8,5.9,6,0,0,0,0,0,0,0,0,0,0,0,0,7,6.9,7,0,,142,142,142,164,164,164,164,164,164,164,153,218,229,251,0,,1420,0,0,0,968,0,0,0,0,0,0,1526,1580,1757,0,,7251,,32065,,Blank,Blank,Blank,Blank,
05-May-23,,Blank,Blank,,,Friday,WEEK 18,02_May,,,,14,14,0,0,0,0,9.9,7,18.2,20,0,0,0,0,0,0,0,0,0,0,0,0,5.9,6,6,0,,146,146,146,168,168,168,168,168,168,168,157,224,235,258,0,,2044,0,0,1663,3058,0,0,0,0,0,0,1322,1410,1548,0,,11045,,43110,,Blank,Blank,Blank,Blank,
06-May-23,,Blank,Blank,,,Saturday,WEEK 18,02_May,,,,15.7,16,0,0,0,0,12,10,5,5,0,0,0,0,0,0,0,0,0,0,0,0,5.9,9.9,4.9,0,,152,152,152,176,176,176,176,176,176,176,164,234,246,269,0,,2386,0,0,2112,880,0,0,0,0,0,0,1381,2435,1318,0,,10512,,53622,,Blank,Blank,Blank,Blank,
07-May-23,,Chicken,SK CKN Center,,,Sunday,WEEK 18,02_May,Yes,,,15,15,0,0,0,0,15,10,10,10,0,0,0,0,0,0,0,0,0,0,0,0,3.9,10,4,0,,156,156,156,180,180,180,180,180,180,180,168,240,252,276,0,,2340,0,0,2700,1800,0,0,0,0,0,0,936,2520,1104,0,,11400,65022,0,,07-May-23,Sunday,WEEK 18,02_May,
08-May-23,,Blank,Blank,,,Monday,WEEK 19,02_May,,,,22.7,23,0,0,0,0,10.6,7,0,0,0,0,0,0,0,0,0,0,0,0,0,0,5,5,5,0,,156,156,156,180,180,180,180,180,180,180,168,240,252,276,0,,3541,0,0,1908,0,0,0,0,0,0,0,1200,1260,1380,0,,9289,,9289,,Blank,Blank,Blank,Blank,
09-May-23,,Blank,Blank,,,Tuesday,WEEK 19,02_May,,,,10,10,0,0,0,0,11.8,8,0,0,0,0,0,0,0,0,0,0,0,0,0,0,4.9,4.9,5,0,,164,164,164,189,189,189,189,189,189,189,176,252,265,290,0,,1640,0,0,2230,0,0,0,0,0,0,0,1235,1299,1450,0,,7854,,17143,,Blank,Blank,Blank,Blank,
10-May-23,,Blank,Blank,,,Wednesday,WEEK 19,02_May,,,,15,15,0,0,0,0,0,0,0,0,0,0,0,0,0,0,0,0,0,0,0,0,5,4.9,4.9,0,,164,164,164,189,189,189,189,189,189,189,176,252,265,290,0,,2460,0,0,0,0,0,0,0,0,0,0,1260,1299,1421,0,,6440,,23583,,Blank,Blank,Blank,Blank,
11-May-23,,Blank,Blank,,,Thursday,WEEK 19,02_May,,,,15,15,0,0,0,0,13.3,9,0,0,19.53,178,0,0,0,0,0,0,0,0,3.4,40,3.9,6.8,4.1,0,,160,160,160,185,185,185,185,185,185,185,172,246,258,283,0,,2400,0,0,2461,0,3613,0,0,0,0,585,959,1754,1160,0,,12932,,36515,,Blank,Blank,Blank,Blank,
12-May-23,,Blank,Blank,,,Friday,WEEK 19,02_May,,,,14.7,15,0,0,0,0,,,5.2,5,0,0,0,0,0,0,0,0,0,0,0,0,5.1,9.6,4.1,0,,160,160,160,185,185,185,185,185,185,185,172,246,258,283,0,,2352,0,0,0,962,0,0,0,0,0,0,1255,2477,1160,0,,8206,,44721,,Blank,Blank,Blank,Blank,
13-May-23,,Blank,Blank,,,Saturday,WEEK 19,02_May,,,,0,0,0,0,0,0,10.6,7,0,0,0,0,0,0,0,0,0,0,0,0,0,0,5.1,6.9,4,0,,164,164,164,189,189,189,189,189,189,189,176,252,265,290,0,,0,0,0,2003,0,0,0,0,0,0,0,1285,1829,1160,0,,6277,,50998,,Blank,Blank,Blank,Blank,
14-May-23,,Chicken,SK CKN Center,,,Sunday,WEEK 19,02_May,Yes,,,9.9,10,0,0,0,0,14.9,10,0,0,0,0,0,0,0,0,0,0,0,0,2,26,6,7.9,5,0,,166,166,166,192,192,192,192,192,192,192,179,256,269,294,0,,1643,0,0,2861,0,0,0,0,0,0,358,1536,2125,1470,0,,9993,60991,0,,14-May-23,Sunday,WEEK 19,02_May,
15-May-23,,Blank,Blank,,,Monday,WEEK 20,02_May,,,,0,0,0,0,0,0,0,0,0,0,0,0,0,0,0,0,1.3,16,0,0,2,22,5,5,5,0,,166,166,166,192,192,192,192,192,192,192,179,256,269,294,0,,0,0,0,0,0,0,0,0,250,0,358,1280,1345,1470,0,,4703,,4703,,Blank,Blank,Blank,Blank,
16-May-23,,Blank,Blank,,,Tuesday,WEEK 20,02_May,,,,0,0,0,0,0,0,0,0,0,0,0,0,0,0,0,0,0,0,0,0,4.9,61,3.7,3.8,4,0,,169,169,169,195,195,195,195,195,195,195,182,260,273,299,0,,0,0,0,0,0,0,0,0,0,0,892,962,1037,1196,0,,4087,,8790,,Blank,Blank,Blank,Blank,
17-May-23,,Blank,Blank,,,Wednesday,WEEK 20,02_May,,,,0,0,0,0,0,0,0,0,0,0,0,0,0,0,0,0,2,21,0,0,3.5,42,3.9,4,3.9,0,,172,172,172,198,198,198,198,198,198,198,185,264,277,304,0,,0,0,0,0,0,0,0,0,396,0,648,1030,1108,1186,0,,4368,,13158,,Blank,Blank,Blank,Blank,
18-May-23,,Blank,Blank,,,Thursday,WEEK 20,02_May,,,,0,0,0,0,0,0,11.3,8,0,0,0,0,0,0,0,0,3.9,,0,0,0,0,4.2,7,6.9,0,,172,172,172,198,198,198,198,198,198,198,185,264,277,304,0,,0,0,0,2237,0,0,0,0,772,0,0,1109,1939,2098,0,,8155,,21313,,Blank,Blank,Blank,Blank,
19-May-23,,Blank,Blank,,,Friday,WEEK 20,02_May,,,,0,0,0,0,0,0,10.6,9,0,0,0,0,0,0,0,0,4.1,43,0,0,2.9,43,5,7.9,3.1,0,,165,165,165,191,191,191,191,191,191,191,178,254,267,292,0,,0,0,0,2025,0,0,0,0,783,0,516,1270,2109,905,0,,7608,,28921,,Blank,Blank,Blank,Blank,
20-May-23,,Blank,Blank,,,Saturday,WEEK 20,02_May,,,,8,8,0,0,0,0,12.8,8,0,0,0,0,0,0,0,0,2,20,0,0,0,0,5,4.8,5,0,,163,163,163,188,188,188,188,188,188,188,175,250,263,288,0,,1304,0,0,2406,0,0,0,0,376,0,0,1250,1262,1440,0,,8038,,36959,,Blank,Blank,Blank,Blank,
21-May-23,,Chicken,SK CKN Center,,,Sunday,WEEK 20,02_May,Yes,,,0,0,0,0,0,0,0,0,9,9,0,0,0,0,0,0,2,19,0,0,0,0,4.9,5,5,0,,163,163,163,188,188,188,188,188,188,188,175,250,263,288,0,,0,0,0,0,1692,0,0,0,376,0,0,1225,1315,1440,0,,6048,43007,0,,21-May-23,Sunday,WEEK 20,02_May,
22-May-23,,Blank,Blank,,,Monday,WEEK 21,02_May,,Yes,,0,0,0,0,0,0,0,0,0,0,0,0,0,0,0,0,0,0,0,0,0,0,0,0,0,0,,163,163,163,188,188,188,188,188,188,188,175,250,263,288,0,,0,0,0,0,0,0,0,0,0,0,0,0,0,0,0,,0,,0,,Blank,Blank,Blank,Blank,
23-May-23,,Blank,Blank,,,Tuesday,WEEK 21,02_May,,,,9.8,10,0,0,0,0,0,0,9.8,10,0,0,0,0,0,0,1.9,18,0,0,0,0,5.9,5.4,5.6,0,,164,164,164,189,189,189,189,189,189,189,176,252,265,290,0,,1607,0,0,0,1852,0,0,0,359,0,0,1487,1431,1624,0,,8360,,8360,,Blank,Blank,Blank,Blank,
24-May-23,,Blank,Blank,,,Wednesday,WEEK 21,02_May,,,,0,0,0,0,0,0,0,0,0,0,0,0,0,0,0,0,2.1,20,0,0,0,0,5,5.1,4.9,0,,166,166,166,192,192,192,192,192,192,192,179,256,269,294,0,,0,0,0,0,0,0,0,0,403,0,0,1280,1372,1441,0,,4496,,12856,,Blank,Blank,Blank,Blank,
25-May-23,,Blank,Blank,,,Thursday,WEEK 21,02_May,,,,0,0,0,0,0,0,14.1,11,0,0,0,0,0,0,0,0,0,0,0,0,0,0,5.2,5.1,5.1,0,,170,170,170,197,197,197,197,197,197,197,183,262,275,301,0,,0,0,0,2778,0,0,0,0,0,0,0,1362,1403,1535,0,,7078,,19934,,Blank,Blank,Blank,Blank,
26-May-23,,Blank,Blank,,,Friday,WEEK 21,02_May,,,,0,0,0,0,0,0,0,0,0,0,0,0,0,0,0,0,0,0,0,0,0,0,0,0,0,0,,174,174,174,201,201,201,201,201,201,201,188,268,281,308,0,,0,0,0,0,0,0,0,0,0,0,0,0,0,0,0,,0,,19934,,Blank,Blank,Blank,Blank,
27-May-23,,Blank,Blank,,,Saturday,WEEK 21,02_May,,,,12,12,0,0,0,0,11.9,7,8,8,0,0,0,0,0,0,1.9,21,0,0,5,64,5,9.7,4.9,0,,178,178,178,206,206,206,206,206,206,206,192,274,288,315,0,,2136,0,0,2451,1648,0,0,0,391,0,960,1370,2794,1544,0,,13294,,33228,,Blank,Blank,Blank,Blank,
28-May-23,,Chicken,SK CKN Center,,,Sunday,WEEK 21,02_May,Yes,,,8,8,0,0,0,0,0,0,8,8,0,0,0,0,0,0,4.5,48,0,0,4.9,53,5.8,5.7,5.9,0,,189,189,189,218,218,218,218,218,218,218,203,290,305,334,0,,1512,0,0,0,1744,0,0,0,981,0,995,1682,1739,1971,0,,10624,43852,0,,28-May-23,Sunday,WEEK 21,02_May,
29-May-23,,Blank,Blank,,,Monday,WEEK 22,02_May,,,,0,0,0,0,0,0,0,0,0,0,0,0,0,0,0,0,0,0,0,0,0,0,0,0,0,0,,189,189,189,218,218,218,218,218,218,218,203,290,305,334,0,,0,0,0,0,0,0,0,0,0,0,0,0,0,0,0,,0,,0,,Blank,Blank,Blank,Blank,
30-May-23,,Blank,Blank,,,Tuesday,WEEK 22,02_May,,,,0,0,0,0,0,0,0,0,0,0,0,0,0,0,0,0,4.5,45,0,0,6.9,0,0,4.8,4.3,0,,191,191,191,221,221,221,221,221,221,221,206,294,309,338,0,,0,0,0,0,0,0,0,0,995,0,1421,0,1483,1453,0,,5352,,5352,,Blank,Blank,Blank,Blank,
31-May-23,,Chicken,SK CKN Center,,,Wednesday,WEEK 22,02_May,Yes,,,0,0,0,0,0,0,11.5,7,0,0,0,0,0,0,0,0,0,0,0,0,8,109,0,4.9,5,0,,189,189,189,218,218,218,218,218,218,218,203,290,305,334,0,,0,0,0,2507,0,0,0,0,0,0,1624,0,1495,1670,0,,7296,12648,0,,31-May-23,Wednesday,WEEK 22,02_May,
01-Jun-23,,Blank,Blank,,,Thursday,WEEK 22,03_June,,,,0,0,0,0,0,0,0,0,0,0,0,0,0,0,0,0,0,0,0,0,0,0,0,0,0,0,,189,189,189,218,218,218,218,218,218,218,203,290,305,334,0,,0,0,0,0,0,0,0,0,0,0,0,0,0,0,0,,0,,0,,Blank,Blank,Blank,Blank,
02-Jun-23,,Blank,Blank,,,Friday,WEEK 22,03_June,,,,0,0,0,0,0,0,0,0,0,0,0,0,0,0,0,0,0,0,0,0,0,0,0,0,0,0,,186,186,186,215,215,215,215,215,215,215,200,286,300,329,0,,0,0,0,0,0,0,0,0,0,0,0,0,0,0,0,,0,,0,,Blank,Blank,Blank,Blank,
03-Jun-23,,Blank,Blank,,,Saturday,WEEK 22,03_June,,,,8,8,0,0,0,0,8.3,5,8,8,0,0,0,0,0,0,0,0,0,0,0,0,5,4.9,4.9,0,,183,183,183,212,212,212,212,212,212,212,197,282,296,324,0,,1464,0,0,1760,1696,0,0,0,0,0,0,1410,1450,1588,0,,9368,,9368,,Blank,Blank,Blank,Blank,
04-Jun-23,,Chicken,SK CKN Center,,,Sunday,WEEK 22,03_June,Yes,,,8,8,0,0,0,0,0,0,8,8,0,0,0,0,0,0,0,0,0,0,0,0,6,0,6,0,,183,183,183,212,212,212,212,212,212,212,197,282,296,324,0,,1464,0,0,0,1696,0,0,0,0,0,0,1692,0,1944,0,,6796,16164,0,,04-Jun-23,Sunday,WEEK 22,03_June,
05-Jun-23,,Blank,Blank,,,Monday,WEEK 23,03_June,,,,20,20,0,0,0,0,0,0,7,7,0,0,0,0,0,0,4,47,0,0,4,51,7.9,9.9,8,0,,183,183,183,212,212,212,212,212,212,212,197,282,296,324,0,,3660,0,0,0,1484,0,0,0,848,0,788,2228,2930,2592,0,,14530,,14530,,Blank,Blank,Blank,Blank,
06-Jun-23,,Blank,Blank,,,Tuesday,WEEK 23,03_June,,,,14,14,0,0,0,0,0,0,10,10,0,0,0,0,0,0,4,43,0,0,4.1,51,5,4.9,4,0,,186,186,186,215,215,215,215,215,215,215,200,286,300,329,0,,2604,0,0,0,2150,0,0,0,860,0,820,1430,1470,1316,0,,10650,,25180,,Blank,Blank,Blank,Blank,
07-Jun-23,Bill is generated from 09 Jan to 17 Jan because Jagat has selected as 09 Jan date for 10th jan and dupicate bill for 9th Jan is generated,Blank,Blank,,,Wednesday,WEEK 23,03_June,,,,0,0,0,0,0,0,0,0,0,0,0,0,0,0,0,0,0,0,0,0,0,0,0,0,0,0,,189,189,189,218,218,218,218,218,218,218,203,290,305,334,0,,0,0,0,0,0,0,0,0,0,0,0,0,0,0,0,,0,,25180,,Blank,Blank,Blank,Blank,
08-Jun-23,,Blank,Blank,,,Thursday,WEEK 23,03_June,,,,22,22,0,0,0,0,0,0,9,9,0,0,0,0,0,0,0,0,0,0,2.9,0,5.8,5.9,6.1,0,,189,189,189,218,218,218,218,218,218,218,203,290,305,334,0,,4158,0,0,0,1962,0,0,0,0,0,589,1682,1800,2037,0,,12228,,37408,,Blank,Blank,Blank,Blank,
09-Jun-23,,Blank,Blank,,,Friday,WEEK 23,03_June,,,,19,19,0,0,0,0,0,0,8,8,0,0,0,0,0,0,4.2,35,0,0,1.9,18,0,10,2.1,0,,191,191,191,221,221,221,221,221,221,221,206,294,309,338,0,,3629,0,0,0,1768,0,0,0,928,0,391,0,3090,710,0,,10516,,47924,,Blank,Blank,Blank,Blank,
10-Jun-23,,Blank,Blank,,,Saturday,WEEK 23,03_June,,,,10,10,0,0,0,0,0,0,5.7,6,0,0,0,0,0,0,2,20,0,0,0,0,0,9.9,2.1,0,,202,202,202,233,233,233,233,233,233,233,217,310,326,357,0,,2020,0,0,0,1328,0,0,0,466,0,0,0,3227,750,0,,7791,,55715,,Blank,Blank,Blank,Blank,
11-Jun-23,,Chicken,SK CKN Center,,,Sunday,WEEK 23,03_June,Yes,,,10,10,0,0,0,0,0,0,9.2,10,0,0,0,0,0,0,4,40,0,0,3,36,4.9,0,5.1,0,,211,211,211,243,243,243,243,243,243,243,227,324,340,373,0,,2110,0,0,0,2236,0,0,0,972,0,681,1588,0,1902,0,,9489,65204,0,,11-Jun-23,Sunday,WEEK 23,03_June,
12-Jun-23,,Blank,Blank,,,Monday,WEEK 24,03_June,,,,0,0,0,0,0,0,0,0,6,6,0,0,0,0,0,0,2,17,0,0,1.9,27,4.9,0,4,0,,211,211,211,243,243,243,243,243,243,243,227,324,340,373,0,,0,0,0,0,1458,0,0,0,486,0,431,1588,0,1492,0,,5455,,5455,,Blank,Blank,Blank,Blank,
13-Jun-23,,Blank,Blank,,,Tuesday,WEEK 24,03_June,,,,10,10,0,0,0,0,0,0,0,0,0,0,0,0,0,0,4,42,0,0,4,47,4.9,7.9,5,0,,211,211,211,243,243,243,243,243,243,243,227,324,340,373,0,,2110,0,0,0,0,0,0,0,972,0,908,1588,2686,1865,0,,10129,,15584,,Blank,Blank,Blank,Blank,
14-Jun-23,,Blank,Blank,,,Wednesday,WEEK 24,03_June,,,,7,7,0,0,0,0,16,13,0,0,0,0,0,0,0,0,3,28,0,0,0,0,5,4.8,5,0,,208,208,208,240,240,240,240,240,240,240,224,320,336,368,0,,1456,0,0,3840,0,0,0,0,720,0,0,1600,1613,1840,0,,11069,,26653,,Blank,Blank,Blank,Blank,
15-Jun-23,,Blank,Blank,,,Thursday,WEEK 24,03_June,,,,19,19,0,0,0,0,13.2,8,10,10,0,0,0,0,0,0,5,48,0,0,2,27,5,4.9,4.9,0,,202,202,202,233,233,233,233,233,233,233,217,310,326,357,0,,3838,0,0,3076,2330,0,0,0,1165,0,434,1550,1597,1749,0,,15739,,42392,,Blank,Blank,Blank,Blank,
16-Jun-23,,Blank,Blank,,,Friday,WEEK 24,03_June,,,,0,0,0,0,0,0,0,0,0,0,0,0,0,0,0,0,0,0,0,0,0,0,0,0,0,0,,204,204,204,236,236,236,236,236,236,236,220,314,330,361,0,,0,0,0,0,0,0,0,0,0,0,0,0,0,0,0,,0,,42392,,Blank,Blank,Blank,Blank,
17-Jun-23,,Blank,Blank,,,Saturday,WEEK 24,03_June,,,,0,0,0,0,0,0,0,0,0,0,0,0,0,0,0,0,0,0,0,0,3.1,37,4.8,4.8,4.9,0,,207,207,207,239,239,239,239,239,239,239,223,318,334,366,0,,0,0,0,0,0,0,0,0,0,0,691,1526,1603,1793,0,,5613,,48005,,Blank,Blank,Blank,Blank,
18-Jun-23,,Chicken,SK CKN Center,,,Sunday,WEEK 24,03_June,Yes,,,6,6,0,0,0,0,0,0,6,6,0,0,0,0,0,0,0,0,0,0,4.7,57,4.3,4.2,4.2,0,,207,207,207,239,239,239,239,239,239,239,223,318,334,366,0,,1242,0,0,0,1434,0,0,0,0,0,1048,1367,1403,1537,0,,8031,56036,0,,18-Jun-23,Sunday,WEEK 24,03_June,
19-Jun-23,,Blank,Blank,,,Monday,WEEK 25,03_June,,,,14,14,0,0,0,0,14.7,10,0,0,0,0,0,0,0,0,3,28,0,0,2.9,35,4.7,4.5,5,0,,207,207,207,239,239,239,239,239,239,239,223,318,334,366,0,,2898,0,0,3513,0,0,0,0,717,0,647,1495,1503,1830,0,,12603,,12603,,Blank,Blank,Blank,Blank,
20-Jun-23,,Blank,Blank,,,Tuesday,WEEK 25,03_June,,,,0,0,0,0,0,0,14.3,10,10,10,0,0,0,0,0,0,3,23,0,0,0,0,5.1,4.2,4.8,0,,207,207,207,239,239,239,239,239,239,239,223,318,334,366,0,,0,0,0,3418,2390,0,0,0,717,0,0,1622,1403,1757,0,,11307,,23910,,Blank,Blank,Blank,Blank,
21-Jun-23,,Blank,Blank,,,Wednesday,WEEK 25,03_June,,,,0,0,0,0,0,0,0,0,0,0,0,0,0,,0,0,0,0,0,0,0,0,0,0,0,0,,204,204,204,236,236,236,236,236,236,236,220,314,330,361,0,,0,0,0,0,0,0,0,0,0,0,0,0,0,0,0,,0,,23910,,Blank,Blank,Blank,Blank,
22-Jun-23,,Blank,Blank,,,Thursday,WEEK 25,03_June,,,,0,0,0,0,0,0,0,0,0,0,0,0,0,0,0,0,0,0,0,0,0,0,0,0,0,0,,198,198,198,228,228,228,228,228,228,228,213,304,319,350,0,,0,0,0,0,0,0,0,0,0,0,0,0,0,0,0,,0,,23910,,Blank,Blank,Blank,Blank,
23-Jun-23,,Blank,Blank,,,Friday,WEEK 25,03_June,,,,0,0,0,0,0,0,0,0,0,0,0,0,0,0,0,0,0,0,0,0,0,0,0,0,0,0,,181,181,181,209,209,209,209,209,209,209,195,278,292,320,0,,0,0,0,0,0,0,0,0,0,0,0,0,0,0,0,,0,,23910,,Blank,Blank,Blank,Blank,
24-Jun-23,,Blank,Blank,,,Saturday,WEEK 25,03_June,,,,0,0,0,0,0,0,0,0,0,0,0,0,0,0,0,0,0,0,0,0,0,0,0,0,0,0,,177,177,177,204,204,204,204,204,204,204,190,272,286,313,0,,0,0,0,0,0,0,0,0,0,0,0,0,0,0,0,,0,,23910,,Blank,Blank,Blank,Blank,
25-Jun-23,,Chicken,SK CKN Center,,,Sunday,WEEK 25,03_June,Yes,,,0,0,0,0,0,0,0,0,0,0,0,0,0,0,0,0,0,0,0,0,0,0,0,0,0,0,,172,172,172,198,198,198,198,198,198,198,185,264,277,304,0,,0,0,0,0,0,0,0,0,0,0,0,0,0,0,0,,0,23910,0,,25-Jun-23,Sunday,WEEK 25,03_June,
26-Jun-23,,Blank,Blank,,,Monday,WEEK 26,03_June,,,,0,0,0,0,0,0,0,0,0,0,0,0,0,0,0,0,0,0,0,0,0,0,0,0,0,0,,168,168,168,194,194,194,194,194,194,194,181,258,271,297,0,,0,0,0,0,0,0,0,0,0,0,0,0,0,0,0,,0,,0,,Blank,Blank,Blank,Blank,
27-Jun-23,,Blank,Blank,,,Tuesday,WEEK 26,03_June,,,,0,0,0,0,0,0,0,0,0,0,0,0,0,0,0,0,0,0,0,0,0,0,0,0,0,0,,170,170,170,197,197,197,197,197,197,197,183,262,275,301,0,,0,0,0,0,0,0,0,0,0,0,0,0,0,0,0,,0,,0,,Blank,Blank,Blank,Blank,
28-Jun-23,,Blank,Blank,,,Wednesday,WEEK 26,03_June,,,,0,0,0,0,0,0,0,0,0,0,0,0,0,0,0,0,0,0,0,0,0,0,0,0,0,0,,172,172,172,198,198,198,198,198,198,198,185,264,277,304,0,,0,0,0,0,0,0,0,0,0,0,0,0,0,0,0,,0,,0,,Blank,Blank,Blank,Blank,
29-Jun-23,,Blank,Blank,,,Thursday,WEEK 26,03_June,,,,0,0,0,0,0,0,0,0,0,0,0,0,0,0,0,0,0,0,0,0,0,0,0,0,0,0,,172,172,172,198,198,198,198,198,198,198,185,264,277,304,0,,0,0,0,0,0,0,0,0,0,0,0,0,0,0,0,,0,,0,,Blank,Blank,Blank,Blank,
30-Jun-23,,Blank,Blank,,,Friday,WEEK 26,03_June,,,,0,0,0,0,0,0,0,0,0,0,0,0,0,0,0,0,0,0,0,0,0,0,0,0,0,0,,169,169,169,195,195,195,195,195,195,195,182,260,273,299,0,,0,0,0,0,0,0,0,0,0,0,0,0,0,0,0,,0,,0,,Blank,Blank,Blank,Blank,
01-Jul-23,,Blank,Blank,,,Saturday,WEEK 26,04_July,,,,0,0,0,0,0,0,0,0,0,0,0,0,0,0,0,0,0,0,0,0,0,0,0,0,0,0,,165,165,165,191,191,191,191,191,191,191,178,254,267,292,0,,0,0,0,0,0,0,0,0,0,0,0,0,0,0,0,,0,,0,,Blank,Blank,Blank,Blank,
02-Jul-23,,Blank,Blank,,,Sunday,WEEK 26,04_July,,,,0,0,0,0,0,0,0,0,0,0,0,0,0,0,0,0,0,0,0,0,0,0,0,0,0,0,,159,159,159,183,183,183,183,183,183,183,171,244,256,281,0,,0,0,0,0,0,0,0,0,0,0,0,0,0,0,0,,0,,0,,Blank,Blank,Blank,Blank,
03-Jul-23,,Blank,Blank,,,Monday,WEEK 27,04_July,,,,0,0,0,0,0,0,0,0,0,0,0,0,0,0,0,0,0,0,0,0,0,0,0,0,0,0,,153,153,153,177,177,177,177,177,177,177,165,236,248,271,0,,0,0,0,0,0,0,0,0,0,0,0,0,0,0,0,,0,,0,,Blank,Blank,Blank,Blank,
04-Jul-23,,Blank,Blank,,,Tuesday,WEEK 27,04_July,,,,0,0,0,0,0,0,0,0,0,0,0,0,0,0,0,0,0,0,0,0,0,0,0,0,0,0,,155,155,155,179,179,179,179,179,179,179,167,238,250,274,0,,0,0,0,0,0,0,0,0,0,0,0,0,0,0,0,,0,,0,,Blank,Blank,Blank,Blank,
05-Jul-23,,Blank,Blank,,,Wednesday,WEEK 27,04_July,,,,0,0,0,0,0,0,0,0,0,0,0,0,0,0,0,0,0,0,0,0,0,0,0,0,0,0,,153,153,153,177,177,177,177,177,177,177,165,236,248,271,0,,0,0,0,0,0,0,0,0,0,0,0,0,0,0,0,,0,,0,,Blank,Blank,Blank,Blank,
06-Jul-23,,Blank,Blank,,,Thursday,WEEK 27,04_July,,,,0,0,0,0,0,0,0,0,0,0,0,0,0,0,0,0,0,0,0,0,0,0,0,0,0,0,,146,146,146,168,168,168,168,168,168,168,157,224,235,258,0,,0,0,0,0,0,0,0,0,0,0,0,0,0,0,0,,0,,0,,Blank,Blank,Blank,Blank,
07-Jul-23,,Blank,Blank,,,Friday,WEEK 27,04_July,,,,0,0,0,0,0,0,0,0,0,0,0,0,0,0,0,0,0,0,0,0,0,0,0,0,0,0,,138,138,138,159,159,159,159,159,159,159,148,212,223,244,0,,0,0,0,0,0,0,0,0,0,0,0,0,0,0,0,,0,,0,,Blank,Blank,Blank,Blank,
08-Jul-23,,Blank,Blank,,,Saturday,WEEK 27,04_July,,,,0,0,0,0,0,0,0,0,0,0,0,0,0,0,0,0,0,0,0,0,0,0,0,0,0,0,,131,131,131,152,152,152,152,152,152,152,141,202,212,232,0,,0,0,0,0,0,0,0,0,0,0,0,0,0,0,0,,0,,0,,Blank,Blank,Blank,Blank,
09-Jul-23,,Blank,Blank,,,Sunday,WEEK 27,04_July,,,,0,0,0,0,0,0,0,0,0,0,0,0,0,0,0,0,0,0,0,0,0,0,0,0,0,0,,131,131,131,152,152,152,152,152,152,152,141,202,212,232,0,,0,0,0,0,0,0,0,0,0,0,0,0,0,0,0,,0,,0,,Blank,Blank,Blank,Blank,
10-Jul-23,,Blank,Blank,,,Monday,WEEK 28,04_July,,,,0,0,0,0,0,0,0,0,0,0,0,0,0,0,0,0,0,0,0,0,0,0,0,0,0,0,,127,127,127,147,147,147,147,147,147,147,137,196,206,225,0,,0,0,0,0,0,0,0,0,0,0,0,0,0,0,0,,0,,0,,Blank,Blank,Blank,Blank,
11-Jul-23,,Blank,Blank,,,Tuesday,WEEK 28,04_July,,,,0,0,0,0,0,0,0,0,0,0,0,0,0,0,0,0,0,0,0,0,0,0,0,0,0,0,,130,130,130,150,150,150,150,150,150,150,140,200,210,230,0,,0,0,0,0,0,0,0,0,0,0,0,0,0,0,0,,0,,0,,Blank,Blank,Blank,Blank,
,,Blank,Blank,,,Blank,Blank,13_Blank,,,,0,0,0,0,0,0,0,0,0,0,0,0,0,0,0,0,0,0,0,0,0,0,0,0,0,0,,0,0,0,0,0,0,0,0,0,0,0,0,0,0,0,,0,0,0,0,0,0,0,0,0,0,0,0,0,0,0,,0,,0,,Blank,Blank,Blank,Blank,
,,Blank,Blank,,,Blank,Blank,13_Blank,,,,0,0,0,0,0,0,0,0,0,0,0,0,0,0,0,0,0,0,0,0,0,0,0,0,0,0,,0,0,0,0,0,0,0,0,0,0,0,0,0,0,0,,0,0,0,0,0,0,0,0,0,0,0,0,0,0,0,,0,,0,,Blank,Blank,Blank,Blank,
,,Blank,Blank,,,Blank,Blank,13_Blank,,,,0,0,0,0,0,0,0,0,0,0,0,0,0,0,0,0,0,0,0,0,0,0,0,0,0,0,,0,0,0,0,0,0,0,0,0,0,0,0,0,0,0,,0,0,0,0,0,0,0,0,0,0,0,0,0,0,0,,0,,0,,Blank,Blank,Blank,Blank,
,,Blank,Blank,,,Blank,Blank,13_Blank,,,,0,0,0,0,0,0,0,0,0,0,0,0,0,0,0,0,0,0,0,0,0,0,0,0,0,0,,0,0,0,0,0,0,0,0,0,0,0,0,0,0,0,,0,0,0,0,0,0,0,0,0,0,0,0,0,0,0,,0,,0,,Blank,Blank,Blank,Blank,
,,Blank,Blank,,,Blank,Blank,13_Blank,,,,0,0,0,0,0,0,0,0,0,0,0,0,0,0,0,0,0,0,0,0,0,0,0,0,0,0,,0,0,0,0,0,0,0,0,0,0,0,0,0,0,0,,0,0,0,0,0,0,0,0,0,0,0,0,0,0,0,,0,,0,,Blank,Blank,Blank,Blank,
,,Blank,Blank,,,Blank,Blank,13_Blank,,,,0,0,0,0,0,0,0,0,0,0,0,0,0,0,0,0,0,0,0,0,0,0,0,0,0,0,,0,0,0,0,0,0,0,0,0,0,0,0,0,0,0,,0,0,0,0,0,0,0,0,0,0,0,0,0,0,0,,0,,0,,Blank,Blank,Blank,Blank,
,,Blank,Blank,,,Blank,Blank,13_Blank,,,,0,0,0,0,0,0,0,0,0,0,0,0,0,0,0,0,0,0,0,0,0,0,0,0,0,0,,0,0,0,0,0,0,0,0,0,0,0,0,0,0,0,,0,0,0,0,0,0,0,0,0,0,0,0,0,0,0,,0,,0,,Blank,Blank,Blank,Blank,
,,Blank,Blank,,,Blank,Blank,13_Blank,,,,0,0,0,0,0,0,0,0,0,0,0,0,0,0,0,0,0,0,0,0,0,0,0,0,0,0,,0,0,0,0,0,0,0,0,0,0,0,0,0,0,0,,0,0,0,0,0,0,0,0,0,0,0,0,0,0,0,,0,,0,,Blank,Blank,Blank,Blank,
,,Blank,Blank,,,Blank,Blank,13_Blank,,,,0,0,0,0,0,0,0,0,0,0,0,0,0,0,0,0,0,0,0,0,0,0,0,0,0,0,,0,0,0,0,0,0,0,0,0,0,0,0,0,0,0,,0,0,0,0,0,0,0,0,0,0,0,0,0,0,0,,0,,0,,Blank,Blank,Blank,Blank,
,,Blank,Blank,,,Blank,Blank,13_Blank,,,,0,0,0,0,0,0,0,0,0,0,0,0,0,0,0,0,0,0,0,0,0,0,0,0,0,0,,0,0,0,0,0,0,0,0,0,0,0,0,0,0,0,,0,0,0,0,0,0,0,0,0,0,0,0,0,0,0,,0,,0,,Blank,Blank,Blank,Blank,
,,Blank,Blank,,,Blank,Blank,13_Blank,,,,0,0,0,0,0,0,0,0,0,0,0,0,0,0,0,0,0,0,0,0,0,0,0,0,0,0,,0,0,0,0,0,0,0,0,0,0,0,0,0,0,0,,0,0,0,0,0,0,0,0,0,0,0,0,0,0,0,,0,,0,,Blank,Blank,Blank,Blank,
,,Blank,Blank,,,Blank,Blank,13_Blank,,,,0,0,0,0,0,0,0,0,0,0,0,0,0,0,0,0,0,0,0,0,0,0,0,0,0,0,,0,0,0,0,0,0,0,0,0,0,0,0,0,0,0,,0,0,0,0,0,0,0,0,0,0,0,0,0,0,0,,0,,0,,Blank,Blank,Blank,Blank,
,,Blank,Blank,,,Blank,Blank,13_Blank,,,,0,0,0,0,0,0,0,0,0,0,0,0,0,0,0,0,0,0,0,0,0,0,0,0,0,0,,0,0,0,0,0,0,0,0,0,0,0,0,0,0,0,,0,0,0,0,0,0,0,0,0,0,0,0,0,0,0,,0,,0,,Blank,Blank,Blank,Blank,
,,Blank,Blank,,,Blank,Blank,13_Blank,,,,0,0,0,0,0,0,0,0,0,0,0,0,0,0,0,0,0,0,0,0,0,0,0,0,0,0,,0,0,0,0,0,0,0,0,0,0,0,0,0,0,0,,0,0,0,0,0,0,0,0,0,0,0,0,0,0,0,,0,,0,,Blank,Blank,Blank,Blank,
,,Blank,Blank,,,Blank,Blank,13_Blank,,,,0,0,0,0,0,0,0,0,0,0,0,0,0,0,0,0,0,0,0,0,0,0,0,0,0,0,,0,0,0,0,0,0,0,0,0,0,0,0,0,0,0,,0,0,0,0,0,0,0,0,0,0,0,0,0,0,0,,0,,0,,Blank,Blank,Blank,Blank,
,,Blank,Blank,,,Blank,Blank,13_Blank,,,,0,0,0,0,0,0,0,0,0,0,0,0,0,0,0,0,0,0,0,0,0,0,0,0,0,0,,0,0,0,0,0,0,0,0,0,0,0,0,0,0,0,,0,0,0,0,0,0,0,0,0,0,0,0,0,0,0,,0,,0,,Blank,Blank,Blank,Blank,
,,Blank,Blank,,,Blank,Blank,13_Blank,,,,0,0,0,0,0,0,0,0,0,0,0,0,0,0,0,0,0,0,0,0,0,0,0,0,0,0,,0,0,0,0,0,0,0,0,0,0,0,0,0,0,0,,0,0,0,0,0,0,0,0,0,0,0,0,0,0,0,,0,,0,,Blank,Blank,Blank,Blank,
,,Blank,Blank,,,Blank,Blank,13_Blank,,,,0,0,0,0,0,0,0,0,0,0,0,0,0,0,0,0,0,0,0,0,0,0,0,0,0,0,,0,0,0,0,0,0,0,0,0,0,0,0,0,0,0,,0,0,0,0,0,0,0,0,0,0,0,0,0,0,0,,0,,0,,Blank,Blank,Blank,Blank,
,,Blank,Blank,,,Blank,Blank,13_Blank,,,,0,0,0,0,0,0,0,0,0,0,0,0,0,0,0,0,0,0,0,0,0,0,0,0,0,0,,0,0,0,0,0,0,0,0,0,0,0,0,0,0,0,,0,0,0,0,0,0,0,0,0,0,0,0,0,0,0,,0,,0,,Blank,Blank,Blank,Blank,
,,Blank,Blank,,,Blank,Blank,13_Blank,,,,0,0,0,0,0,0,0,0,0,0,0,0,0,0,0,0,0,0,0,0,0,0,0,0,0,0,,0,0,0,0,0,0,0,0,0,0,0,0,0,0,0,,0,0,0,0,0,0,0,0,0,0,0,0,0,0,0,,0,,0,,Blank,Blank,Blank,Blank,
,,Blank,Blank,,,Blank,Blank,13_Blank,,,,0,0,0,0,0,0,0,0,0,0,0,0,0,0,0,0,0,0,0,0,0,0,0,0,0,0,,0,0,0,0,0,0,0,0,0,0,0,0,0,0,0,,0,0,0,0,0,0,0,0,0,0,0,0,0,0,0,,0,,0,,Blank,Blank,Blank,Blank,
,,Blank,Blank,,,Blank,Blank,13_Blank,,,,0,0,0,0,0,0,0,0,0,0,0,0,0,0,0,0,0,0,0,0,0,0,0,0,0,0,,0,0,0,0,0,0,0,0,0,0,0,0,0,0,0,,0,0,0,0,0,0,0,0,0,0,0,0,0,0,0,,0,,0,,Blank,Blank,Blank,Blank,
,,Blank,Blank,,,Blank,Blank,13_Blank,,,,0,0,0,0,0,0,0,0,0,0,0,0,0,0,0,0,0,0,0,0,0,0,0,0,0,0,,0,0,0,0,0,0,0,0,0,0,0,0,0,0,0,,0,0,0,0,0,0,0,0,0,0,0,0,0,0,0,,0,,0,,Blank,Blank,Blank,Blank,
,,Blank,Blank,,,Blank,Blank,13_Blank,,,,0,0,0,0,0,0,0,0,0,0,0,0,0,0,0,0,0,0,0,0,0,0,0,0,0,0,,0,0,0,0,0,0,0,0,0,0,0,0,0,0,0,,0,0,0,0,0,0,0,0,0,0,0,0,0,0,0,,0,,0,,Blank,Blank,Blank,Blank,
,,Blank,Blank,,,Blank,Blank,13_Blank,,,,0,0,0,0,0,0,0,0,0,0,0,0,0,0,0,0,0,0,0,0,0,0,0,0,0,0,,0,0,0,0,0,0,0,0,0,0,0,0,0,0,0,,0,0,0,0,0,0,0,0,0,0,0,0,0,0,0,,0,,0,,Blank,Blank,Blank,Blank,
,,Blank,Blank,,,Blank,Blank,13_Blank,,,,0,0,0,0,0,0,0,0,0,0,0,0,0,0,0,0,0,0,0,0,0,0,0,0,0,0,,0,0,0,0,0,0,0,0,0,0,0,0,0,0,0,,0,0,0,0,0,0,0,0,0,0,0,0,0,0,0,,0,,0,,Blank,Blank,Blank,Blank,
,,Blank,Blank,,,Blank,Blank,13_Blank,,,,0,0,0,0,0,0,0,0,0,0,0,0,0,0,0,0,0,0,0,0,0,0,0,0,0,0,,0,0,0,0,0,0,0,0,0,0,0,0,0,0,0,,0,0,0,0,0,0,0,0,0,0,0,0,0,0,0,,0,,0,,Blank,Blank,Blank,Blank,
,,Blank,Blank,,,Blank,Blank,13_Blank,,,,0,0,0,0,0,0,0,0,0,0,0,0,0,0,0,0,0,0,0,0,0,0,0,0,0,0,,0,0,0,0,0,0,0,0,0,0,0,0,0,0,0,,0,0,0,0,0,0,0,0,0,0,0,0,0,0,0,,0,,0,,Blank,Blank,Blank,Blank,
,,Blank,Blank,,,Blank,Blank,13_Blank,,,,0,0,0,0,0,0,0,0,0,0,0,0,0,0,0,0,0,0,0,0,0,0,0,0,0,0,,0,0,0,0,0,0,0,0,0,0,0,0,0,0,0,,0,0,0,0,0,0,0,0,0,0,0,0,0,0,0,,0,,0,,Blank,Blank,Blank,Blank,
,,Blank,Blank,,,Blank,Blank,13_Blank,,,,0,0,0,0,0,0,0,0,0,0,0,0,0,0,0,0,0,0,0,0,0,0,0,0,0,0,,0,0,0,0,0,0,0,0,0,0,0,0,0,0,0,,0,0,0,0,0,0,0,0,0,0,0,0,0,0,0,,0,,0,,Blank,Blank,Blank,Blank,
,,Blank,Blank,,,Blank,Blank,13_Blank,,,,0,0,0,0,0,0,0,0,0,0,0,0,0,0,0,0,0,0,0,0,0,0,0,0,0,0,,0,0,0,0,0,0,0,0,0,0,0,0,0,0,0,,0,0,0,0,0,0,0,0,0,0,0,0,0,0,0,,0,,0,,Blank,Blank,Blank,Blank,
,,Blank,Blank,,,Blank,Blank,13_Blank,,,,0,0,0,0,0,0,0,0,0,0,0,0,0,0,0,0,0,0,0,0,0,0,0,0,0,0,,0,0,0,0,0,0,0,0,0,0,0,0,0,0,0,,0,0,0,0,0,0,0,0,0,0,0,0,0,0,0,,0,,0,,Blank,Blank,Blank,Blank,
,,Blank,Blank,,,Blank,Blank,13_Blank,,,,0,0,0,0,0,0,0,0,0,0,0,0,0,0,0,0,0,0,0,0,0,0,0,0,0,0,,0,0,0,0,0,0,0,0,0,0,0,0,0,0,0,,0,0,0,0,0,0,0,0,0,0,0,0,0,0,0,,0,,0,,Blank,Blank,Blank,Blank,
,,Blank,Blank,,,Blank,Blank,13_Blank,,,,0,0,0,0,0,0,0,0,0,0,0,0,0,0,0,0,0,0,0,0,0,0,0,0,0,0,,0,0,0,0,0,0,0,0,0,0,0,0,0,0,0,,0,0,0,0,0,0,0,0,0,0,0,0,0,0,0,,0,,0,,Blank,Blank,Blank,Blank,
,,Blank,Blank,,,Blank,Blank,13_Blank,,,,0,0,0,0,0,0,0,0,0,0,0,0,0,0,0,0,0,0,0,0,0,0,0,0,0,0,,0,0,0,0,0,0,0,0,0,0,0,0,0,0,0,,0,0,0,0,0,0,0,0,0,0,0,0,0,0,0,,0,,0,,Blank,Blank,Blank,Blank,
,,Blank,Blank,,,Blank,Blank,13_Blank,,,,0,0,0,0,0,0,0,0,0,0,0,0,0,0,0,0,0,0,0,0,0,0,0,0,0,0,,0,0,0,0,0,0,0,0,0,0,0,0,0,0,0,,0,0,0,0,0,0,0,0,0,0,0,0,0,0,0,,0,,0,,Blank,Blank,Blank,Blank,
,,Blank,Blank,,,Blank,Blank,13_Blank,,,,0,0,0,0,0,0,0,0,0,0,0,0,0,0,0,0,0,0,0,0,0,0,0,0,0,0,,0,0,0,0,0,0,0,0,0,0,0,0,0,0,0,,0,0,0,0,0,0,0,0,0,0,0,0,0,0,0,,0,,0,,Blank,Blank,Blank,Blank,
,,Blank,Blank,,,Blank,Blank,13_Blank,,,,0,0,0,0,0,0,0,0,0,0,0,0,0,0,0,0,0,0,0,0,0,0,0,0,0,0,,0,0,0,0,0,0,0,0,0,0,0,0,0,0,0,,0,0,0,0,0,0,0,0,0,0,0,0,0,0,0,,0,,0,,Blank,Blank,Blank,Blank,
,,Blank,Blank,,,Blank,Blank,13_Blank,,,,0,0,0,0,0,0,0,0,0,0,0,0,0,0,0,0,0,0,0,0,0,0,0,0,0,0,,0,0,0,0,0,0,0,0,0,0,0,0,0,0,0,,0,0,0,0,0,0,0,0,0,0,0,0,0,0,0,,0,,0,,Blank,Blank,Blank,Blank,
,,Blank,Blank,,,Blank,Blank,13_Blank,,,,0,0,0,0,0,0,0,0,0,0,0,0,0,0,0,0,0,0,0,0,0,0,0,0,0,0,,0,0,0,0,0,0,0,0,0,0,0,0,0,0,0,,0,0,0,0,0,0,0,0,0,0,0,0,0,0,0,,0,,0,,Blank,Blank,Blank,Blank,
,,Blank,Blank,,,Blank,Blank,13_Blank,,,,0,0,0,0,0,0,0,0,0,0,0,0,0,0,0,0,0,0,0,0,0,0,0,0,0,0,,0,0,0,0,0,0,0,0,0,0,0,0,0,0,0,,0,0,0,0,0,0,0,0,0,0,0,0,0,0,0,,0,,0,,Blank,Blank,Blank,Blank,
,,Blank,Blank,,,Blank,Blank,13_Blank,,,,0,0,0,0,0,0,0,0,0,0,0,0,0,0,0,0,0,0,0,0,0,0,0,0,0,0,,0,0,0,0,0,0,0,0,0,0,0,0,0,0,0,,0,0,0,0,0,0,0,0,0,0,0,0,0,0,0,,0,,0,,Blank,Blank,Blank,Blank,
,,Blank,Blank,,,Blank,Blank,13_Blank,,,,0,0,0,0,0,0,0,0,0,0,0,0,0,0,0,0,0,0,0,0,0,0,0,0,0,0,,0,0,0,0,0,0,0,0,0,0,0,0,0,0,0,,0,0,0,0,0,0,0,0,0,0,0,0,0,0,0,,0,,0,,Blank,Blank,Blank,Blank,
,,Blank,Blank,,,Blank,Blank,13_Blank,,,,0,0,0,0,0,0,0,0,0,0,0,0,0,0,0,0,0,0,0,0,0,0,0,0,0,0,,0,0,0,0,0,0,0,0,0,0,0,0,0,0,0,,0,0,0,0,0,0,0,0,0,0,0,0,0,0,0,,0,,0,,Blank,Blank,Blank,Blank,
,,Blank,Blank,,,Blank,Blank,13_Blank,,,,0,0,0,0,0,0,0,0,0,0,0,0,0,0,0,0,0,0,0,0,0,0,0,0,0,0,,0,0,0,0,0,0,0,0,0,0,0,0,0,0,0,,0,0,0,0,0,0,0,0,0,0,0,0,0,0,0,,0,,0,,Blank,Blank,Blank,Blank,
,,Blank,Blank,,,Blank,Blank,13_Blank,,,,0,0,0,0,0,0,0,0,0,0,0,0,0,0,0,0,0,0,0,0,0,0,0,0,0,0,,0,0,0,0,0,0,0,0,0,0,0,0,0,0,0,,0,0,0,0,0,0,0,0,0,0,0,0,0,0,0,,0,,0,,Blank,Blank,Blank,Blank,
,,Blank,Blank,,,Blank,Blank,13_Blank,,,,0,0,0,0,0,0,0,0,0,0,0,0,0,0,0,0,0,0,0,0,0,0,0,0,0,0,,0,0,0,0,0,0,0,0,0,0,0,0,0,0,0,,0,0,0,0,0,0,0,0,0,0,0,0,0,0,0,,0,,0,,Blank,Blank,Blank,Blank,
,,Blank,Blank,,,Blank,Blank,13_Blank,,,,0,0,0,0,0,0,0,0,0,0,0,0,0,0,0,0,0,0,0,0,0,0,0,0,0,0,,0,0,0,0,0,0,0,0,0,0,0,0,0,0,0,,0,0,0,0,0,0,0,0,0,0,0,0,0,0,0,,0,,0,,Blank,Blank,Blank,Blank,
,,Blank,Blank,,,Blank,Blank,13_Blank,,,,0,0,0,0,0,0,0,0,0,0,0,0,0,0,0,0,0,0,0,0,0,0,0,0,0,0,,0,0,0,0,0,0,0,0,0,0,0,0,0,0,0,,0,0,0,0,0,0,0,0,0,0,0,0,0,0,0,,0,,0,,Blank,Blank,Blank,Blank,
,,Blank,Blank,,,Blank,Blank,13_Blank,,,,0,0,0,0,0,0,0,0,0,0,0,0,0,0,0,0,0,0,0,0,0,0,0,0,0,0,,0,0,0,0,0,0,0,0,0,0,0,0,0,0,0,,0,0,0,0,0,0,0,0,0,0,0,0,0,0,0,,0,,0,,Blank,Blank,Blank,Blank,
,,Blank,Blank,,,Blank,Blank,13_Blank,,,,0,0,0,0,0,0,0,0,0,0,0,0,0,0,0,0,0,0,0,0,0,0,0,0,0,0,,0,0,0,0,0,0,0,0,0,0,0,0,0,0,0,,0,0,0,0,0,0,0,0,0,0,0,0,0,0,0,,0,,0,,Blank,Blank,Blank,Blank,
,,Blank,Blank,,,Blank,Blank,13_Blank,,,,0,0,0,0,0,0,0,0,0,0,0,0,0,0,0,0,0,0,0,0,0,0,0,0,0,0,,0,0,0,0,0,0,0,0,0,0,0,0,0,0,0,,0,0,0,0,0,0,0,0,0,0,0,0,0,0,0,,0,,0,,Blank,Blank,Blank,Blank,
,,Blank,Blank,,,Blank,Blank,13_Blank,,,,0,0,0,0,0,0,0,0,0,0,0,0,0,0,0,0,0,0,0,0,0,0,0,0,0,0,,0,0,0,0,0,0,0,0,0,0,0,0,0,0,0,,0,0,0,0,0,0,0,0,0,0,0,0,0,0,0,,0,,0,,Blank,Blank,Blank,Blank,
,,Blank,Blank,,,Blank,Blank,13_Blank,,,,0,0,0,0,0,0,0,0,0,0,0,0,0,0,0,0,0,0,0,0,0,0,0,0,0,0,,0,0,0,0,0,0,0,0,0,0,0,0,0,0,0,,0,0,0,0,0,0,0,0,0,0,0,0,0,0,0,,0,,0,,Blank,Blank,Blank,Blank,
,,Blank,Blank,,,Blank,Blank,13_Blank,,,,0,0,0,0,0,0,0,0,0,0,0,0,0,0,0,0,0,0,0,0,0,0,0,0,0,0,,0,0,0,0,0,0,0,0,0,0,0,0,0,0,0,,0,0,0,0,0,0,0,0,0,0,0,0,0,0,0,,0,,0,,Blank,Blank,Blank,Blank,
,,Blank,Blank,,,Blank,Blank,13_Blank,,,,0,0,0,0,0,0,0,0,0,0,0,0,0,0,0,0,0,0,0,0,0,0,0,0,0,0,,0,0,0,0,0,0,0,0,0,0,0,0,0,0,0,,0,0,0,0,0,0,0,0,0,0,0,0,0,0,0,,0,,0,,Blank,Blank,Blank,Blank,
,,Blank,Blank,,,Blank,Blank,13_Blank,,,,0,0,0,0,0,0,0,0,0,0,0,0,0,0,0,0,0,0,0,0,0,0,0,0,0,0,,0,0,0,0,0,0,0,0,0,0,0,0,0,0,0,,0,0,0,0,0,0,0,0,0,0,0,0,0,0,0,,0,,0,,Blank,Blank,Blank,Blank,
,,Blank,Blank,,,Blank,Blank,13_Blank,,,,0,0,0,0,0,0,0,0,0,0,0,0,0,0,0,0,0,0,0,0,0,0,0,0,0,0,,0,0,0,0,0,0,0,0,0,0,0,0,0,0,0,,0,0,0,0,0,0,0,0,0,0,0,0,0,0,0,,0,,0,,Blank,Blank,Blank,Blank,
,,Blank,Blank,,,Blank,Blank,13_Blank,,,,0,0,0,0,0,0,0,0,0,0,0,0,0,0,0,0,0,0,0,0,0,0,0,0,0,0,,0,0,0,0,0,0,0,0,0,0,0,0,0,0,0,,0,0,0,0,0,0,0,0,0,0,0,0,0,0,0,,0,,0,,Blank,Blank,Blank,Blank,
,,Blank,Blank,,,Blank,Blank,13_Blank,,,,0,0,0,0,0,0,0,0,0,0,0,0,0,0,0,0,0,0,0,0,0,0,0,0,0,0,,0,0,0,0,0,0,0,0,0,0,0,0,0,0,0,,0,0,0,0,0,0,0,0,0,0,0,0,0,0,0,,0,,0,,Blank,Blank,Blank,Blank,
,,Blank,Blank,,,Blank,Blank,13_Blank,,,,0,0,0,0,0,0,0,0,0,0,0,0,0,0,0,0,0,0,0,0,0,0,0,0,0,0,,0,0,0,0,0,0,0,0,0,0,0,0,0,0,0,,0,0,0,0,0,0,0,0,0,0,0,0,0,0,0,,0,,0,,Blank,Blank,Blank,Blank,
,,Blank,Blank,,,Blank,Blank,13_Blank,,,,0,0,0,0,0,0,0,0,0,0,0,0,0,0,0,0,0,0,0,0,0,0,0,0,0,0,,0,0,0,0,0,0,0,0,0,0,0,0,0,0,0,,0,0,0,0,0,0,0,0,0,0,0,0,0,0,0,,0,,0,,Blank,Blank,Blank,Blank,
,,Blank,Blank,,,Blank,Blank,13_Blank,,,,0,0,0,0,0,0,0,0,0,0,0,0,0,0,0,0,0,0,0,0,0,0,0,0,0,0,,0,0,0,0,0,0,0,0,0,0,0,0,0,0,0,,0,0,0,0,0,0,0,0,0,0,0,0,0,0,0,,0,,0,,Blank,Blank,Blank,Blank,
,,Blank,Blank,,,Blank,Blank,13_Blank,,,,0,0,0,0,0,0,0,0,0,0,0,0,0,0,0,0,0,0,0,0,0,0,0,0,0,0,,0,0,0,0,0,0,0,0,0,0,0,0,0,0,0,,0,0,0,0,0,0,0,0,0,0,0,0,0,0,0,,0,,0,,Blank,Blank,Blank,Blank,
,,Blank,Blank,,,Blank,Blank,13_Blank,,,,0,0,0,0,0,0,0,0,0,0,0,0,0,0,0,0,0,0,0,0,0,0,0,0,0,0,,0,0,0,0,0,0,0,0,0,0,0,0,0,0,0,,0,0,0,0,0,0,0,0,0,0,0,0,0,0,0,,0,,0,,Blank,Blank,Blank,Blank,
,,Blank,Blank,,,Blank,Blank,13_Blank,,,,0,0,0,0,0,0,0,0,0,0,0,0,0,0,0,0,0,0,0,0,0,0,0,0,0,0,,0,0,0,0,0,0,0,0,0,0,0,0,0,0,0,,0,0,0,0,0,0,0,0,0,0,0,0,0,0,0,,0,,0,,Blank,Blank,Blank,Blank,
,,Blank,Blank,,,Blank,Blank,13_Blank,,,,0,0,0,0,0,0,0,0,0,0,0,0,0,0,0,0,0,0,0,0,0,0,0,0,0,0,,0,0,0,0,0,0,0,0,0,0,0,0,0,0,0,,0,0,0,0,0,0,0,0,0,0,0,0,0,0,0,,0,,0,,Blank,Blank,Blank,Blank,
,,Blank,Blank,,,Blank,Blank,13_Blank,,,,0,0,0,0,0,0,0,0,0,0,0,0,0,0,0,0,0,0,0,0,0,0,0,0,0,0,,0,0,0,0,0,0,0,0,0,0,0,0,0,0,0,,0,0,0,0,0,0,0,0,0,0,0,0,0,0,0,,0,,0,,Blank,Blank,Blank,Blank,
,,Blank,Blank,,,Blank,Blank,13_Blank,,,,0,0,0,0,0,0,0,0,0,0,0,0,0,0,0,0,0,0,0,0,0,0,0,0,0,0,,0,0,0,0,0,0,0,0,0,0,0,0,0,0,0,,0,0,0,0,0,0,0,0,0,0,0,0,0,0,0,,0,,0,,Blank,Blank,Blank,Blank,
,,Blank,Blank,,,Blank,Blank,13_Blank,,,,0,0,0,0,0,0,0,0,0,0,0,0,0,0,0,0,0,0,0,0,0,0,0,0,0,0,,0,0,0,0,0,0,0,0,0,0,0,0,0,0,0,,0,0,0,0,0,0,0,0,0,0,0,0,0,0,0,,0,,0,,Blank,Blank,Blank,Blank,
,,Blank,Blank,,,Blank,Blank,13_Blank,,,,0,0,0,0,0,0,0,0,0,0,0,0,0,0,0,0,0,0,0,0,0,0,0,0,0,0,,0,0,0,0,0,0,0,0,0,0,0,0,0,0,0,,0,0,0,0,0,0,0,0,0,0,0,0,0,0,0,,0,,0,,Blank,Blank,Blank,Blank,
,,Blank,Blank,,,Blank,Blank,13_Blank,,,,0,0,0,0,0,0,0,0,0,0,0,0,0,0,0,0,0,0,0,0,0,0,0,0,0,0,,0,0,0,0,0,0,0,0,0,0,0,0,0,0,0,,0,0,0,0,0,0,0,0,0,0,0,0,0,0,0,,0,,0,,Blank,Blank,Blank,Blank,
,,Blank,Blank,,,Blank,Blank,13_Blank,,,,0,0,0,0,0,0,0,0,0,0,0,0,0,0,0,0,0,0,0,0,0,0,0,0,0,0,,0,0,0,0,0,0,0,0,0,0,0,0,0,0,0,,0,0,0,0,0,0,0,0,0,0,0,0,0,0,0,,0,,0,,Blank,Blank,Blank,Blank,
,,Blank,Blank,,,Blank,Blank,13_Blank,,,,0,0,0,0,0,0,0,0,0,0,0,0,0,0,0,0,0,0,0,0,0,0,0,0,0,0,,0,0,0,0,0,0,0,0,0,0,0,0,0,0,0,,0,0,0,0,0,0,0,0,0,0,0,0,0,0,0,,0,,0,,Blank,Blank,Blank,Blank,
,,Blank,Blank,,,Blank,Blank,13_Blank,,,,0,0,0,0,0,0,0,0,0,0,0,0,0,0,0,0,0,0,0,0,0,0,0,0,0,0,,0,0,0,0,0,0,0,0,0,0,0,0,0,0,0,,0,0,0,0,0,0,0,0,0,0,0,0,0,0,0,,0,,0,,Blank,Blank,Blank,Blank,
,,Blank,Blank,,,Blank,Blank,13_Blank,,,,0,0,0,0,0,0,0,0,0,0,0,0,0,0,0,0,0,0,0,0,0,0,0,0,0,0,,0,0,0,0,0,0,0,0,0,0,0,0,0,0,0,,0,0,0,0,0,0,0,0,0,0,0,0,0,0,0,,0,,0,,Blank,Blank,Blank,Blank,
,,Blank,Blank,,,Blank,Blank,13_Blank,,,,0,0,0,0,0,0,0,0,0,0,0,0,0,0,0,0,0,0,0,0,0,0,0,0,0,0,,0,0,0,0,0,0,0,0,0,0,0,0,0,0,0,,0,0,0,0,0,0,0,0,0,0,0,0,0,0,0,,0,,0,,Blank,Blank,Blank,Blank,
,,Blank,Blank,,,Blank,Blank,13_Blank,,,,0,0,0,0,0,0,0,0,0,0,0,0,0,0,0,0,0,0,0,0,0,0,0,0,0,0,,0,0,0,0,0,0,0,0,0,0,0,0,0,0,0,,0,0,0,0,0,0,0,0,0,0,0,0,0,0,0,,0,,0,,Blank,Blank,Blank,Blank,
,,Blank,Blank,,,Blank,Blank,13_Blank,,,,0,0,0,0,0,0,0,0,0,0,0,0,0,0,0,0,0,0,0,0,0,0,0,0,0,0,,0,0,0,0,0,0,0,0,0,0,0,0,0,0,0,,0,0,0,0,0,0,0,0,0,0,0,0,0,0,0,,0,,0,,Blank,Blank,Blank,Blank,
,,Blank,Blank,,,Blank,Blank,13_Blank,,,,0,0,0,0,0,0,0,0,0,0,0,0,0,0,0,0,0,0,0,0,0,0,0,0,0,0,,0,0,0,0,0,0,0,0,0,0,0,0,0,0,0,,0,0,0,0,0,0,0,0,0,0,0,0,0,0,0,,0,,0,,Blank,Blank,Blank,Blank,
,,Blank,Blank,,,Blank,Blank,13_Blank,,,,0,0,0,0,0,0,0,0,0,0,0,0,0,0,0,0,0,0,0,0,0,0,0,0,0,0,,0,0,0,0,0,0,0,0,0,0,0,0,0,0,0,,0,0,0,0,0,0,0,0,0,0,0,0,0,0,0,,0,,0,,Blank,Blank,Blank,Blank,
,,Blank,Blank,,,Blank,Blank,13_Blank,,,,0,0,0,0,0,0,0,0,0,0,0,0,0,0,0,0,0,0,0,0,0,0,0,0,0,0,,0,0,0,0,0,0,0,0,0,0,0,0,0,0,0,,0,0,0,0,0,0,0,0,0,0,0,0,0,0,0,,0,,0,,Blank,Blank,Blank,Blank,
,,Blank,Blank,,,Blank,Blank,13_Blank,,,,0,0,0,0,0,0,0,0,0,0,0,0,0,0,0,0,0,0,0,0,0,0,0,0,0,0,,0,0,0,0,0,0,0,0,0,0,0,0,0,0,0,,0,0,0,0,0,0,0,0,0,0,0,0,0,0,0,,0,,0,,Blank,Blank,Blank,Blank,
,,Blank,Blank,,,Blank,Blank,13_Blank,,,,0,0,0,0,0,0,0,0,0,0,0,0,0,0,0,0,0,0,0,0,0,0,0,0,0,0,,0,0,0,0,0,0,0,0,0,0,0,0,0,0,0,,0,0,0,0,0,0,0,0,0,0,0,0,0,0,0,,0,,0,,Blank,Blank,Blank,Blank,
,,Blank,Blank,,,Blank,Blank,13_Blank,,,,0,0,0,0,0,0,0,0,0,0,0,0,0,0,0,0,0,0,0,0,0,0,0,0,0,0,,0,0,0,0,0,0,0,0,0,0,0,0,0,0,0,,0,0,0,0,0,0,0,0,0,0,0,0,0,0,0,,0,,0,,Blank,Blank,Blank,Blank,
,,Blank,Blank,,,Blank,Blank,13_Blank,,,,0,0,0,0,0,0,0,0,0,0,0,0,0,0,0,0,0,0,0,0,0,0,0,0,0,0,,0,0,0,0,0,0,0,0,0,0,0,0,0,0,0,,0,0,0,0,0,0,0,0,0,0,0,0,0,0,0,,0,,0,,Blank,Blank,Blank,Blank,
,,Blank,Blank,,,Blank,Blank,13_Blank,,,,0,0,0,0,0,0,0,0,0,0,0,0,0,0,0,0,0,0,0,0,0,0,0,0,0,0,,0,0,0,0,0,0,0,0,0,0,0,0,0,0,0,,0,0,0,0,0,0,0,0,0,0,0,0,0,0,0,,0,,0,,Blank,Blank,Blank,Blank,
,,Blank,Blank,,,Blank,Blank,13_Blank,,,,0,0,0,0,0,0,0,0,0,0,0,0,0,0,0,0,0,0,0,0,0,0,0,0,0,0,,0,0,0,0,0,0,0,0,0,0,0,0,0,0,0,,0,0,0,0,0,0,0,0,0,0,0,0,0,0,0,,0,,0,,Blank,Blank,Blank,Blank,
,,Blank,Blank,,,Blank,Blank,13_Blank,,,,0,0,0,0,0,0,0,0,0,0,0,0,0,0,0,0,0,0,0,0,0,0,0,0,0,0,,0,0,0,0,0,0,0,0,0,0,0,0,0,0,0,,0,0,0,0,0,0,0,0,0,0,0,0,0,0,0,,0,,0,,Blank,Blank,Blank,Blank,
,,Blank,Blank,,,Blank,Blank,13_Blank,,,,0,0,0,0,0,0,0,0,0,0,0,0,0,0,0,0,0,0,0,0,0,0,0,0,0,0,,0,0,0,0,0,0,0,0,0,0,0,0,0,0,0,,0,0,0,0,0,0,0,0,0,0,0,0,0,0,0,,0,,0,,Blank,Blank,Blank,Blank,
,,Blank,Blank,,,Blank,Blank,13_Blank,,,,0,0,0,0,0,0,0,0,0,0,0,0,0,0,0,0,0,0,0,0,0,0,0,0,0,0,,0,0,0,0,0,0,0,0,0,0,0,0,0,0,0,,0,0,0,0,0,0,0,0,0,0,0,0,0,0,0,,0,,0,,Blank,Blank,Blank,Blank,
,,Blank,Blank,,,Blank,Blank,13_Blank,,,,0,0,0,0,0,0,0,0,0,0,0,0,0,0,0,0,0,0,0,0,0,0,0,0,0,0,,0,0,0,0,0,0,0,0,0,0,0,0,0,0,0,,0,0,0,0,0,0,0,0,0,0,0,0,0,0,0,,0,,0,,Blank,Blank,Blank,Blank,
,,Blank,Blank,,,Blank,Blank,13_Blank,,,,0,0,0,0,0,0,0,0,0,0,0,0,0,0,0,0,0,0,0,0,0,0,0,0,0,0,,0,0,0,0,0,0,0,0,0,0,0,0,0,0,0,,0,0,0,0,0,0,0,0,0,0,0,0,0,0,0,,0,,0,,Blank,Blank,Blank,Blank,
,,Blank,Blank,,,Blank,Blank,13_Blank,,,,0,0,0,0,0,0,0,0,0,0,0,0,0,0,0,0,0,0,0,0,0,0,0,0,0,0,,0,0,0,0,0,0,0,0,0,0,0,0,0,0,0,,0,0,0,0,0,0,0,0,0,0,0,0,0,0,0,,0,,0,,Blank,Blank,Blank,Blank,
,,Blank,Blank,,,Blank,Blank,13_Blank,,,,0,0,0,0,0,0,0,0,0,0,0,0,0,0,0,0,0,0,0,0,0,0,0,0,0,0,,0,0,0,0,0,0,0,0,0,0,0,0,0,0,0,,0,0,0,0,0,0,0,0,0,0,0,0,0,0,0,,0,,0,,Blank,Blank,Blank,Blank,
,,Blank,Blank,,,Blank,Blank,13_Blank,,,,0,0,0,0,0,0,0,0,0,0,0,0,0,0,0,0,0,0,0,0,0,0,0,0,0,0,,0,0,0,0,0,0,0,0,0,0,0,0,0,0,0,,0,0,0,0,0,0,0,0,0,0,0,0,0,0,0,,0,,0,,Blank,Blank,Blank,Blank,
,,Blank,Blank,,,Blank,Blank,13_Blank,,,,0,0,0,0,0,0,0,0,0,0,0,0,0,0,0,0,0,0,0,0,0,0,0,0,0,0,,0,0,0,0,0,0,0,0,0,0,0,0,0,0,0,,0,0,0,0,0,0,0,0,0,0,0,0,0,0,0,,0,,0,,Blank,Blank,Blank,Blank,
,,Blank,Blank,,,Blank,Blank,13_Blank,,,,0,0,0,0,0,0,0,0,0,0,0,0,0,0,0,0,0,0,0,0,0,0,0,0,0,0,,0,0,0,0,0,0,0,0,0,0,0,0,0,0,0,,0,0,0,0,0,0,0,0,0,0,0,0,0,0,0,,0,,0,,Blank,Blank,Blank,Blank,
,,Blank,Blank,,,Blank,Blank,13_Blank,,,,0,0,0,0,0,0,0,0,0,0,0,0,0,0,0,0,0,0,0,0,0,0,0,0,0,0,,0,0,0,0,0,0,0,0,0,0,0,0,0,0,0,,0,0,0,0,0,0,0,0,0,0,0,0,0,0,0,,0,,0,,Blank,Blank,Blank,Blank,
,,Blank,Blank,,,Blank,Blank,13_Blank,,,,0,0,0,0,0,0,0,0,0,0,0,0,0,0,0,0,0,0,0,0,0,0,0,0,0,0,,0,0,0,0,0,0,0,0,0,0,0,0,0,0,0,,0,0,0,0,0,0,0,0,0,0,0,0,0,0,0,,0,,0,,Blank,Blank,Blank,Blank,
,,Blank,Blank,,,Blank,Blank,13_Blank,,,,0,0,0,0,0,0,0,0,0,0,0,0,0,0,0,0,0,0,0,0,0,0,0,0,0,0,,0,0,0,0,0,0,0,0,0,0,0,0,0,0,0,,0,0,0,0,0,0,0,0,0,0,0,0,0,0,0,,0,,0,,Blank,Blank,Blank,Blank,
,,Blank,Blank,,,Blank,Blank,13_Blank,,,,0,0,0,0,0,0,0,0,0,0,0,0,0,0,0,0,0,0,0,0,0,0,0,0,0,0,,0,0,0,0,0,0,0,0,0,0,0,0,0,0,0,,0,0,0,0,0,0,0,0,0,0,0,0,0,0,0,,0,,0,,Blank,Blank,Blank,Blank,
,,Blank,Blank,,,Blank,Blank,13_Blank,,,,0,0,0,0,0,0,0,0,0,0,0,0,0,0,0,0,0,0,0,0,0,0,0,0,0,0,,0,0,0,0,0,0,0,0,0,0,0,0,0,0,0,,0,0,0,0,0,0,0,0,0,0,0,0,0,0,0,,0,,0,,Blank,Blank,Blank,Blank,
,,Blank,Blank,,,Blank,Blank,13_Blank,,,,0,0,0,0,0,0,0,0,0,0,0,0,0,0,0,0,0,0,0,0,0,0,0,0,0,0,,0,0,0,0,0,0,0,0,0,0,0,0,0,0,0,,0,0,0,0,0,0,0,0,0,0,0,0,0,0,0,,0,,0,,Blank,Blank,Blank,Blank,
,,Blank,Blank,,,Blank,Blank,13_Blank,,,,0,0,0,0,0,0,0,0,0,0,0,0,0,0,0,0,0,0,0,0,0,0,0,0,0,0,,0,0,0,0,0,0,0,0,0,0,0,0,0,0,0,,0,0,0,0,0,0,0,0,0,0,0,0,0,0,0,,0,,0,,Blank,Blank,Blank,Blank,
,,Blank,Blank,,,Blank,Blank,13_Blank,,,,0,0,0,0,0,0,0,0,0,0,0,0,0,0,0,0,0,0,0,0,0,0,0,0,0,0,,0,0,0,0,0,0,0,0,0,0,0,0,0,0,0,,0,0,0,0,0,0,0,0,0,0,0,0,0,0,0,,0,,0,,Blank,Blank,Blank,Blank,
,,Blank,Blank,,,Blank,Blank,13_Blank,,,,0,0,0,0,0,0,0,0,0,0,0,0,0,0,0,0,0,0,0,0,0,0,0,0,0,0,,0,0,0,0,0,0,0,0,0,0,0,0,0,0,0,,0,0,0,0,0,0,0,0,0,0,0,0,0,0,0,,0,,0,,Blank,Blank,Blank,Blank,
,,Blank,Blank,,,Blank,Blank,13_Blank,,,,0,0,0,0,0,0,0,0,0,0,0,0,0,0,0,0,0,0,0,0,0,0,0,0,0,0,,0,0,0,0,0,0,0,0,0,0,0,0,0,0,0,,0,0,0,0,0,0,0,0,0,0,0,0,0,0,0,,0,,0,,Blank,Blank,Blank,Blank,
,,Blank,Blank,,,Blank,Blank,13_Blank,,,,0,0,0,0,0,0,0,0,0,0,0,0,0,0,0,0,0,0,0,0,0,0,0,0,0,0,,0,0,0,0,0,0,0,0,0,0,0,0,0,0,0,,0,0,0,0,0,0,0,0,0,0,0,0,0,0,0,,0,,0,,Blank,Blank,Blank,Blank,
,,Blank,Blank,,,Blank,Blank,13_Blank,,,,0,0,0,0,0,0,0,0,0,0,0,0,0,0,0,0,0,0,0,0,0,0,0,0,0,0,,0,0,0,0,0,0,0,0,0,0,0,0,0,0,0,,0,0,0,0,0,0,0,0,0,0,0,0,0,0,0,,0,,0,,Blank,Blank,Blank,Blank,
,,Blank,Blank,,,Blank,Blank,13_Blank,,,,0,0,0,0,0,0,0,0,0,0,0,0,0,0,0,0,0,0,0,0,0,0,0,0,0,0,,0,0,0,0,0,0,0,0,0,0,0,0,0,0,0,,0,0,0,0,0,0,0,0,0,0,0,0,0,0,0,,0,,0,,Blank,Blank,Blank,Blank,
,,Blank,Blank,,,Blank,Blank,13_Blank,,,,0,0,0,0,0,0,0,0,0,0,0,0,0,0,0,0,0,0,0,0,0,0,0,0,0,0,,0,0,0,0,0,0,0,0,0,0,0,0,0,0,0,,0,0,0,0,0,0,0,0,0,0,0,0,0,0,0,,0,,0,,Blank,Blank,Blank,Blank,
,,Blank,Blank,,,Blank,Blank,13_Blank,,,,0,0,0,0,0,0,0,0,0,0,0,0,0,0,0,0,0,0,0,0,0,0,0,0,0,0,,0,0,0,0,0,0,0,0,0,0,0,0,0,0,0,,0,0,0,0,0,0,0,0,0,0,0,0,0,0,0,,0,,0,,Blank,Blank,Blank,Blank,
,,Blank,Blank,,,Blank,Blank,13_Blank,,,,0,0,0,0,0,0,0,0,0,0,0,0,0,0,0,0,0,0,0,0,0,0,0,0,0,0,,0,0,0,0,0,0,0,0,0,0,0,0,0,0,0,,0,0,0,0,0,0,0,0,0,0,0,0,0,0,0,,0,,0,,Blank,Blank,Blank,Blank,
,,Blank,Blank,,,Blank,Blank,13_Blank,,,,0,0,0,0,0,0,0,0,0,0,0,0,0,0,0,0,0,0,0,0,0,0,0,0,0,0,,0,0,0,0,0,0,0,0,0,0,0,0,0,0,0,,0,0,0,0,0,0,0,0,0,0,0,0,0,0,0,,0,,0,,Blank,Blank,Blank,Blank,
,,Blank,Blank,,,Blank,Blank,13_Blank,,,,0,0,0,0,0,0,0,0,0,0,0,0,0,0,0,0,0,0,0,0,0,0,0,0,0,0,,0,0,0,0,0,0,0,0,0,0,0,0,0,0,0,,0,0,0,0,0,0,0,0,0,0,0,0,0,0,0,,0,,0,,Blank,Blank,Blank,Blank,
,,Blank,Blank,,,Blank,Blank,13_Blank,,,,0,0,0,0,0,0,0,0,0,0,0,0,0,0,0,0,0,0,0,0,0,0,0,0,0,0,,0,0,0,0,0,0,0,0,0,0,0,0,0,0,0,,0,0,0,0,0,0,0,0,0,0,0,0,0,0,0,,0,,0,,Blank,Blank,Blank,Blank,
,,Blank,Blank,,,Blank,Blank,13_Blank,,,,0,0,0,0,0,0,0,0,0,0,0,0,0,0,0,0,0,0,0,0,0,0,0,0,0,0,,0,0,0,0,0,0,0,0,0,0,0,0,0,0,0,,0,0,0,0,0,0,0,0,0,0,0,0,0,0,0,,0,,0,,Blank,Blank,Blank,Blank,
,,Blank,Blank,,,Blank,Blank,13_Blank,,,,0,0,0,0,0,0,0,0,0,0,0,0,0,0,0,0,0,0,0,0,0,0,0,0,0,0,,0,0,0,0,0,0,0,0,0,0,0,0,0,0,0,,0,0,0,0,0,0,0,0,0,0,0,0,0,0,0,,0,,0,,Blank,Blank,Blank,Blank,
,,Blank,Blank,,,Blank,Blank,13_Blank,,,,0,0,0,0,0,0,0,0,0,0,0,0,0,0,0,0,0,0,0,0,0,0,0,0,0,0,,0,0,0,0,0,0,0,0,0,0,0,0,0,0,0,,0,0,0,0,0,0,0,0,0,0,0,0,0,0,0,,0,,0,,Blank,Blank,Blank,Blank,
,,Blank,Blank,,,Blank,Blank,13_Blank,,,,0,0,0,0,0,0,0,0,0,0,0,0,0,0,0,0,0,0,0,0,0,0,0,0,0,0,,0,0,0,0,0,0,0,0,0,0,0,0,0,0,0,,0,0,0,0,0,0,0,0,0,0,0,0,0,0,0,,0,,0,,Blank,Blank,Blank,Blank,
,,Blank,Blank,,,Blank,Blank,13_Blank,,,,0,0,0,0,0,0,0,0,0,0,0,0,0,0,0,0,0,0,0,0,0,0,0,0,0,0,,0,0,0,0,0,0,0,0,0,0,0,0,0,0,0,,0,0,0,0,0,0,0,0,0,0,0,0,0,0,0,,0,,0,,Blank,Blank,Blank,Blank,
,,Blank,Blank,,,Blank,Blank,13_Blank,,,,0,0,0,0,0,0,0,0,0,0,0,0,0,0,0,0,0,0,0,0,0,0,0,0,0,0,,0,0,0,0,0,0,0,0,0,0,0,0,0,0,0,,0,0,0,0,0,0,0,0,0,0,0,0,0,0,0,,0,,0,,Blank,Blank,Blank,Blank,
,,Blank,Blank,,,Blank,Blank,13_Blank,,,,0,0,0,0,0,0,0,0,0,0,0,0,0,0,0,0,0,0,0,0,0,0,0,0,0,0,,0,0,0,0,0,0,0,0,0,0,0,0,0,0,0,,0,0,0,0,0,0,0,0,0,0,0,0,0,0,0,,0,,0,,Blank,Blank,Blank,Blank,
,,Blank,Blank,,,Blank,Blank,13_Blank,,,,0,0,0,0,0,0,0,0,0,0,0,0,0,0,0,0,0,0,0,0,0,0,0,0,0,0,,0,0,0,0,0,0,0,0,0,0,0,0,0,0,0,,0,0,0,0,0,0,0,0,0,0,0,0,0,0,0,,0,,0,,Blank,Blank,Blank,Blank,
,,Blank,Blank,,,Blank,Blank,13_Blank,,,,0,0,0,0,0,0,0,0,0,0,0,0,0,0,0,0,0,0,0,0,0,0,0,0,0,0,,0,0,0,0,0,0,0,0,0,0,0,0,0,0,0,,0,0,0,0,0,0,0,0,0,0,0,0,0,0,0,,0,,0,,Blank,Blank,Blank,Blank,
,,Blank,Blank,,,Blank,Blank,13_Blank,,,,0,0,0,0,0,0,0,0,0,0,0,0,0,0,0,0,0,0,0,0,0,0,0,0,0,0,,0,0,0,0,0,0,0,0,0,0,0,0,0,0,0,,0,0,0,0,0,0,0,0,0,0,0,0,0,0,0,,0,,0,,Blank,Blank,Blank,Blank,
,,Blank,Blank,,,Blank,Blank,13_Blank,,,,0,0,0,0,0,0,0,0,0,0,0,0,0,0,0,0,0,0,0,0,0,0,0,0,0,0,,0,0,0,0,0,0,0,0,0,0,0,0,0,0,0,,0,0,0,0,0,0,0,0,0,0,0,0,0,0,0,,0,,0,,Blank,Blank,Blank,Blank,
,,Blank,Blank,,,Blank,Blank,13_Blank,,,,0,0,0,0,0,0,0,0,0,0,0,0,0,0,0,0,0,0,0,0,0,0,0,0,0,0,,0,0,0,0,0,0,0,0,0,0,0,0,0,0,0,,0,0,0,0,0,0,0,0,0,0,0,0,0,0,0,,0,,0,,Blank,Blank,Blank,Blank,
,,Blank,Blank,,,Blank,Blank,13_Blank,,,,0,0,0,0,0,0,0,0,0,0,0,0,0,0,0,0,0,0,0,0,0,0,0,0,0,0,,0,0,0,0,0,0,0,0,0,0,0,0,0,0,0,,0,0,0,0,0,0,0,0,0,0,0,0,0,0,0,,0,,0,,Blank,Blank,Blank,Blank,
,,Blank,Blank,,,Blank,Blank,13_Blank,,,,0,0,0,0,0,0,0,0,0,0,0,0,0,0,0,0,0,0,0,0,0,0,0,0,0,0,,0,0,0,0,0,0,0,0,0,0,0,0,0,0,0,,0,0,0,0,0,0,0,0,0,0,0,0,0,0,0,,0,,0,,Blank,Blank,Blank,Blank,
,,Blank,Blank,,,Blank,Blank,13_Blank,,,,0,0,0,0,0,0,0,0,0,0,0,0,0,0,0,0,0,0,0,0,0,0,0,0,0,0,,0,0,0,0,0,0,0,0,0,0,0,0,0,0,0,,0,0,0,0,0,0,0,0,0,0,0,0,0,0,0,,0,,0,,Blank,Blank,Blank,Blank,
,,Blank,Blank,,,Blank,Blank,13_Blank,,,,0,0,0,0,0,0,0,0,0,0,0,0,0,0,0,0,0,0,0,0,0,0,0,0,0,0,,0,0,0,0,0,0,0,0,0,0,0,0,0,0,0,,0,0,0,0,0,0,0,0,0,0,0,0,0,0,0,,0,,0,,Blank,Blank,Blank,Blank,
,,Blank,Blank,,,Blank,Blank,13_Blank,,,,0,0,0,0,0,0,0,0,0,0,0,0,0,0,0,0,0,0,0,0,0,0,0,0,0,0,,0,0,0,0,0,0,0,0,0,0,0,0,0,0,0,,0,0,0,0,0,0,0,0,0,0,0,0,0,0,0,,0,,0,,Blank,Blank,Blank,Blank,
,,Blank,Blank,,,Blank,Blank,13_Blank,,,,0,0,0,0,0,0,0,0,0,0,0,0,0,0,0,0,0,0,0,0,0,0,0,0,0,0,,0,0,0,0,0,0,0,0,0,0,0,0,0,0,0,,0,0,0,0,0,0,0,0,0,0,0,0,0,0,0,,0,,0,,Blank,Blank,Blank,Blank,
,,Blank,Blank,,,Blank,Blank,13_Blank,,,,0,0,0,0,0,0,0,0,0,0,0,0,0,0,0,0,0,0,0,0,0,0,0,0,0,0,,0,0,0,0,0,0,0,0,0,0,0,0,0,0,0,,0,0,0,0,0,0,0,0,0,0,0,0,0,0,0,,0,,0,,Blank,Blank,Blank,Blank,
,,Blank,Blank,,,Blank,Blank,13_Blank,,,,0,0,0,0,0,0,0,0,0,0,0,0,0,0,0,0,0,0,0,0,0,0,0,0,0,0,,0,0,0,0,0,0,0,0,0,0,0,0,0,0,0,,0,0,0,0,0,0,0,0,0,0,0,0,0,0,0,,0,,0,,Blank,Blank,Blank,Blank,
,,Blank,Blank,,,Blank,Blank,13_Blank,,,,0,0,0,0,0,0,0,0,0,0,0,0,0,0,0,0,0,0,0,0,0,0,0,0,0,0,,0,0,0,0,0,0,0,0,0,0,0,0,0,0,0,,0,0,0,0,0,0,0,0,0,0,0,0,0,0,0,,0,,0,,Blank,Blank,Blank,Blank,
,,Blank,Blank,,,Blank,Blank,13_Blank,,,,0,0,0,0,0,0,0,0,0,0,0,0,0,0,0,0,0,0,0,0,0,0,0,0,0,0,,0,0,0,0,0,0,0,0,0,0,0,0,0,0,0,,0,0,0,0,0,0,0,0,0,0,0,0,0,0,0,,0,,0,,Blank,Blank,Blank,Blank,
,,Blank,Blank,,,Blank,Blank,13_Blank,,,,0,0,0,0,0,0,0,0,0,0,0,0,0,0,0,0,0,0,0,0,0,0,0,0,0,0,,0,0,0,0,0,0,0,0,0,0,0,0,0,0,0,,0,0,0,0,0,0,0,0,0,0,0,0,0,0,0,,0,,0,,Blank,Blank,Blank,Blank,
,,Blank,Blank,,,Blank,Blank,13_Blank,,,,0,0,0,0,0,0,0,0,0,0,0,0,0,0,0,0,0,0,0,0,0,0,0,0,0,0,,0,0,0,0,0,0,0,0,0,0,0,0,0,0,0,,0,0,0,0,0,0,0,0,0,0,0,0,0,0,0,,0,,0,,Blank,Blank,Blank,Blank,
,,Blank,Blank,,,Blank,Blank,13_Blank,,,,0,0,0,0,0,0,0,0,0,0,0,0,0,0,0,0,0,0,0,0,0,0,0,0,0,0,,0,0,0,0,0,0,0,0,0,0,0,0,0,0,0,,0,0,0,0,0,0,0,0,0,0,0,0,0,0,0,,0,,0,,Blank,Blank,Blank,Blank,
,,Blank,Blank,,,Blank,Blank,13_Blank,,,,0,0,0,0,0,0,0,0,0,0,0,0,0,0,0,0,0,0,0,0,0,0,0,0,0,0,,0,0,0,0,0,0,0,0,0,0,0,0,0,0,0,,0,0,0,0,0,0,0,0,0,0,0,0,0,0,0,,0,,0,,Blank,Blank,Blank,Blank,
,,Blank,Blank,,,Blank,Blank,13_Blank,,,,0,0,0,0,0,0,0,0,0,0,0,0,0,0,0,0,0,0,0,0,0,0,0,0,0,0,,0,0,0,0,0,0,0,0,0,0,0,0,0,0,0,,0,0,0,0,0,0,0,0,0,0,0,0,0,0,0,,0,,0,,Blank,Blank,Blank,Blank,
,,Blank,Blank,,,Blank,Blank,13_Blank,,,,0,0,0,0,0,0,0,0,0,0,0,0,0,0,0,0,0,0,0,0,0,0,0,0,0,0,,0,0,0,0,0,0,0,0,0,0,0,0,0,0,0,,0,0,0,0,0,0,0,0,0,0,0,0,0,0,0,,0,,0,,Blank,Blank,Blank,Blank,
,,Blank,Blank,,,Blank,Blank,13_Blank,,,,0,0,0,0,0,0,0,0,0,0,0,0,0,0,0,0,0,0,0,0,0,0,0,0,0,0,,0,0,0,0,0,0,0,0,0,0,0,0,0,0,0,,0,0,0,0,0,0,0,0,0,0,0,0,0,0,0,,0,,0,,Blank,Blank,Blank,Blank,
,,Blank,Blank,,,Blank,Blank,13_Blank,,,,0,0,0,0,0,0,0,0,0,0,0,0,0,0,0,0,0,0,0,0,0,0,0,0,0,0,,0,0,0,0,0,0,0,0,0,0,0,0,0,0,0,,0,0,0,0,0,0,0,0,0,0,0,0,0,0,0,,0,,0,,Blank,Blank,Blank,Blank,
,,Blank,Blank,,,Blank,Blank,13_Blank,,,,0,0,0,0,0,0,0,0,0,0,0,0,0,0,0,0,0,0,0,0,0,0,0,0,0,0,,0,0,0,0,0,0,0,0,0,0,0,0,0,0,0,,0,0,0,0,0,0,0,0,0,0,0,0,0,0,0,,0,,0,,Blank,Blank,Blank,Blank,
,,Blank,Blank,,,Blank,Blank,13_Blank,,,,0,0,0,0,0,0,0,0,0,0,0,0,0,0,0,0,0,0,0,0,0,0,0,0,0,0,,0,0,0,0,0,0,0,0,0,0,0,0,0,0,0,,0,0,0,0,0,0,0,0,0,0,0,0,0,0,0,,0,,0,,Blank,Blank,Blank,Blank,
,,Blank,Blank,,,Blank,Blank,13_Blank,,,,0,0,0,0,0,0,0,0,0,0,0,0,0,0,0,0,0,0,0,0,0,0,0,0,0,0,,0,0,0,0,0,0,0,0,0,0,0,0,0,0,0,,0,0,0,0,0,0,0,0,0,0,0,0,0,0,0,,0,,0,,Blank,Blank,Blank,Blank,
,,Blank,Blank,,,Blank,Blank,13_Blank,,,,0,0,0,0,0,0,0,0,0,0,0,0,0,0,0,0,0,0,0,0,0,0,0,0,0,0,,0,0,0,0,0,0,0,0,0,0,0,0,0,0,0,,0,0,0,0,0,0,0,0,0,0,0,0,0,0,0,,0,,0,,Blank,Blank,Blank,Blank,
,,Blank,Blank,,,Blank,Blank,13_Blank,,,,0,0,0,0,0,0,0,0,0,0,0,0,0,0,0,0,0,0,0,0,0,0,0,0,0,0,,0,0,0,0,0,0,0,0,0,0,0,0,0,0,0,,0,0,0,0,0,0,0,0,0,0,0,0,0,0,0,,0,,0,,Blank,Blank,Blank,Blank,
,,Blank,Blank,,,Blank,Blank,13_Blank,,,,0,0,0,0,0,0,0,0,0,0,0,0,0,0,0,0,0,0,0,0,0,0,0,0,0,0,,0,0,0,0,0,0,0,0,0,0,0,0,0,0,0,,0,0,0,0,0,0,0,0,0,0,0,0,0,0,0,,0,,0,,Blank,Blank,Blank,Blank,
,,Blank,Blank,,,Blank,Blank,13_Blank,,,,0,0,0,0,0,0,0,0,0,0,0,0,0,0,0,0,0,0,0,0,0,0,0,0,0,0,,0,0,0,0,0,0,0,0,0,0,0,0,0,0,0,,0,0,0,0,0,0,0,0,0,0,0,0,0,0,0,,0,,0,,Blank,Blank,Blank,Blank,
,,Blank,Blank,,,Blank,Blank,13_Blank,,,,0,0,0,0,0,0,0,0,0,0,0,0,0,0,0,0,0,0,0,0,0,0,0,0,0,0,,0,0,0,0,0,0,0,0,0,0,0,0,0,0,0,,0,0,0,0,0,0,0,0,0,0,0,0,0,0,0,,0,,0,,Blank,Blank,Blank,Blank,
,,Blank,Blank,,,Blank,Blank,13_Blank,,,,0,0,0,0,0,0,0,0,0,0,0,0,0,0,0,0,0,0,0,0,0,0,0,0,0,0,,0,0,0,0,0,0,0,0,0,0,0,0,0,0,0,,0,0,0,0,0,0,0,0,0,0,0,0,0,0,0,,0,,0,,Blank,Blank,Blank,Blank,
,,Blank,Blank,,,Blank,Blank,13_Blank,,,,0,0,0,0,0,0,0,0,0,0,0,0,0,0,0,0,0,0,0,0,0,0,0,0,0,0,,0,0,0,0,0,0,0,0,0,0,0,0,0,0,0,,0,0,0,0,0,0,0,0,0,0,0,0,0,0,0,,0,,0,,Blank,Blank,Blank,Blank,
,,Blank,Blank,,,Blank,Blank,13_Blank,,,,0,0,0,0,0,0,0,0,0,0,0,0,0,0,0,0,0,0,0,0,0,0,0,0,0,0,,0,0,0,0,0,0,0,0,0,0,0,0,0,0,0,,0,0,0,0,0,0,0,0,0,0,0,0,0,0,0,,0,,0,,Blank,Blank,Blank,Blank,
,,Blank,Blank,,,Blank,Blank,13_Blank,,,,0,0,0,0,0,0,0,0,0,0,0,0,0,0,0,0,0,0,0,0,0,0,0,0,0,0,,0,0,0,0,0,0,0,0,0,0,0,0,0,0,0,,0,0,0,0,0,0,0,0,0,0,0,0,0,0,0,,0,,0,,Blank,Blank,Blank,Blank,
,,Blank,Blank,,,Blank,Blank,13_Blank,,,,0,0,0,0,0,0,0,0,0,0,0,0,0,0,0,0,0,0,0,0,0,0,0,0,0,0,,0,0,0,0,0,0,0,0,0,0,0,0,0,0,0,,0,0,0,0,0,0,0,0,0,0,0,0,0,0,0,,0,,0,,Blank,Blank,Blank,Blank,
,,Blank,Blank,,,Blank,Blank,13_Blank,,,,0,0,0,0,0,0,0,0,0,0,0,0,0,0,0,0,0,0,0,0,0,0,0,0,0,0,,0,0,0,0,0,0,0,0,0,0,0,0,0,0,0,,0,0,0,0,0,0,0,0,0,0,0,0,0,0,0,,0,,0,,Blank,Blank,Blank,Blank,
,,Blank,Blank,,,Blank,Blank,13_Blank,,,,0,0,0,0,0,0,0,0,0,0,0,0,0,0,0,0,0,0,0,0,0,0,0,0,0,0,,0,0,0,0,0,0,0,0,0,0,0,0,0,0,0,,0,0,0,0,0,0,0,0,0,0,0,0,0,0,0,,0,,0,,Blank,Blank,Blank,Blank,
,,Blank,Blank,,,Blank,Blank,13_Blank,,,,0,0,0,0,0,0,0,0,0,0,0,0,0,0,0,0,0,0,0,0,0,0,0,0,0,0,,0,0,0,0,0,0,0,0,0,0,0,0,0,0,0,,0,0,0,0,0,0,0,0,0,0,0,0,0,0,0,,0,,0,,Blank,Blank,Blank,Blank,
,,Blank,Blank,,,Blank,Blank,13_Blank,,,,0,0,0,0,0,0,0,0,0,0,0,0,0,0,0,0,0,0,0,0,0,0,0,0,0,0,,0,0,0,0,0,0,0,0,0,0,0,0,0,0,0,,0,0,0,0,0,0,0,0,0,0,0,0,0,0,0,,0,,0,,Blank,Blank,Blank,Blank,
,,Blank,Blank,,,Blank,Blank,13_Blank,,,,0,0,0,0,0,0,0,0,0,0,0,0,0,0,0,0,0,0,0,0,0,0,0,0,0,0,,0,0,0,0,0,0,0,0,0,0,0,0,0,0,0,,0,0,0,0,0,0,0,0,0,0,0,0,0,0,0,,0,,0,,Blank,Blank,Blank,Blank,
,,Blank,Blank,,,Blank,Blank,13_Blank,,,,0,0,0,0,0,0,0,0,0,0,0,0,0,0,0,0,0,0,0,0,0,0,0,0,0,0,,0,0,0,0,0,0,0,0,0,0,0,0,0,0,0,,0,0,0,0,0,0,0,0,0,0,0,0,0,0,0,,0,,0,,Blank,Blank,Blank,Blank,
,,Blank,Blank,,,Blank,Blank,13_Blank,,,,0,0,0,0,0,0,0,0,0,0,0,0,0,0,0,0,0,0,0,0,0,0,0,0,0,0,,0,0,0,0,0,0,0,0,0,0,0,0,0,0,0,,0,0,0,0,0,0,0,0,0,0,0,0,0,0,0,,0,,0,,Blank,Blank,Blank,Blank,
,,Blank,Blank,,,Blank,Blank,13_Blank,,,,0,0,0,0,0,0,0,0,0,0,0,0,0,0,0,0,0,0,0,0,0,0,0,0,0,0,,0,0,0,0,0,0,0,0,0,0,0,0,0,0,0,,0,0,0,0,0,0,0,0,0,0,0,0,0,0,0,,0,,0,,Blank,Blank,Blank,Blank,
,,Blank,Blank,,,Blank,Blank,13_Blank,,,,0,0,0,0,0,0,0,0,0,0,0,0,0,0,0,0,0,0,0,0,0,0,0,0,0,0,,0,0,0,0,0,0,0,0,0,0,0,0,0,0,0,,0,0,0,0,0,0,0,0,0,0,0,0,0,0,0,,0,,0,,Blank,Blank,Blank,Blank,
,,Blank,Blank,,,Blank,Blank,13_Blank,,,,0,0,0,0,0,0,0,0,0,0,0,0,0,0,0,0,0,0,0,0,0,0,0,0,0,0,,0,0,0,0,0,0,0,0,0,0,0,0,0,0,0,,0,0,0,0,0,0,0,0,0,0,0,0,0,0,0,,0,,0,,Blank,Blank,Blank,Blank,
,,Blank,Blank,,,Blank,Blank,13_Blank,,,,0,0,0,0,0,0,0,0,0,0,0,0,0,0,0,0,0,0,0,0,0,0,0,0,0,0,,0,0,0,0,0,0,0,0,0,0,0,0,0,0,0,,0,0,0,0,0,0,0,0,0,0,0,0,0,0,0,,0,,0,,Blank,Blank,Blank,Blank,
,,Blank,Blank,,,Blank,Blank,13_Blank,,,,0,0,0,0,0,0,0,0,0,0,0,0,0,0,0,0,0,0,0,0,0,0,0,0,0,0,,0,0,0,0,0,0,0,0,0,0,0,0,0,0,0,,0,0,0,0,0,0,0,0,0,0,0,0,0,0,0,,0,,0,,Blank,Blank,Blank,Blank,
,,Blank,Blank,,,Blank,Blank,13_Blank,,,,0,0,0,0,0,0,0,0,0,0,0,0,0,0,0,0,0,0,0,0,0,0,0,0,0,0,,0,0,0,0,0,0,0,0,0,0,0,0,0,0,0,,0,0,0,0,0,0,0,0,0,0,0,0,0,0,0,,0,,0,,Blank,Blank,Blank,Blank,
,,Blank,Blank,,,Blank,Blank,13_Blank,,,,0,0,0,0,0,0,0,0,0,0,0,0,0,0,0,0,0,0,0,0,0,0,0,0,0,0,,0,0,0,0,0,0,0,0,0,0,0,0,0,0,0,,0,0,0,0,0,0,0,0,0,0,0,0,0,0,0,,0,,0,,Blank,Blank,Blank,Blank,
,,Blank,Blank,,,Blank,Blank,13_Blank,,,,0,0,0,0,0,0,0,0,0,0,0,0,0,0,0,0,0,0,0,0,0,0,0,0,0,0,,0,0,0,0,0,0,0,0,0,0,0,0,0,0,0,,0,0,0,0,0,0,0,0,0,0,0,0,0,0,0,,0,,0,,Blank,Blank,Blank,Blank,
,,Blank,Blank,,,Blank,Blank,13_Blank,,,,0,0,0,0,0,0,0,0,0,0,0,0,0,0,0,0,0,0,0,0,0,0,0,0,0,0,,0,0,0,0,0,0,0,0,0,0,0,0,0,0,0,,0,0,0,0,0,0,0,0,0,0,0,0,0,0,0,,0,,0,,Blank,Blank,Blank,Blank,
,,Blank,Blank,,,Blank,Blank,13_Blank,,,,0,0,0,0,0,0,0,0,0,0,0,0,0,0,0,0,0,0,0,0,0,0,0,0,0,0,,0,0,0,0,0,0,0,0,0,0,0,0,0,0,0,,0,0,0,0,0,0,0,0,0,0,0,0,0,0,0,,0,,0,,Blank,Blank,Blank,Blank,
,,Blank,Blank,,,Blank,Blank,13_Blank,,,,0,0,0,0,0,0,0,0,0,0,0,0,0,0,0,0,0,0,0,0,0,0,0,0,0,0,,0,0,0,0,0,0,0,0,0,0,0,0,0,0,0,,0,0,0,0,0,0,0,0,0,0,0,0,0,0,0,,0,,0,,Blank,Blank,Blank,Blank,
,,Blank,Blank,,,Blank,Blank,13_Blank,,,,0,0,0,0,0,0,0,0,0,0,0,0,0,0,0,0,0,0,0,0,0,0,0,0,0,0,,0,0,0,0,0,0,0,0,0,0,0,0,0,0,0,,0,0,0,0,0,0,0,0,0,0,0,0,0,0,0,,0,,0,,Blank,Blank,Blank,Blank,
,,Blank,Blank,,,Blank,Blank,13_Blank,,,,0,0,0,0,0,0,0,0,0,0,0,0,0,0,0,0,0,0,0,0,0,0,0,0,0,0,,0,0,0,0,0,0,0,0,0,0,0,0,0,0,0,,0,0,0,0,0,0,0,0,0,0,0,0,0,0,0,,0,,0,,Blank,Blank,Blank,Blank,
,,Blank,Blank,,,Blank,Blank,13_Blank,,,,0,0,0,0,0,0,0,0,0,0,0,0,0,0,0,0,0,0,0,0,0,0,0,0,0,0,,0,0,0,0,0,0,0,0,0,0,0,0,0,0,0,,0,0,0,0,0,0,0,0,0,0,0,0,0,0,0,,0,,0,,Blank,Blank,Blank,Blank,
,,Blank,Blank,,,Blank,Blank,13_Blank,,,,0,0,0,0,0,0,0,0,0,0,0,0,0,0,0,0,0,0,0,0,0,0,0,0,0,0,,0,0,0,0,0,0,0,0,0,0,0,0,0,0,0,,0,0,0,0,0,0,0,0,0,0,0,0,0,0,0,,0,,0,,Blank,Blank,Blank,Blank,
,,Blank,Blank,,,Blank,Blank,13_Blank,,,,0,0,0,0,0,0,0,0,0,0,0,0,0,0,0,0,0,0,0,0,0,0,0,0,0,0,,0,0,0,0,0,0,0,0,0,0,0,0,0,0,0,,0,0,0,0,0,0,0,0,0,0,0,0,0,0,0,,0,,0,,Blank,Blank,Blank,Blank,
,,Blank,Blank,,,Blank,Blank,13_Blank,,,,0,0,0,0,0,0,0,0,0,0,0,0,0,0,0,0,0,0,0,0,0,0,0,0,0,0,,0,0,0,0,0,0,0,0,0,0,0,0,0,0,0,,0,0,0,0,0,0,0,0,0,0,0,0,0,0,0,,0,,0,,Blank,Blank,Blank,Blank,
,,Blank,Blank,,,Blank,Blank,13_Blank,,,,0,0,0,0,0,0,0,0,0,0,0,0,0,0,0,0,0,0,0,0,0,0,0,0,0,0,,0,0,0,0,0,0,0,0,0,0,0,0,0,0,0,,0,0,0,0,0,0,0,0,0,0,0,0,0,0,0,,0,,0,,Blank,Blank,Blank,Blank,
,,Blank,Blank,,,Blank,Blank,13_Blank,,,,0,0,0,0,0,0,0,0,0,0,0,0,0,0,0,0,0,0,0,0,0,0,0,0,0,0,,0,0,0,0,0,0,0,0,0,0,0,0,0,0,0,,0,0,0,0,0,0,0,0,0,0,0,0,0,0,0,,0,,0,,Blank,Blank,Blank,Blank,
,,Blank,Blank,,,Blank,Blank,13_Blank,,,,0,0,0,0,0,0,0,0,0,0,0,0,0,0,0,0,0,0,0,0,0,0,0,0,0,0,,0,0,0,0,0,0,0,0,0,0,0,0,0,0,0,,0,0,0,0,0,0,0,0,0,0,0,0,0,0,0,,0,,0,,Blank,Blank,Blank,Blank,
,,Blank,Blank,,,Blank,Blank,13_Blank,,,,0,0,0,0,0,0,0,0,0,0,0,0,0,0,0,0,0,0,0,0,0,0,0,0,0,0,,0,0,0,0,0,0,0,0,0,0,0,0,0,0,0,,0,0,0,0,0,0,0,0,0,0,0,0,0,0,0,,0,,0,,Blank,Blank,Blank,Blank,
,,Blank,Blank,,,Blank,Blank,13_Blank,,,,0,0,0,0,0,0,0,0,0,0,0,0,0,0,0,0,0,0,0,0,0,0,0,0,0,0,,0,0,0,0,0,0,0,0,0,0,0,0,0,0,0,,0,0,0,0,0,0,0,0,0,0,0,0,0,0,0,,0,,0,,Blank,Blank,Blank,Blank,
,,Blank,Blank,,,Blank,Blank,13_Blank,,,,0,0,0,0,0,0,0,0,0,0,0,0,0,0,0,0,0,0,0,0,0,0,0,0,0,0,,0,0,0,0,0,0,0,0,0,0,0,0,0,0,0,,0,0,0,0,0,0,0,0,0,0,0,0,0,0,0,,0,,0,,Blank,Blank,Blank,Blank,
,,Blank,Blank,,,Blank,Blank,13_Blank,,,,0,0,0,0,0,0,0,0,0,0,0,0,0,0,0,0,0,0,0,0,0,0,0,0,0,0,,0,0,0,0,0,0,0,0,0,0,0,0,0,0,0,,0,0,0,0,0,0,0,0,0,0,0,0,0,0,0,,0,,0,,Blank,Blank,Blank,Blank,
,,Blank,Blank,,,Blank,Blank,13_Blank,,,,0,0,0,0,0,0,0,0,0,0,0,0,0,0,0,0,0,0,0,0,0,0,0,0,0,0,,0,0,0,0,0,0,0,0,0,0,0,0,0,0,0,,0,0,0,0,0,0,0,0,0,0,0,0,0,0,0,,0,,0,,Blank,Blank,Blank,Blank,
,,Blank,Blank,,,Blank,Blank,13_Blank,,,,0,0,0,0,0,0,0,0,0,0,0,0,0,0,0,0,0,0,0,0,0,0,0,0,0,0,,0,0,0,0,0,0,0,0,0,0,0,0,0,0,0,,0,0,0,0,0,0,0,0,0,0,0,0,0,0,0,,0,,0,,Blank,Blank,Blank,Blank,
,,Blank,Blank,,,Blank,Blank,13_Blank,,,,0,0,0,0,0,0,0,0,0,0,0,0,0,0,0,0,0,0,0,0,0,0,0,0,0,0,,0,0,0,0,0,0,0,0,0,0,0,0,0,0,0,,0,0,0,0,0,0,0,0,0,0,0,0,0,0,0,,0,,0,,Blank,Blank,Blank,Blank,
,,Blank,Blank,,,Blank,Blank,13_Blank,,,,0,0,0,0,0,0,0,0,0,0,0,0,0,0,0,0,0,0,0,0,0,0,0,0,0,0,,0,0,0,0,0,0,0,0,0,0,0,0,0,0,0,,0,0,0,0,0,0,0,0,0,0,0,0,0,0,0,,0,,0,,Blank,Blank,Blank,Blank,
,,Blank,Blank,,,Blank,Blank,13_Blank,,,,0,0,0,0,0,0,0,0,0,0,0,0,0,0,0,0,0,0,0,0,0,0,0,0,0,0,,0,0,0,0,0,0,0,0,0,0,0,0,0,0,0,,0,0,0,0,0,0,0,0,0,0,0,0,0,0,0,,0,,0,,Blank,Blank,Blank,Blank,
,,Blank,Blank,,,Blank,Blank,13_Blank,,,,0,0,0,0,0,0,0,0,0,0,0,0,0,0,0,0,0,0,0,0,0,0,0,0,0,0,,0,0,0,0,0,0,0,0,0,0,0,0,0,0,0,,0,0,0,0,0,0,0,0,0,0,0,0,0,0,0,,0,,0,,Blank,Blank,Blank,Blank,
,,Blank,Blank,,,Blank,Blank,13_Blank,,,,0,0,0,0,0,0,0,0,0,0,0,0,0,0,0,0,0,0,0,0,0,0,0,0,0,0,,0,0,0,0,0,0,0,0,0,0,0,0,0,0,0,,0,0,0,0,0,0,0,0,0,0,0,0,0,0,0,,0,,0,,Blank,Blank,Blank,Blank,
,,Blank,Blank,,,Blank,Blank,13_Blank,,,,0,0,0,0,0,0,0,0,0,0,0,0,0,0,0,0,0,0,0,0,0,0,0,0,0,0,,0,0,0,0,0,0,0,0,0,0,0,0,0,0,0,,0,0,0,0,0,0,0,0,0,0,0,0,0,0,0,,0,,0,,Blank,Blank,Blank,Blank,
,,Blank,Blank,,,Blank,Blank,13_Blank,,,,0,0,0,0,0,0,0,0,0,0,0,0,0,0,0,0,0,0,0,0,0,0,0,0,0,0,,0,0,0,0,0,0,0,0,0,0,0,0,0,0,0,,0,0,0,0,0,0,0,0,0,0,0,0,0,0,0,,0,,0,,Blank,Blank,Blank,Blank,
,,Blank,Blank,,,Blank,Blank,13_Blank,,,,0,0,0,0,0,0,0,0,0,0,0,0,0,0,0,0,0,0,0,0,0,0,0,0,0,0,,0,0,0,0,0,0,0,0,0,0,0,0,0,0,0,,0,0,0,0,0,0,0,0,0,0,0,0,0,0,0,,0,,0,,Blank,Blank,Blank,Blank,
,,Blank,Blank,,,Blank,Blank,13_Blank,,,,0,0,0,0,0,0,0,0,0,0,0,0,0,0,0,0,0,0,0,0,0,0,0,0,0,0,,0,0,0,0,0,0,0,0,0,0,0,0,0,0,0,,0,0,0,0,0,0,0,0,0,0,0,0,0,0,0,,0,,0,,Blank,Blank,Blank,Blank,
,,Blank,Blank,,,Blank,Blank,13_Blank,,,,0,0,0,0,0,0,0,0,0,0,0,0,0,0,0,0,0,0,0,0,0,0,0,0,0,0,,0,0,0,0,0,0,0,0,0,0,0,0,0,0,0,,0,0,0,0,0,0,0,0,0,0,0,0,0,0,0,,0,,0,,Blank,Blank,Blank,Blank,
,,Blank,Blank,,,Blank,Blank,13_Blank,,,,0,0,0,0,0,0,0,0,0,0,0,0,0,0,0,0,0,0,0,0,0,0,0,0,0,0,,0,0,0,0,0,0,0,0,0,0,0,0,0,0,0,,0,0,0,0,0,0,0,0,0,0,0,0,0,0,0,,0,,0,,Blank,Blank,Blank,Blank,
,,Blank,Blank,,,Blank,Blank,13_Blank,,,,0,0,0,0,0,0,0,0,0,0,0,0,0,0,0,0,0,0,0,0,0,0,0,0,0,0,,0,0,0,0,0,0,0,0,0,0,0,0,0,0,0,,0,0,0,0,0,0,0,0,0,0,0,0,0,0,0,,0,,0,,Blank,Blank,Blank,Blank,
,,Blank,Blank,,,Blank,Blank,13_Blank,,,,0,0,0,0,0,0,0,0,0,0,0,0,0,0,0,0,0,0,0,0,0,0,0,0,0,0,,0,0,0,0,0,0,0,0,0,0,0,0,0,0,0,,0,0,0,0,0,0,0,0,0,0,0,0,0,0,0,,0,,0,,Blank,Blank,Blank,Blank,
,,Blank,Blank,,,Blank,Blank,13_Blank,,,,0,0,0,0,0,0,0,0,0,0,0,0,0,0,0,0,0,0,0,0,0,0,0,0,0,0,,0,0,0,0,0,0,0,0,0,0,0,0,0,0,0,,0,0,0,0,0,0,0,0,0,0,0,0,0,0,0,,0,,0,,Blank,Blank,Blank,Blank,
,,Blank,Blank,,,Blank,Blank,13_Blank,,,,0,0,0,0,0,0,0,0,0,0,0,0,0,0,0,0,0,0,0,0,0,0,0,0,0,0,,0,0,0,0,0,0,0,0,0,0,0,0,0,0,0,,0,0,0,0,0,0,0,0,0,0,0,0,0,0,0,,0,,0,,Blank,Blank,Blank,Blank,
,,Blank,Blank,,,Blank,Blank,13_Blank,,,,0,0,0,0,0,0,0,0,0,0,0,0,0,0,0,0,0,0,0,0,0,0,0,0,0,0,,0,0,0,0,0,0,0,0,0,0,0,0,0,0,0,,0,0,0,0,0,0,0,0,0,0,0,0,0,0,0,,0,,0,,Blank,Blank,Blank,Blank,
,,Blank,Blank,,,Blank,Blank,13_Blank,,,,0,0,0,0,0,0,0,0,0,0,0,0,0,0,0,0,0,0,0,0,0,0,0,0,0,0,,0,0,0,0,0,0,0,0,0,0,0,0,0,0,0,,0,0,0,0,0,0,0,0,0,0,0,0,0,0,0,,0,,0,,Blank,Blank,Blank,Blank,
,,Blank,Blank,,,Blank,Blank,13_Blank,,,,0,0,0,0,0,0,0,0,0,0,0,0,0,0,0,0,0,0,0,0,0,0,0,0,0,0,,0,0,0,0,0,0,0,0,0,0,0,0,0,0,0,,0,0,0,0,0,0,0,0,0,0,0,0,0,0,0,,0,,0,,Blank,Blank,Blank,Blank,
,,Blank,Blank,,,Blank,Blank,13_Blank,,,,0,0,0,0,0,0,0,0,0,0,0,0,0,0,0,0,0,0,0,0,0,0,0,0,0,0,,0,0,0,0,0,0,0,0,0,0,0,0,0,0,0,,0,0,0,0,0,0,0,0,0,0,0,0,0,0,0,,0,,0,,Blank,Blank,Blank,Blank,
,,Blank,Blank,,,Blank,Blank,13_Blank,,,,0,0,0,0,0,0,0,0,0,0,0,0,0,0,0,0,0,0,0,0,0,0,0,0,0,0,,0,0,0,0,0,0,0,0,0,0,0,0,0,0,0,,0,0,0,0,0,0,0,0,0,0,0,0,0,0,0,,0,,0,,Blank,Blank,Blank,Blank,
,,Blank,Blank,,,Blank,Blank,13_Blank,,,,0,0,0,0,0,0,0,0,0,0,0,0,0,0,0,0,0,0,0,0,0,0,0,0,0,0,,0,0,0,0,0,0,0,0,0,0,0,0,0,0,0,,0,0,0,0,0,0,0,0,0,0,0,0,0,0,0,,0,,0,,Blank,Blank,Blank,Blank,
,,Blank,Blank,,,Blank,Blank,13_Blank,,,,0,0,0,0,0,0,0,0,0,0,0,0,0,0,0,0,0,0,0,0,0,0,0,0,0,0,,0,0,0,0,0,0,0,0,0,0,0,0,0,0,0,,0,0,0,0,0,0,0,0,0,0,0,0,0,0,0,,0,,0,,Blank,Blank,Blank,Blank,
,,Blank,Blank,,,Blank,Blank,13_Blank,,,,0,0,0,0,0,0,0,0,0,0,0,0,0,0,0,0,0,0,0,0,0,0,0,0,0,0,,0,0,0,0,0,0,0,0,0,0,0,0,0,0,0,,0,0,0,0,0,0,0,0,0,0,0,0,0,0,0,,0,,0,,Blank,Blank,Blank,Blank,
,,Blank,Blank,,,Blank,Blank,13_Blank,,,,0,0,0,0,0,0,0,0,0,0,0,0,0,0,0,0,0,0,0,0,0,0,0,0,0,0,,0,0,0,0,0,0,0,0,0,0,0,0,0,0,0,,0,0,0,0,0,0,0,0,0,0,0,0,0,0,0,,0,,0,,Blank,Blank,Blank,Blank,
,,Blank,Blank,,,Blank,Blank,13_Blank,,,,0,0,0,0,0,0,0,0,0,0,0,0,0,0,0,0,0,0,0,0,0,0,0,0,0,0,,0,0,0,0,0,0,0,0,0,0,0,0,0,0,0,,0,0,0,0,0,0,0,0,0,0,0,0,0,0,0,,0,,0,,Blank,Blank,Blank,Blank,
,,Blank,Blank,,,Blank,Blank,13_Blank,,,,0,0,0,0,0,0,0,0,0,0,0,0,0,0,0,0,0,0,0,0,0,0,0,0,0,0,,0,0,0,0,0,0,0,0,0,0,0,0,0,0,0,,0,0,0,0,0,0,0,0,0,0,0,0,0,0,0,,0,,0,,Blank,Blank,Blank,Blank,
,,Blank,Blank,,,Blank,Blank,13_Blank,,,,0,0,0,0,0,0,0,0,0,0,0,0,0,0,0,0,0,0,0,0,0,0,0,0,0,0,,0,0,0,0,0,0,0,0,0,0,0,0,0,0,0,,0,0,0,0,0,0,0,0,0,0,0,0,0,0,0,,0,,0,,Blank,Blank,Blank,Blank,
,,Blank,Blank,,,Blank,Blank,13_Blank,,,,0,0,0,0,0,0,0,0,0,0,0,0,0,0,0,0,0,0,0,0,0,0,0,0,0,0,,0,0,0,0,0,0,0,0,0,0,0,0,0,0,0,,0,0,0,0,0,0,0,0,0,0,0,0,0,0,0,,0,,0,,Blank,Blank,Blank,Blank,
,,Blank,Blank,,,Blank,Blank,13_Blank,,,,0,0,0,0,0,0,0,0,0,0,0,0,0,0,0,0,0,0,0,0,0,0,0,0,0,0,,0,0,0,0,0,0,0,0,0,0,0,0,0,0,0,,0,0,0,0,0,0,0,0,0,0,0,0,0,0,0,,0,,0,,Blank,Blank,Blank,Blank,
,,Blank,Blank,,,Blank,Blank,13_Blank,,,,0,0,0,0,0,0,0,0,0,0,0,0,0,0,0,0,0,0,0,0,0,0,0,0,0,0,,0,0,0,0,0,0,0,0,0,0,0,0,0,0,0,,0,0,0,0,0,0,0,0,0,0,0,0,0,0,0,,0,,0,,Blank,Blank,Blank,Blank,
,,Blank,Blank,,,Blank,Blank,13_Blank,,,,0,0,0,0,0,0,0,0,0,0,0,0,0,0,0,0,0,0,0,0,0,0,0,0,0,0,,0,0,0,0,0,0,0,0,0,0,0,0,0,0,0,,0,0,0,0,0,0,0,0,0,0,0,0,0,0,0,,0,,0,,Blank,Blank,Blank,Blank,
,,Blank,Blank,,,Blank,Blank,13_Blank,,,,0,0,0,0,0,0,0,0,0,0,0,0,0,0,0,0,0,0,0,0,0,0,0,0,0,0,,0,0,0,0,0,0,0,0,0,0,0,0,0,0,0,,0,0,0,0,0,0,0,0,0,0,0,0,0,0,0,,0,,0,,Blank,Blank,Blank,Blank,
,,Blank,Blank,,,Blank,Blank,13_Blank,,,,0,0,0,0,0,0,0,0,0,0,0,0,0,0,0,0,0,0,0,0,0,0,0,0,0,0,,0,0,0,0,0,0,0,0,0,0,0,0,0,0,0,,0,0,0,0,0,0,0,0,0,0,0,0,0,0,0,,0,,0,,Blank,Blank,Blank,Blank,
,,Blank,Blank,,,Blank,Blank,13_Blank,,,,0,0,0,0,0,0,0,0,0,0,0,0,0,0,0,0,0,0,0,0,0,0,0,0,0,0,,0,0,0,0,0,0,0,0,0,0,0,0,0,0,0,,0,0,0,0,0,0,0,0,0,0,0,0,0,0,0,,0,,0,,Blank,Blank,Blank,Blank,
,,Blank,Blank,,,Blank,Blank,13_Blank,,,,0,0,0,0,0,0,0,0,0,0,0,0,0,0,0,0,0,0,0,0,0,0,0,0,0,0,,0,0,0,0,0,0,0,0,0,0,0,0,0,0,0,,0,0,0,0,0,0,0,0,0,0,0,0,0,0,0,,0,,0,,Blank,Blank,Blank,Blank,
,,Blank,Blank,,,Blank,Blank,13_Blank,,,,0,0,0,0,0,0,0,0,0,0,0,0,0,0,0,0,0,0,0,0,0,0,0,0,0,0,,0,0,0,0,0,0,0,0,0,0,0,0,0,0,0,,0,0,0,0,0,0,0,0,0,0,0,0,0,0,0,,0,,0,,Blank,Blank,Blank,Blank,
,,Blank,Blank,,,Blank,Blank,13_Blank,,,,0,0,0,0,0,0,0,0,0,0,0,0,0,0,0,0,0,0,0,0,0,0,0,0,0,0,,0,0,0,0,0,0,0,0,0,0,0,0,0,0,0,,0,0,0,0,0,0,0,0,0,0,0,0,0,0,0,,0,,0,,Blank,Blank,Blank,Blank,
,,Blank,Blank,,,Blank,Blank,13_Blank,,,,0,0,0,0,0,0,0,0,0,0,0,0,0,0,0,0,0,0,0,0,0,0,0,0,0,0,,0,0,0,0,0,0,0,0,0,0,0,0,0,0,0,,0,0,0,0,0,0,0,0,0,0,0,0,0,0,0,,0,,0,,Blank,Blank,Blank,Blank,
,,Blank,Blank,,,Blank,Blank,13_Blank,,,,0,0,0,0,0,0,0,0,0,0,0,0,0,0,0,0,0,0,0,0,0,0,0,0,0,0,,0,0,0,0,0,0,0,0,0,0,0,0,0,0,0,,0,0,0,0,0,0,0,0,0,0,0,0,0,0,0,,0,,0,,Blank,Blank,Blank,Blank,
,,Blank,Blank,,,Blank,Blank,13_Blank,,,,0,0,0,0,0,0,0,0,0,0,0,0,0,0,0,0,0,0,0,0,0,0,0,0,0,0,,0,0,0,0,0,0,0,0,0,0,0,0,0,0,0,,0,0,0,0,0,0,0,0,0,0,0,0,0,0,0,,0,,0,,Blank,Blank,Blank,Blank,
,,Blank,Blank,,,Blank,Blank,13_Blank,,,,0,0,0,0,0,0,0,0,0,0,0,0,0,0,0,0,0,0,0,0,0,0,0,0,0,0,,0,0,0,0,0,0,0,0,0,0,0,0,0,0,0,,0,0,0,0,0,0,0,0,0,0,0,0,0,0,0,,0,,0,,Blank,Blank,Blank,Blank,
,,Blank,Blank,,,Blank,Blank,13_Blank,,,,0,0,0,0,0,0,0,0,0,0,0,0,0,0,0,0,0,0,0,0,0,0,0,0,0,0,,0,0,0,0,0,0,0,0,0,0,0,0,0,0,0,,0,0,0,0,0,0,0,0,0,0,0,0,0,0,0,,0,,0,,Blank,Blank,Blank,Blank,
,,Blank,Blank,,,Blank,Blank,13_Blank,,,,0,0,0,0,0,0,0,0,0,0,0,0,0,0,0,0,0,0,0,0,0,0,0,0,0,0,,0,0,0,0,0,0,0,0,0,0,0,0,0,0,0,,0,0,0,0,0,0,0,0,0,0,0,0,0,0,0,,0,,0,,Blank,Blank,Blank,Blank,
,,Blank,Blank,,,Blank,Blank,13_Blank,,,,0,0,0,0,0,0,0,0,0,0,0,0,0,0,0,0,0,0,0,0,0,0,0,0,0,0,,0,0,0,0,0,0,0,0,0,0,0,0,0,0,0,,0,0,0,0,0,0,0,0,0,0,0,0,0,0,0,,0,,0,,Blank,Blank,Blank,Blank,
,,Blank,Blank,,,Blank,Blank,13_Blank,,,,0,0,0,0,0,0,0,0,0,0,0,0,0,0,0,0,0,0,0,0,0,0,0,0,0,0,,0,0,0,0,0,0,0,0,0,0,0,0,0,0,0,,0,0,0,0,0,0,0,0,0,0,0,0,0,0,0,,0,,0,,Blank,Blank,Blank,Blank,
,,Blank,Blank,,,Blank,Blank,13_Blank,,,,0,0,0,0,0,0,0,0,0,0,0,0,0,0,0,0,0,0,0,0,0,0,0,0,0,0,,0,0,0,0,0,0,0,0,0,0,0,0,0,0,0,,0,0,0,0,0,0,0,0,0,0,0,0,0,0,0,,0,,0,,Blank,Blank,Blank,Blank,
,,Blank,Blank,,,Blank,Blank,13_Blank,,,,0,0,0,0,0,0,0,0,0,0,0,0,0,0,0,0,0,0,0,0,0,0,0,0,0,0,,0,0,0,0,0,0,0,0,0,0,0,0,0,0,0,,0,0,0,0,0,0,0,0,0,0,0,0,0,0,0,,0,,0,,Blank,Blank,Blank,Blank,
,,Blank,Blank,,,Blank,Blank,13_Blank,,,,0,0,0,0,0,0,0,0,0,0,0,0,0,0,0,0,0,0,0,0,0,0,0,0,0,0,,0,0,0,0,0,0,0,0,0,0,0,0,0,0,0,,0,0,0,0,0,0,0,0,0,0,0,0,0,0,0,,0,,0,,Blank,Blank,Blank,Blank,
,,Blank,Blank,,,Blank,Blank,13_Blank,,,,0,0,0,0,0,0,0,0,0,0,0,0,0,0,0,0,0,0,0,0,0,0,0,0,0,0,,0,0,0,0,0,0,0,0,0,0,0,0,0,0,0,,0,0,0,0,0,0,0,0,0,0,0,0,0,0,0,,0,,0,,Blank,Blank,Blank,Blank,
,,Blank,Blank,,,Blank,Blank,13_Blank,,,,0,0,0,0,0,0,0,0,0,0,0,0,0,0,0,0,0,0,0,0,0,0,0,0,0,0,,0,0,0,0,0,0,0,0,0,0,0,0,0,0,0,,0,0,0,0,0,0,0,0,0,0,0,0,0,0,0,,0,,0,,Blank,Blank,Blank,Blank,
,,Blank,Blank,,,Blank,Blank,13_Blank,,,,0,0,0,0,0,0,0,0,0,0,0,0,0,0,0,0,0,0,0,0,0,0,0,0,0,0,,0,0,0,0,0,0,0,0,0,0,0,0,0,0,0,,0,0,0,0,0,0,0,0,0,0,0,0,0,0,0,,0,,0,,Blank,Blank,Blank,Blank,
,,Blank,Blank,,,Blank,Blank,13_Blank,,,,0,0,0,0,0,0,0,0,0,0,0,0,0,0,0,0,0,0,0,0,0,0,0,0,0,0,,0,0,0,0,0,0,0,0,0,0,0,0,0,0,0,,0,0,0,0,0,0,0,0,0,0,0,0,0,0,0,,0,,0,,Blank,Blank,Blank,Blank,
,,Blank,Blank,,,Blank,Blank,13_Blank,,,,0,0,0,0,0,0,0,0,0,0,0,0,0,0,0,0,0,0,0,0,0,0,0,0,0,0,,0,0,0,0,0,0,0,0,0,0,0,0,0,0,0,,0,0,0,0,0,0,0,0,0,0,0,0,0,0,0,,0,,0,,Blank,Blank,Blank,Blank,
,,Blank,Blank,,,Blank,Blank,13_Blank,,,,0,0,0,0,0,0,0,0,0,0,0,0,0,0,0,0,0,0,0,0,0,0,0,0,0,0,,0,0,0,0,0,0,0,0,0,0,0,0,0,0,0,,0,0,0,0,0,0,0,0,0,0,0,0,0,0,0,,0,,0,,Blank,Blank,Blank,Blank,
,,Blank,Blank,,,Blank,Blank,13_Blank,,,,0,0,0,0,0,0,0,0,0,0,0,0,0,0,0,0,0,0,0,0,0,0,0,0,0,0,,0,0,0,0,0,0,0,0,0,0,0,0,0,0,0,,0,0,0,0,0,0,0,0,0,0,0,0,0,0,0,,0,,0,,Blank,Blank,Blank,Blank,
,,Blank,Blank,,,Blank,Blank,13_Blank,,,,0,0,0,0,0,0,0,0,0,0,0,0,0,0,0,0,0,0,0,0,0,0,0,0,0,0,,0,0,0,0,0,0,0,0,0,0,0,0,0,0,0,,0,0,0,0,0,0,0,0,0,0,0,0,0,0,0,,0,,0,,Blank,Blank,Blank,Blank,
,,Blank,Blank,,,Blank,Blank,13_Blank,,,,0,0,0,0,0,0,0,0,0,0,0,0,0,0,0,0,0,0,0,0,0,0,0,0,0,0,,0,0,0,0,0,0,0,0,0,0,0,0,0,0,0,,0,0,0,0,0,0,0,0,0,0,0,0,0,0,0,,0,,0,,Blank,Blank,Blank,Blank,
,,Blank,Blank,,,Blank,Blank,13_Blank,,,,0,0,0,0,0,0,0,0,0,0,0,0,0,0,0,0,0,0,0,0,0,0,0,0,0,0,,0,0,0,0,0,0,0,0,0,0,0,0,0,0,0,,0,0,0,0,0,0,0,0,0,0,0,0,0,0,0,,0,,0,,Blank,Blank,Blank,Blank,
,,Blank,Blank,,,Blank,Blank,13_Blank,,,,0,0,0,0,0,0,0,0,0,0,0,0,0,0,0,0,0,0,0,0,0,0,0,0,0,0,,0,0,0,0,0,0,0,0,0,0,0,0,0,0,0,,0,0,0,0,0,0,0,0,0,0,0,0,0,0,0,,0,,0,,Blank,Blank,Blank,Blank,
,,Blank,Blank,,,Blank,Blank,13_Blank,,,,0,0,0,0,0,0,0,0,0,0,0,0,0,0,0,0,0,0,0,0,0,0,0,0,0,0,,0,0,0,0,0,0,0,0,0,0,0,0,0,0,0,,0,0,0,0,0,0,0,0,0,0,0,0,0,0,0,,0,,0,,Blank,Blank,Blank,Blank,
,,Blank,Blank,,,Blank,Blank,13_Blank,,,,0,0,0,0,0,0,0,0,0,0,0,0,0,0,0,0,0,0,0,0,0,0,0,0,0,0,,0,0,0,0,0,0,0,0,0,0,0,0,0,0,0,,0,0,0,0,0,0,0,0,0,0,0,0,0,0,0,,0,,0,,Blank,Blank,Blank,Blank,
,,Blank,Blank,,,Blank,Blank,13_Blank,,,,0,0,0,0,0,0,0,0,0,0,0,0,0,0,0,0,0,0,0,0,0,0,0,0,0,0,,0,0,0,0,0,0,0,0,0,0,0,0,0,0,0,,0,0,0,0,0,0,0,0,0,0,0,0,0,0,0,,0,,0,,Blank,Blank,Blank,Blank,
,,Blank,Blank,,,Blank,Blank,13_Blank,,,,0,0,0,0,0,0,0,0,0,0,0,0,0,0,0,0,0,0,0,0,0,0,0,0,0,0,,0,0,0,0,0,0,0,0,0,0,0,0,0,0,0,,0,0,0,0,0,0,0,0,0,0,0,0,0,0,0,,0,,0,,Blank,Blank,Blank,Blank,
,,Blank,Blank,,,Blank,Blank,13_Blank,,,,0,0,0,0,0,0,0,0,0,0,0,0,0,0,0,0,0,0,0,0,0,0,0,0,0,0,,0,0,0,0,0,0,0,0,0,0,0,0,0,0,0,,0,0,0,0,0,0,0,0,0,0,0,0,0,0,0,,0,,0,,Blank,Blank,Blank,Blank,
,,Blank,Blank,,,Blank,Blank,13_Blank,,,,0,0,0,0,0,0,0,0,0,0,0,0,0,0,0,0,0,0,0,0,0,0,0,0,0,0,,0,0,0,0,0,0,0,0,0,0,0,0,0,0,0,,0,0,0,0,0,0,0,0,0,0,0,0,0,0,0,,0,,0,,Blank,Blank,Blank,Blank,
,,Blank,Blank,,,Blank,Blank,13_Blank,,,,0,0,0,0,0,0,0,0,0,0,0,0,0,0,0,0,0,0,0,0,0,0,0,0,0,0,,0,0,0,0,0,0,0,0,0,0,0,0,0,0,0,,0,0,0,0,0,0,0,0,0,0,0,0,0,0,0,,0,,0,,Blank,Blank,Blank,Blank,
,,Blank,Blank,,,Blank,Blank,13_Blank,,,,0,0,0,0,0,0,0,0,0,0,0,0,0,0,0,0,0,0,0,0,0,0,0,0,0,0,,0,0,0,0,0,0,0,0,0,0,0,0,0,0,0,,0,0,0,0,0,0,0,0,0,0,0,0,0,0,0,,0,,0,,Blank,Blank,Blank,Blank,
,,Blank,Blank,,,Blank,Blank,13_Blank,,,,0,0,0,0,0,0,0,0,0,0,0,0,0,0,0,0,0,0,0,0,0,0,0,0,0,0,,0,0,0,0,0,0,0,0,0,0,0,0,0,0,0,,0,0,0,0,0,0,0,0,0,0,0,0,0,0,0,,0,,0,,Blank,Blank,Blank,Blank,
,,Blank,Blank,,,Blank,Blank,13_Blank,,,,0,0,0,0,0,0,0,0,0,0,0,0,0,0,0,0,0,0,0,0,0,0,0,0,0,0,,0,0,0,0,0,0,0,0,0,0,0,0,0,0,0,,0,0,0,0,0,0,0,0,0,0,0,0,0,0,0,,0,,0,,Blank,Blank,Blank,Blank,
,,Blank,Blank,,,Blank,Blank,13_Blank,,,,0,0,0,0,0,0,0,0,0,0,0,0,0,0,0,0,0,0,0,0,0,0,0,0,0,0,,0,0,0,0,0,0,0,0,0,0,0,0,0,0,0,,0,0,0,0,0,0,0,0,0,0,0,0,0,0,0,,0,,0,,Blank,Blank,Blank,Blank,
,,Blank,Blank,,,Blank,Blank,13_Blank,,,,0,0,0,0,0,0,0,0,0,0,0,0,0,0,0,0,0,0,0,0,0,0,0,0,0,0,,0,0,0,0,0,0,0,0,0,0,0,0,0,0,0,,0,0,0,0,0,0,0,0,0,0,0,0,0,0,0,,0,,0,,Blank,Blank,Blank,Blank,
,,Blank,Blank,,,Blank,Blank,13_Blank,,,,0,0,0,0,0,0,0,0,0,0,0,0,0,0,0,0,0,0,0,0,0,0,0,0,0,0,,0,0,0,0,0,0,0,0,0,0,0,0,0,0,0,,0,0,0,0,0,0,0,0,0,0,0,0,0,0,0,,0,,0,,Blank,Blank,Blank,Blank,
,,Blank,Blank,,,Blank,Blank,13_Blank,,,,0,0,0,0,0,0,0,0,0,0,0,0,0,0,0,0,0,0,0,0,0,0,0,0,0,0,,0,0,0,0,0,0,0,0,0,0,0,0,0,0,0,,0,0,0,0,0,0,0,0,0,0,0,0,0,0,0,,0,,0,,Blank,Blank,Blank,Blank,
,,Blank,Blank,,,Blank,Blank,13_Blank,,,,0,0,0,0,0,0,0,0,0,0,0,0,0,0,0,0,0,0,0,0,0,0,0,0,0,0,,0,0,0,0,0,0,0,0,0,0,0,0,0,0,0,,0,0,0,0,0,0,0,0,0,0,0,0,0,0,0,,0,,0,,Blank,Blank,Blank,Blank,
,,Blank,Blank,,,Blank,Blank,13_Blank,,,,0,0,0,0,0,0,0,0,0,0,0,0,0,0,0,0,0,0,0,0,0,0,0,0,0,0,,0,0,0,0,0,0,0,0,0,0,0,0,0,0,0,,0,0,0,0,0,0,0,0,0,0,0,0,0,0,0,,0,,0,,Blank,Blank,Blank,Blank,
,,Blank,Blank,,,Blank,Blank,13_Blank,,,,0,0,0,0,0,0,0,0,0,0,0,0,0,0,0,0,0,0,0,0,0,0,0,0,0,0,,0,0,0,0,0,0,0,0,0,0,0,0,0,0,0,,0,0,0,0,0,0,0,0,0,0,0,0,0,0,0,,0,,0,,Blank,Blank,Blank,Blank,
,,Blank,Blank,,,Blank,Blank,13_Blank,,,,0,0,0,0,0,0,0,0,0,0,0,0,0,0,0,0,0,0,0,0,0,0,0,0,0,0,,0,0,0,0,0,0,0,0,0,0,0,0,0,0,0,,0,0,0,0,0,0,0,0,0,0,0,0,0,0,0,,0,,0,,Blank,Blank,Blank,Blank,
,,Blank,Blank,,,Blank,Blank,13_Blank,,,,0,0,0,0,0,0,0,0,0,0,0,0,0,0,0,0,0,0,0,0,0,0,0,0,0,0,,0,0,0,0,0,0,0,0,0,0,0,0,0,0,0,,0,0,0,0,0,0,0,0,0,0,0,0,0,0,0,,0,,0,,Blank,Blank,Blank,Blank,
,,Blank,Blank,,,Blank,Blank,13_Blank,,,,0,0,0,0,0,0,0,0,0,0,0,0,0,0,0,0,0,0,0,0,0,0,0,0,0,0,,0,0,0,0,0,0,0,0,0,0,0,0,0,0,0,,0,0,0,0,0,0,0,0,0,0,0,0,0,0,0,,0,,0,,Blank,Blank,Blank,Blank,
,,Blank,Blank,,,Blank,Blank,13_Blank,,,,0,0,0,0,0,0,0,0,0,0,0,0,0,0,0,0,0,0,0,0,0,0,0,0,0,0,,0,0,0,0,0,0,0,0,0,0,0,0,0,0,0,,0,0,0,0,0,0,0,0,0,0,0,0,0,0,0,,0,,0,,Blank,Blank,Blank,Blank,
,,Blank,Blank,,,Blank,Blank,13_Blank,,,,0,0,0,0,0,0,0,0,0,0,0,0,0,0,0,0,0,0,0,0,0,0,0,0,0,0,,0,0,0,0,0,0,0,0,0,0,0,0,0,0,0,,0,0,0,0,0,0,0,0,0,0,0,0,0,0,0,,0,,0,,Blank,Blank,Blank,Blank,
,,Blank,Blank,,,Blank,Blank,13_Blank,,,,0,0,0,0,0,0,0,0,0,0,0,0,0,0,0,0,0,0,0,0,0,0,0,0,0,0,,0,0,0,0,0,0,0,0,0,0,0,0,0,0,0,,0,0,0,0,0,0,0,0,0,0,0,0,0,0,0,,0,,0,,Blank,Blank,Blank,Blank,
,,Blank,Blank,,,Blank,Blank,13_Blank,,,,0,0,0,0,0,0,0,0,0,0,0,0,0,0,0,0,0,0,0,0,0,0,0,0,0,0,,0,0,0,0,0,0,0,0,0,0,0,0,0,0,0,,0,0,0,0,0,0,0,0,0,0,0,0,0,0,0,,0,,0,,Blank,Blank,Blank,Blank,
,,Blank,Blank,,,Blank,Blank,13_Blank,,,,0,0,0,0,0,0,0,0,0,0,0,0,0,0,0,0,0,0,0,0,0,0,0,0,0,0,,0,0,0,0,0,0,0,0,0,0,0,0,0,0,0,,0,0,0,0,0,0,0,0,0,0,0,0,0,0,0,,0,,0,,Blank,Blank,Blank,Blank,
,,Blank,Blank,,,Blank,Blank,13_Blank,,,,0,0,0,0,0,0,0,0,0,0,0,0,0,0,0,0,0,0,0,0,0,0,0,0,0,0,,0,0,0,0,0,0,0,0,0,0,0,0,0,0,0,,0,0,0,0,0,0,0,0,0,0,0,0,0,0,0,,0,,0,,Blank,Blank,Blank,Blank,
,,Blank,Blank,,,Blank,Blank,13_Blank,,,,0,0,0,0,0,0,0,0,0,0,0,0,0,0,0,0,0,0,0,0,0,0,0,0,0,0,,0,0,0,0,0,0,0,0,0,0,0,0,0,0,0,,0,0,0,0,0,0,0,0,0,0,0,0,0,0,0,,0,,0,,Blank,Blank,Blank,Blank,
,,Blank,Blank,,,Blank,Blank,13_Blank,,,,0,0,0,0,0,0,0,0,0,0,0,0,0,0,0,0,0,0,0,0,0,0,0,0,0,0,,0,0,0,0,0,0,0,0,0,0,0,0,0,0,0,,0,0,0,0,0,0,0,0,0,0,0,0,0,0,0,,0,,0,,Blank,Blank,Blank,Blank,
,,Blank,Blank,,,Blank,Blank,13_Blank,,,,0,0,0,0,0,0,0,0,0,0,0,0,0,0,0,0,0,0,0,0,0,0,0,0,0,0,,0,0,0,0,0,0,0,0,0,0,0,0,0,0,0,,0,0,0,0,0,0,0,0,0,0,0,0,0,0,0,,0,,0,,Blank,Blank,Blank,Blank,
,,Blank,Blank,,,Blank,Blank,13_Blank,,,,0,0,0,0,0,0,0,0,0,0,0,0,0,0,0,0,0,0,0,0,0,0,0,0,0,0,,0,0,0,0,0,0,0,0,0,0,0,0,0,0,0,,0,0,0,0,0,0,0,0,0,0,0,0,0,0,0,,0,,0,,Blank,Blank,Blank,Blank,
,,Blank,Blank,,,Blank,Blank,13_Blank,,,,0,0,0,0,0,0,0,0,0,0,0,0,0,0,0,0,0,0,0,0,0,0,0,0,0,0,,0,0,0,0,0,0,0,0,0,0,0,0,0,0,0,,0,0,0,0,0,0,0,0,0,0,0,0,0,0,0,,0,,0,,Blank,Blank,Blank,Blank,
,,Blank,Blank,,,Blank,Blank,13_Blank,,,,0,0,0,0,0,0,0,0,0,0,0,0,0,0,0,0,0,0,0,0,0,0,0,0,0,0,,0,0,0,0,0,0,0,0,0,0,0,0,0,0,0,,0,0,0,0,0,0,0,0,0,0,0,0,0,0,0,,0,,0,,Blank,Blank,Blank,Blank,
,,Blank,Blank,,,Blank,Blank,13_Blank,,,,0,0,0,0,0,0,0,0,0,0,0,0,0,0,0,0,0,0,0,0,0,0,0,0,0,0,,0,0,0,0,0,0,0,0,0,0,0,0,0,0,0,,0,0,0,0,0,0,0,0,0,0,0,0,0,0,0,,0,,0,,Blank,Blank,Blank,Blank,
,,Blank,Blank,,,Blank,Blank,13_Blank,,,,0,0,0,0,0,0,0,0,0,0,0,0,0,0,0,0,0,0,0,0,0,0,0,0,0,0,,0,0,0,0,0,0,0,0,0,0,0,0,0,0,0,,0,0,0,0,0,0,0,0,0,0,0,0,0,0,0,,0,,0,,Blank,Blank,Blank,Blank,
,,Blank,Blank,,,Blank,Blank,13_Blank,,,,0,0,0,0,0,0,0,0,0,0,0,0,0,0,0,0,0,0,0,0,0,0,0,0,0,0,,0,0,0,0,0,0,0,0,0,0,0,0,0,0,0,,0,0,0,0,0,0,0,0,0,0,0,0,0,0,0,,0,,0,,Blank,Blank,Blank,Blank,
,,Blank,Blank,,,Blank,Blank,13_Blank,,,,0,0,0,0,0,0,0,0,0,0,0,0,0,0,0,0,0,0,0,0,0,0,0,0,0,0,,0,0,0,0,0,0,0,0,0,0,0,0,0,0,0,,0,0,0,0,0,0,0,0,0,0,0,0,0,0,0,,0,,0,,Blank,Blank,Blank,Blank,
,,Blank,Blank,,,Blank,Blank,13_Blank,,,,0,0,0,0,0,0,0,0,0,0,0,0,0,0,0,0,0,0,0,0,0,0,0,0,0,0,,0,0,0,0,0,0,0,0,0,0,0,0,0,0,0,,0,0,0,0,0,0,0,0,0,0,0,0,0,0,0,,0,,0,,Blank,Blank,Blank,Blank,
,,Blank,Blank,,,Blank,Blank,13_Blank,,,,0,0,0,0,0,0,0,0,0,0,0,0,0,0,0,0,0,0,0,0,0,0,0,0,0,0,,0,0,0,0,0,0,0,0,0,0,0,0,0,0,0,,0,0,0,0,0,0,0,0,0,0,0,0,0,0,0,,0,,0,,Blank,Blank,Blank,Blank,
,,Blank,Blank,,,Blank,Blank,13_Blank,,,,0,0,0,0,0,0,0,0,0,0,0,0,0,0,0,0,0,0,0,0,0,0,0,0,0,0,,0,0,0,0,0,0,0,0,0,0,0,0,0,0,0,,0,0,0,0,0,0,0,0,0,0,0,0,0,0,0,,0,,0,,Blank,Blank,Blank,Blank,
,,Blank,Blank,,,Blank,Blank,13_Blank,,,,0,0,0,0,0,0,0,0,0,0,0,0,0,0,0,0,0,0,0,0,0,0,0,0,0,0,,0,0,0,0,0,0,0,0,0,0,0,0,0,0,0,,0,0,0,0,0,0,0,0,0,0,0,0,0,0,0,,0,,0,,Blank,Blank,Blank,Blank,
,,Blank,Blank,,,Blank,Blank,13_Blank,,,,0,0,0,0,0,0,0,0,0,0,0,0,0,0,0,0,0,0,0,0,0,0,0,0,0,0,,0,0,0,0,0,0,0,0,0,0,0,0,0,0,0,,0,0,0,0,0,0,0,0,0,0,0,0,0,0,0,,0,,0,,Blank,Blank,Blank,Blank,
,,Blank,Blank,,,Blank,Blank,13_Blank,,,,0,0,0,0,0,0,0,0,0,0,0,0,0,0,0,0,0,0,0,0,0,0,0,0,0,0,,0,0,0,0,0,0,0,0,0,0,0,0,0,0,0,,0,0,0,0,0,0,0,0,0,0,0,0,0,0,0,,0,,0,,Blank,Blank,Blank,Blank,
,,Blank,Blank,,,Blank,Blank,13_Blank,,,,0,0,0,0,0,0,0,0,0,0,0,0,0,0,0,0,0,0,0,0,0,0,0,0,0,0,,0,0,0,0,0,0,0,0,0,0,0,0,0,0,0,,0,0,0,0,0,0,0,0,0,0,0,0,0,0,0,,0,,0,,Blank,Blank,Blank,Blank,
,,Blank,Blank,,,Blank,Blank,13_Blank,,,,0,0,0,0,0,0,0,0,0,0,0,0,0,0,0,0,0,0,0,0,0,0,0,0,0,0,,0,0,0,0,0,0,0,0,0,0,0,0,0,0,0,,0,0,0,0,0,0,0,0,0,0,0,0,0,0,0,,0,,0,,Blank,Blank,Blank,Blank,
,,Blank,Blank,,,Blank,Blank,13_Blank,,,,0,0,0,0,0,0,0,0,0,0,0,0,0,0,0,0,0,0,0,0,0,0,0,0,0,0,,0,0,0,0,0,0,0,0,0,0,0,0,0,0,0,,0,0,0,0,0,0,0,0,0,0,0,0,0,0,0,,0,,0,,Blank,Blank,Blank,Blank,
,,Blank,Blank,,,Blank,Blank,13_Blank,,,,0,0,0,0,0,0,0,0,0,0,0,0,0,0,0,0,0,0,0,0,0,0,0,0,0,0,,0,0,0,0,0,0,0,0,0,0,0,0,0,0,0,,0,0,0,0,0,0,0,0,0,0,0,0,0,0,0,,0,,0,,Blank,Blank,Blank,Blank,
,,Blank,Blank,,,Blank,Blank,13_Blank,,,,0,0,0,0,0,0,0,0,0,0,0,0,0,0,0,0,0,0,0,0,0,0,0,0,0,0,,0,0,0,0,0,0,0,0,0,0,0,0,0,0,0,,0,0,0,0,0,0,0,0,0,0,0,0,0,0,0,,0,,0,,Blank,Blank,Blank,Blank,
,,Blank,Blank,,,Blank,Blank,13_Blank,,,,0,0,0,0,0,0,0,0,0,0,0,0,0,0,0,0,0,0,0,0,0,0,0,0,0,0,,0,0,0,0,0,0,0,0,0,0,0,0,0,0,0,,0,0,0,0,0,0,0,0,0,0,0,0,0,0,0,,0,,0,,Blank,Blank,Blank,Blank,
,,Blank,Blank,,,Blank,Blank,13_Blank,,,,0,0,0,0,0,0,0,0,0,0,0,0,0,0,0,0,0,0,0,0,0,0,0,0,0,0,,0,0,0,0,0,0,0,0,0,0,0,0,0,0,0,,0,0,0,0,0,0,0,0,0,0,0,0,0,0,0,,0,,0,,Blank,Blank,Blank,Blank,
,,Blank,Blank,,,Blank,Blank,13_Blank,,,,0,0,0,0,0,0,0,0,0,0,0,0,0,0,0,0,0,0,0,0,0,0,0,0,0,0,,0,0,0,0,0,0,0,0,0,0,0,0,0,0,0,,0,0,0,0,0,0,0,0,0,0,0,0,0,0,0,,0,,0,,Blank,Blank,Blank,Blank,
,,Blank,Blank,,,Blank,Blank,13_Blank,,,,0,0,0,0,0,0,0,0,0,0,0,0,0,0,0,0,0,0,0,0,0,0,0,0,0,0,,0,0,0,0,0,0,0,0,0,0,0,0,0,0,0,,0,0,0,0,0,0,0,0,0,0,0,0,0,0,0,,0,,0,,Blank,Blank,Blank,Blank,
,,Blank,Blank,,,Blank,Blank,13_Blank,,,,0,0,0,0,0,0,0,0,0,0,0,0,0,0,0,0,0,0,0,0,0,0,0,0,0,0,,0,0,0,0,0,0,0,0,0,0,0,0,0,0,0,,0,0,0,0,0,0,0,0,0,0,0,0,0,0,0,,0,,0,,Blank,Blank,Blank,Blank,
,,Blank,Blank,,,Blank,Blank,13_Blank,,,,0,0,0,0,0,0,0,0,0,0,0,0,0,0,0,0,0,0,0,0,0,0,0,0,0,0,,0,0,0,0,0,0,0,0,0,0,0,0,0,0,0,,0,0,0,0,0,0,0,0,0,0,0,0,0,0,0,,0,,0,,Blank,Blank,Blank,Blank,
,,Blank,Blank,,,Blank,Blank,13_Blank,,,,0,0,0,0,0,0,0,0,0,0,0,0,0,0,0,0,0,0,0,0,0,0,0,0,0,0,,0,0,0,0,0,0,0,0,0,0,0,0,0,0,0,,0,0,0,0,0,0,0,0,0,0,0,0,0,0,0,,0,,0,,Blank,Blank,Blank,Blank,
,,Blank,Blank,,,Blank,Blank,13_Blank,,,,0,0,0,0,0,0,0,0,0,0,0,0,0,0,0,0,0,0,0,0,0,0,0,0,0,0,,0,0,0,0,0,0,0,0,0,0,0,0,0,0,0,,0,0,0,0,0,0,0,0,0,0,0,0,0,0,0,,0,,0,,Blank,Blank,Blank,Blank,
,,Blank,Blank,,,Blank,Blank,13_Blank,,,,0,0,0,0,0,0,0,0,0,0,0,0,0,0,0,0,0,0,0,0,0,0,0,0,0,0,,0,0,0,0,0,0,0,0,0,0,0,0,0,0,0,,0,0,0,0,0,0,0,0,0,0,0,0,0,0,0,,0,,0,,Blank,Blank,Blank,Blank,
,,Blank,Blank,,,Blank,Blank,13_Blank,,,,0,0,0,0,0,0,0,0,0,0,0,0,0,0,0,0,0,0,0,0,0,0,0,0,0,0,,0,0,0,0,0,0,0,0,0,0,0,0,0,0,0,,0,0,0,0,0,0,0,0,0,0,0,0,0,0,0,,0,,0,,Blank,Blank,Blank,Blank,
,,Blank,Blank,,,Blank,Blank,13_Blank,,,,0,0,0,0,0,0,0,0,0,0,0,0,0,0,0,0,0,0,0,0,0,0,0,0,0,0,,0,0,0,0,0,0,0,0,0,0,0,0,0,0,0,,0,0,0,0,0,0,0,0,0,0,0,0,0,0,0,,0,,0,,Blank,Blank,Blank,Blank,
,,Blank,Blank,,,Blank,Blank,13_Blank,,,,0,0,0,0,0,0,0,0,0,0,0,0,0,0,0,0,0,0,0,0,0,0,0,0,0,0,,0,0,0,0,0,0,0,0,0,0,0,0,0,0,0,,0,0,0,0,0,0,0,0,0,0,0,0,0,0,0,,0,,0,,Blank,Blank,Blank,Blank,
,,Blank,Blank,,,Blank,Blank,13_Blank,,,,0,0,0,0,0,0,0,0,0,0,0,0,0,0,0,0,0,0,0,0,0,0,0,0,0,0,,0,0,0,0,0,0,0,0,0,0,0,0,0,0,0,,0,0,0,0,0,0,0,0,0,0,0,0,0,0,0,,0,,0,,Blank,Blank,Blank,Blank,
,,Blank,Blank,,,Blank,Blank,13_Blank,,,,0,0,0,0,0,0,0,0,0,0,0,0,0,0,0,0,0,0,0,0,0,0,0,0,0,0,,0,0,0,0,0,0,0,0,0,0,0,0,0,0,0,,0,0,0,0,0,0,0,0,0,0,0,0,0,0,0,,0,,0,,Blank,Blank,Blank,Blank,
,,Blank,Blank,,,Blank,Blank,13_Blank,,,,0,0,0,0,0,0,0,0,0,0,0,0,0,0,0,0,0,0,0,0,0,0,0,0,0,0,,0,0,0,0,0,0,0,0,0,0,0,0,0,0,0,,0,0,0,0,0,0,0,0,0,0,0,0,0,0,0,,0,,0,,Blank,Blank,Blank,Blank,
,,Blank,Blank,,,Blank,Blank,13_Blank,,,,0,0,0,0,0,0,0,0,0,0,0,0,0,0,0,0,0,0,0,0,0,0,0,0,0,0,,0,0,0,0,0,0,0,0,0,0,0,0,0,0,0,,0,0,0,0,0,0,0,0,0,0,0,0,0,0,0,,0,,0,,Blank,Blank,Blank,Blank,
,,,,,,Blank,Blank,13_Blank,,,,,,,,,,,,,,,,,,,,,,,,,,,,,,,,,,,,,,,,,,,,,,,,,,,,,,,,,,,,,,,,,,,,,,,