Date,Vendor Name,Item Name,Qty,Rate,Total,Wastage,Pcs,Comment,Yield,Week,Month
06-Jun-23,BSML,FF OUT,19.8,191.0,3781.8,,21,,0.943,WEEK_23,June_2023
06-Jun-23,BSML,SKIN OUT,10.1,216.0,2181.6,,8,,1.262,WEEK_23,June_2023
06-Jun-23,BSML,TDR,9.5,216.0,2052.0,,10,,0.95,WEEK_23,June_2023
06-Jun-23,BSML,KLL,3.0,231.0,693.0,,36,,0.083,WEEK_23,June_2023
06-Jun-23,BSML,WNG,3.0,191.0,573.0,,38,,0.079,WEEK_23,June_2023
06-Jun-23,BSML,SWW,6.1,279.0,1701.8999999999999,,0,,Invalid,WEEK_23,June_2023
06-Jun-23,BSML,CBL,7.0,305.0,2135.0,,0,,Invalid,WEEK_23,June_2023
06-Jun-23,BSML,TBL,6.0,305.0,1830.0,,0,,Invalid,WEEK_23,June_2023
06-Jun-23,SK,FF OUT,14.0,186.0,2604.0,,14,,1.0,WEEK_23,June_2023
06-Jun-23,SK,TDR,10.0,215.0,2150.0,,10,,1.0,WEEK_23,June_2023
06-Jun-23,SK,KLL,4.0,215.0,860.0,,43,,0.093,WEEK_23,June_2023
06-Jun-23,SK,WNG,4.1,200.0,819.9999999999999,,51,,0.08,WEEK_23,June_2023
06-Jun-23,SK,SWW,5.0,286.0,1430.0,,0,,Invalid,WEEK_23,June_2023
06-Jun-23,SK,CBL,4.9,300.0,1470.0,,0,,Invalid,WEEK_23,June_2023
06-Jun-23,SK,TBL,4.0,329.0,1316.0,,0,,Invalid,WEEK_23,June_2023
06-Jun-23,Syed,SKIN OUT,17.7,229.0,4053.2999999999997,,14,,1.264,WEEK_23,June_2023
06-Jun-23,Syed,BRR,12.8,243.0,3110.4,,118,,0.108,WEEK_23,June_2023
06-Jun-23,Syed,WNG,13.6,186.0,2529.6,,174,,0.078,WEEK_23,June_2023
06-Jun-23,Syed,SWW,4.0,286.0,1144.0,,0,,Invalid,WEEK_23,June_2023
06-Jun-23,Syed,CBL,5.8,329.0,1908.2,,0,,Invalid,WEEK_23,June_2023
07-Jun-23,BSML,FF OUT,20.0,195.0,3900.0,,20,,1.0,WEEK_23,June_2023
07-Jun-23,BSML,SKIN OUT,10.8,221.0,2386.8,,8,,1.35,WEEK_23,June_2023
07-Jun-23,BSML,TDR,10.0,221.0,2210.0,,10,,1.0,WEEK_23,June_2023
07-Jun-23,BSML,CBL,6.0,312.0,1872.0,,0,,Invalid,WEEK_23,June_2023
07-Jun-23,BSML,TBL,5.5,312.0,1716.0,,0,,Invalid,WEEK_23,June_2023
07-Jun-23,Syed,FF OUT,10.0,203.0,2030.0,,10,,1.0,WEEK_23,June_2023
07-Jun-23,Syed,BRR,8.8,247.0,2173.6000000000004,,77,,0.114,WEEK_23,June_2023
07-Jun-23,Syed,SWW,4.1,290.0,1189.0,,0,,Invalid,WEEK_23,June_2023
07-Jun-23,Syed,CBL,5.5,334.0,1837.0,,0,,Invalid,WEEK_23,June_2023
